<?xml version="1.0" encoding="UTF-8"?>
<!DOCTYPE InventoryTree SYSTEM "inventoryTree.dtd">

<InventoryTree>
   <Name>WTTH</Name>
   <Solution>
      <Name>WTTH</Name>
      <Label>
         <Value bold="false" italic="false">HPESA</Value>
      </Label>
   </Solution>
   <Description>Arbol Tablas General</Description>
   <OperationTypeName>
      <Name>Create</Name>
   </OperationTypeName>
   <OperationTypeName>
      <Name>View</Name>
   </OperationTypeName>
   <OperationTypeName>
      <Name>Edit</Name>
   </OperationTypeName>
   <OperationTypeName>
      <Name>Delete</Name>
   </OperationTypeName>
   <BranchTypeName>
      <Name>General</Name>
   </BranchTypeName>
   <Branch>
      <Name>WTTH</Name>
      <DefName>WTTH</DefName>
      <Image>customer.gif</Image>
      <Label>
         <Value bold="false" italic="false">WTTH</Value>
      </Label>
      <Children>
         <Child>Customer</Child>
         <Child>Services</Child>
         <Child>Service_Params</Child>
         <Child>Service_Mapping</Child>
         <Child>Action_Templates</Child>
         <Child>Network_Element</Child>
         <Child>Error_Handling</Child>
         <Child>Configuration_Params</Child>
         <Child>lrt_ims_to_mov</Child>
         <Child>lrt_mov_to_ims</Child>
      </Children>
   </Branch>
   <Branch>
      <Name>Customer</Name>
      <DefName>Customer</DefName>
      <BranchType>General</BranchType>
      <Type>General</Type>
      <Image>customer.gif</Image>
      <Label>
         <Value bold="false" italic="false">constant:Customer</Value>
      </Label>
      <Children>
         <Child>GENSERV_CUSTOMER</Child>
      </Children>
      <Operation>
         <Name>Create Customer</Name>
         <Image>customer.gif</Image>
         <OperationType>Create</OperationType>
         <Action>
            <Page>CreationFormCustomerAction.do</Page>
         </Action>
      </Operation>
   </Branch>
   <Branch>
      <Name>GENSERV_CUSTOMER</Name>
      <DefName>GENSERV_CUSTOMER</DefName>
      <Image>software.gif</Image>
      <Class-Name>com.hpe.ov.activator.inventory.Customer</Class-Name>
      <Find-By>
         <Method>findAll</Method>
      </Find-By>
      <Label>
         <Value bold="false" italic="false">$GENSERV_CUSTOMER.CUSTOMER_ID$ - $GENSERV_CUSTOMER.CUSTOMER$</Value>
      </Label>
      <Operation default="true">
         <Name>View</Name>
         <Image>customer.gif</Image>
         <Object>GENSERV_CUSTOMER</Object>
         <OperationType>View</OperationType>
         <Action>
            <Page>ViewFormCustomerAction.do</Page>
            <Param>
               <Name>CUSTOMER</Name>
               <Value>GENSERV_CUSTOMER.CUSTOMER_ID</Value>
            </Param>
         </Action>
      </Operation>
      <Operation>
         <Name>Edit</Name>
         <Image>edit.gif</Image>
         <Object>CUSTOMER</Object>
         <OperationType>Edit</OperationType>
         <Action>
            <Page>UpdateFormCustomerAction.do</Page>
            <Param>
               <Name>CUSTOMER</Name>
               <Value>GENSERV_CUSTOMER.CUSTOMER_ID</Value>
            </Param>
         </Action>
      </Operation>
      <Operation>
         <Name>Delete</Name>
         <Image>delete.gif</Image>
         <Object>CUSTOMER</Object>
         <OperationType>Delete</OperationType>
         <Action>
            <Page>DeleteFormCustomerAction.do</Page>
            <Param>
               <Name>COSTUMER</Name>
               <Value>GENSERV_COSTUMER.COSTUMER_ID</Value>
            </Param>
         </Action>
      </Operation>
      <Operation>
         <Name>Create</Name>
         <Image>services.gif</Image>
         <OperationType>Create</OperationType>
         <Action>
            <Page>CreationFormCustomerAction.do</Page>
         </Action>
      </Operation>
   </Branch>
   <Branch>
      <Name>Services</Name>
      <DefName>Services</DefName>
      <BranchType>General</BranchType>
      <Type>General</Type>
      <Image>services.gif</Image>
      <Label>
         <Value bold="false" italic="false">constant:Services</Value>
      </Label>
      <Children>
         <Child>GENSERV_SERVICES</Child>
      </Children>
      <Operation>
         <Name>Create Services</Name>
         <Image>package.gif</Image>
         <OperationType>Create</OperationType>
         <Action>
            <Page>CreationFormServicesAction.do</Page>
         </Action>
      </Operation>
   </Branch>
   <Branch>
      <Name>GENSERV_SERVICES</Name>
      <DefName>GENSERV_SERVICES</DefName>
      <Image>software.gif</Image>
      <Class-Name>com.hpe.ov.activator.inventory.Services</Class-Name>
      <Find-By>
         <Method>findAll</Method>
      </Find-By>
      <Label>
         <Value bold="false" italic="false">$GENSERV_SERVICES.SERVICE_ID$</Value>
      </Label>
      <Operation default="true">
         <Name>View</Name>
         <Image>services.gif</Image>
         <Object>SERVICES</Object>
         <OperationType>View</OperationType>
         <Action>
            <Page>ViewFormServicesAction.do</Page>
            <Param>
               <Name>SERVICE_ID</Name>
               <Value>GENSERV_SERVICES.SERVICE_ID</Value>
            </Param>
         </Action>
      </Operation>
      <Operation>
         <Name>Edit</Name>
         <Image>edit.gif</Image>
         <Object>SERVICES</Object>
         <OperationType>Edit</OperationType>
         <Action>
            <Page>UpdateFormServicesAction.do</Page>
            <Param>
               <Name>SERVICE_ID</Name>
               <Value>GENSERV_SERVICES.SERVICE_ID</Value>
            </Param>
         </Action>
      </Operation>
      <Operation>
         <Name>Delete</Name>
         <Image>delete.gif</Image>
         <Object>SERVICES</Object>
         <OperationType>Delete</OperationType>
         <Action>
            <Page>DeleteFormServicesAction.do</Page>
            <Param>
               <Name>SERVICE_ID</Name>
               <Value>GENSERV_SERVICES.SERVICE_ID</Value>
            </Param>
         </Action>
      </Operation>
      <Operation>
         <Name>Create Service</Name>
         <Image>services.gif</Image>
         <OperationType>Create</OperationType>
         <Action>
            <Page>CreationFormServicesAction.do</Page>
         </Action>
      </Operation>
   </Branch>
   <Branch>
      <Name>Service_Params</Name>
      <DefName>Service_Params</DefName>
      <BranchType>General</BranchType>
      <Type>General</Type>
      <Image>services.gif</Image>
      <Label>
         <Value bold="false" italic="false">constant:Service_Params</Value>
      </Label>
      <Children>
         <Child>GENSERV_SERVICE_PARAMS</Child>
      </Children>
      <Operation>
         <Name>Create</Name>
         <Image>services.gif</Image>
         <OperationType>Create</OperationType>
         <Action>
            <Page>CreationFormServiceParamsAction.do</Page>
         </Action>
      </Operation>
   </Branch>
   <Branch>
      <Name>GENSERV_SERVICE_PARAMS</Name>
      <DefName>GENSERV_SERVICE_PARAMS</DefName>
      <Image>software.gif</Image>
      <Class-Name>com.hpe.ov.activator.inventory.ServiceParams</Class-Name>
      <Find-By>
         <Method>findAll</Method>
      </Find-By>
      <Label>
         <Value bold="false" italic="false">$GENSERV_SERVICE_PARAMS.PARAM_NAME$</Value>
      </Label>
      <Operation default="true">
         <Name>View</Name>
         <Image>services.gif</Image>
         <Object>GENSERV_SERVICE_PARAMS</Object>
         <OperationType>View</OperationType>
         <Action>
            <Page>ViewFormServiceParamsAction.do</Page>
            <Param>
               <Name>PARAM_NAME</Name>
               <Value>GENSERV_SERVICE_PARAMS.PARAM_NAME</Value>
            </Param>
         </Action>
      </Operation>
      <Operation>
         <Name>Edit</Name>
         <Image>edit.gif</Image>
         <Object>GENSERV_SERVICE_PARAMS</Object>
         <OperationType>Edit</OperationType>
         <Action>
            <Page>UpdateFormServiceParamsAction.do</Page>
            <Param>
               <Name>PARAM_NAME</Name>
               <Value>GENSERV_SERVICE_PARAMS.PARAM_NAME</Value>
            </Param>
         </Action>
      </Operation>
      <Operation>
         <Name>Delete</Name>
         <Image>delete.gif</Image>
         <Object>GENSERV_SERVICE_PARAMS</Object>
         <OperationType>Delete</OperationType>
         <Action>
            <Page>DeleteFormServiceParamsAction.do</Page>
            <Param>
               <Name>PARAM_NAME</Name>
               <Value>GENSERV_SERVICE_PARAMS.PARAM_NAME</Value>
            </Param>
         </Action>
      </Operation>
      <Operation>
         <Name>Create</Name>
         <Image>services.gif</Image>
         <OperationType>Create</OperationType>
         <Action>
            <Page>CreationFormServiceParamsAction.do</Page>
         </Action>
      </Operation>
   </Branch>
   <Branch>
      <Name>Service_Mapping</Name>
      <DefName>Service_Mapping</DefName>
      <BranchType>General</BranchType>
      <Type>General</Type>
      <Image>services.gif</Image>
      <Label>
         <Value bold="false" italic="false">constant:Service_Mapping</Value>
      </Label>
      <Children>
         <Child>GENSERV_SERVICE_MAPPING</Child>
      </Children>
      <Operation>
         <Name>Create</Name>
         <Image>services.gif</Image>
         <OperationType>Create</OperationType>
         <Action>
            <Page>CreationFormServiceMappingAction.do</Page>
         </Action>
      </Operation>
   </Branch>
   <Branch>
      <Name>GENSERV_SERVICE_MAPPING</Name>
      <DefName>GENSERV_SERVICE_MAPPING</DefName>
      <Image>software.gif</Image>
      <Class-Name>com.hpe.ov.activator.inventory.ServiceMapping</Class-Name>
      <Find-By>
         <Method>findAll</Method>
      </Find-By>
      <Label>
         <Value bold="false" italic="false">$GENSERV_SERVICE_MAPPING.SERVICE$ - $GENSERV_SERVICE_MAPPING.ACTION_NAME$</Value>
      </Label>
      <Operation default="true">
         <Name>View</Name>
         <Image>services.gif</Image>
         <Object>GENSERV_SERVICE_MAPPING</Object>
         <OperationType>View</OperationType>
         <Action>
            <Page>ViewFormServiceMappingAction.do</Page>
            <Param>
               <Name>SERVICE</Name>
               <Value>GENSERV_SERVICE_MAPPING.SERVICE</Value>
            </Param>
            <Param>
               <Name>ACTION_NAME</Name>
               <Value>GENSERV_SERVICE_MAPPING.ACTION_NAME</Value>
            </Param>
         </Action>
      </Operation>
      <Operation>
         <Name>Edit</Name>
         <Image>edit.gif</Image>
         <Object>GENSERV_SERVICE_MAPPING</Object>
         <OperationType>Edit</OperationType>
         <Action>
            <Page>UpdateFormServiceMappingAction.do</Page>
            <Param>
               <Name>SERVICE</Name>
               <Value>GENSERV_SERVICE_MAPPING.SERVICE</Value>
            </Param>
            <Param>
               <Name>ACTION_NAME</Name>
               <Value>GENSERV_SERVICE_MAPPING.ACTION_NAME</Value>
            </Param>
         </Action>
      </Operation>
      <Operation>
         <Name>Delete</Name>
         <Image>delete.gif</Image>
         <Object>GENSERV_SERVICE_MAPPING</Object>
         <OperationType>Delete</OperationType>
         <Action>
            <Page>DeleteFormServiceMappingAction.do</Page>
            <Param>
               <Name>SERVICE</Name>
               <Value>GENSERV_SERVICE_MAPPING.SERVICE</Value>
            </Param>
            <Param>
               <Name>ACTION_NAME</Name>
               <Value>GENSERV_SERVICE_MAPPING.ACTION_NAME</Value>
            </Param>
         </Action>
      </Operation>
      <Operation>
         <Name>Create</Name>
         <Image>services.gif</Image>
         <OperationType>Create</OperationType>
         <Action>
            <Page>CreationFormServiceMappingAction.do</Page>
         </Action>
      </Operation>
   </Branch>
   <Branch>
      <Name>Action_Templates</Name>
      <DefName>Action_Templates</DefName>
      <BranchType>General</BranchType>
      <Type>General</Type>
      <Image>services.gif</Image>
      <Label>
         <Value bold="false" italic="false">constant:Action_Templates</Value>
      </Label>
      <Children>
         <Child>GENSERV_ACTION_TEMPLATES</Child>
      </Children>
      <Operation>
         <Name>Create</Name>
         <Image>services.gif</Image>
         <OperationType>Create</OperationType>
         <Action>
            <Page>CreationFormActionTemplatesAction.do</Page>
         </Action>
      </Operation>
   </Branch>
   <Branch>
      <Name>GENSERV_ACTION_TEMPLATES</Name>
      <DefName>GENSERV_ACTION_TEMPLATES</DefName>
      <Image>software.gif</Image>
      <Class-Name>com.hpe.ov.activator.inventory.ActionTemplates</Class-Name>
      <Find-By>
         <Method>findAll</Method>
      </Find-By>
      <Label>
         <Value bold="false" italic="false">$GENSERV_ACTION_TEMPLATES.SERVICE$ - $GENSERV_ACTION_TEMPLATES.ACTION_NAME$</Value>
      </Label>
      <Operation default="true">
         <Name>View</Name>
         <Image>services.gif</Image>
         <Object>GENSERV_ACTION_TEMPLATES</Object>
         <OperationType>View</OperationType>
         <Action>
            <Page>ViewFormActionTemplatesAction.do</Page>
            <Param>
               <Name>SERVICE</Name>
               <Value>GENSERV_ACTION_TEMPLATES.SERVICE</Value>
            </Param>
            <Param>
               <Name>ACTION_NAME</Name>
               <Value>GENSERV_ACTION_TEMPLATES.ACTION_NAME</Value>
            </Param>
         </Action>
      </Operation>
      <Operation>
         <Name>Edit</Name>
         <Image>edit.gif</Image>
         <Object>GENSERV_ACTION_TEMPLATES</Object>
         <OperationType>Edit</OperationType>
         <Action>
            <Page>UpdateFormActionTemplatesAction.do</Page>
            <Param>
               <Name>SERVICE</Name>
               <Value>GENSERV_ACTION_TEMPLATES.SERVICE</Value>
            </Param>
            <Param>
               <Name>ACTION_NAME</Name>
               <Value>GENSERV_ACTION_TEMPLATES.ACTION_NAME</Value>
            </Param>
         </Action>
      </Operation>
      <Operation>
         <Name>Delete</Name>
         <Image>delete.gif</Image>
         <Object>GENSERV_ACTION_TEMPLATES</Object>
         <OperationType>Delete</OperationType>
         <Action>
            <Page>DeleteFormActionTemplatesction.do</Page>
            <Param>
               <Name>SERVICE</Name>
               <Value>GENSERV_ACTION_TEMPLATES</Value>
            </Param>
            <Param>
               <Name>ACTION_NAME</Name>
               <Value>GENSERV_ACTION_TEMPLATES</Value>
            </Param>
         </Action>
      </Operation>
      <Operation>
         <Name>Create</Name>
         <Image>services.gif</Image>
         <OperationType>Create</OperationType>
         <Action>
            <Page>CreationFormActionTemplatesAction.do</Page>
         </Action>
      </Operation>
   </Branch>
   <Branch>
      <Name>Network_Element</Name>
      <DefName>Network_Element</DefName>
      <BranchType>General</BranchType>
      <Type>General</Type>
      <Image>services.gif</Image>
      <Label>
         <Value bold="false" italic="false">constant:Network_Element</Value>
      </Label>
      <Children>
         <Child>GENSERV_NETWORK_ELEMENT</Child>
      </Children>
      <Operation>
         <Name>Create</Name>
         <Image>services.gif</Image>
         <OperationType>Create</OperationType>
         <Action>
            <Page>CreationFormNetworkElementAction.do</Page>
         </Action>
      </Operation>
   </Branch>
   <Branch>
      <Name>GENSERV_NETWORK_ELEMENT</Name>
      <DefName>GENSERV_NETWORK_ELEMENT</DefName>
      <Image>software.gif</Image>
      <Class-Name>com.hpe.ov.activator.inventory.NetworkElement</Class-Name>
      <Find-By>
         <Method>findAll</Method>
      </Find-By>
      <Label>
         <Value bold="false" italic="false">$GENSERV_NETWORK_ELEMENT.URL$</Value>
      </Label>
      <Operation default="true">
         <Name>View</Name>
         <Image>services.gif</Image>
         <Object>GENSERV_NETWORK_ELEMENT</Object>
         <OperationType>View</OperationType>
         <Action>
            <Page>ViewFormNetworkElementAction.do</Page>
            <Param>
               <Name>URL</Name>
               <Value>GENSERV_NETWROK_ELEMENT.URL</Value>
            </Param>
         </Action>
      </Operation>
      <Operation>
         <Name>Edit</Name>
         <Image>edit.gif</Image>
         <Object>GENSERV_NETWORK_ELEMENT</Object>
         <OperationType>Edit</OperationType>
         <Action>
            <Page>UpdateFormNetworkElementAction.do</Page>
            <Param>
               <Name>URL</Name>
               <Value>GENSERV_NETWORK_ELEMENT.URL</Value>
            </Param>
         </Action>
      </Operation>
      <Operation>
         <Name>Delete</Name>
         <Image>delete.gif</Image>
         <Object>GENSERV_NETWORK_ELEMENT</Object>
         <OperationType>Delete</OperationType>
         <Action>
            <Page>DeleteFormNetworkElementAction.do</Page>
            <Param>
               <Name>URL</Name>
               <Value>GENSERV_NETWORK_ELEMENT.URL</Value>
            </Param>
         </Action>
      </Operation>
      <Operation>
         <Name>Create</Name>
         <Image>services.gif</Image>
         <OperationType>Create</OperationType>
         <Action>
            <Page>CreationFormNetworkElementAction.do</Page>
         </Action>
      </Operation>
   </Branch>
   <Branch>
      <Name>Error_Handling</Name>
      <DefName>Error_Handling</DefName>
      <BranchType>General</BranchType>
      <Type>General</Type>
      <Image>services.gif</Image>
      <Label>
         <Value bold="false" italic="false">constant:Error_Handling</Value>
      </Label>
      <Children>
         <Child>GENSERV_ERROR_HANDLING</Child>
      </Children>
      <Operation>
         <Name>Create</Name>
         <Image>services.gif</Image>
         <OperationType>Create</OperationType>
         <Action>
            <Page>CreationFormErrorHandlingAction.do</Page>
         </Action>
      </Operation>
   </Branch>
   <Branch>
      <Name>GENSERV_ERROR_HANDLING</Name>
      <DefName>GENSERV_ERROR_HANDLING</DefName>
      <Image>software.gif</Image>
      <Class-Name>com.hpe.ov.activator.inventory.ErrorHandling</Class-Name>
      <Find-By>
         <Method>findAll</Method>
      </Find-By>
      <Label>
         <Value bold="false" italic="false">$GENSERV_ERROR_HANDLING.ERROR_CODE$</Value>
      </Label>
      <Operation default="true">
         <Name>View</Name>
         <Image>services.gif</Image>
         <Object>GENSERV_ERROR_HANDLING</Object>
         <OperationType>View</OperationType>
         <Action>
            <Page>ViewFormErrorHandlingAction.do</Page>
            <Param>
               <Name>ERROR_CODE</Name>
               <Value>GENSERV_ERROR_HANDLING.ERROR_CODE</Value>
            </Param>
         </Action>
      </Operation>
      <Operation>
         <Name>Edit</Name>
         <Image>edit.gif</Image>
         <Object>GENSERV_ERROR_HANDLING</Object>
         <OperationType>Edit</OperationType>
         <Action>
            <Page>UpdateFormErrorHandlingAction.do</Page>
            <Param>
               <Name>ERROR_CODE</Name>
               <Value>GENSERV_ERROR_HANDLING.ERROR_CODE</Value>
            </Param>
         </Action>
      </Operation>
      <Operation>
         <Name>Delete</Name>
         <Image>delete.gif</Image>
         <Object>GENSERV__ERROR_HANDLING</Object>
         <OperationType>Delete</OperationType>
         <Action>
            <Page>DeleteFormErrorHandlingAction.do</Page>
            <Param>
               <Name>ERROR_CODE</Name>
               <Value>GENSERV_ERROR_HANDLING.ERROR.CODE</Value>
            </Param>
         </Action>
      </Operation>
      <Operation>
         <Name>Create</Name>
         <Image>services.gif</Image>
         <OperationType>Create</OperationType>
         <Action>
            <Page>CreationFormErrorHandlingAction.do</Page>
         </Action>
      </Operation>
   </Branch>
   <Branch>
      <Name>Configuration_Params</Name>
      <DefName>Configuration_Params</DefName>
      <BranchType>General</BranchType>
      <Type>General</Type>
      <Image>services.gif</Image>
      <Label>
         <Value bold="false" italic="false">constant:Configuration_Params</Value>
      </Label>
      <Children>
         <Child>GENSERV_CONFIGURATION_PARAMS</Child>
      </Children>
      <Operation>
         <Name>Create</Name>
         <Image>services.gif</Image>
         <OperationType>Create</OperationType>
         <Action>
            <Page>CreationFormConfigurationParamsAction.do</Page>
         </Action>
      </Operation>
   </Branch>
   <Branch>
      <Name>GENSERV_CONFIGURATION_PARAMS</Name>
      <DefName>GENSERV_CONFIGURATION_PARAMS</DefName>
      <Image>software.gif</Image>
      <Class-Name>com.hpe.ov.activator.inventory.ConfigurationParams</Class-Name>
      <Find-By>
         <Method>findAll</Method>
      </Find-By>
      <Label>
         <Value bold="false" italic="false">$GENSERV_CONFIGURATION_PARAMS.PARAM_NAME$</Value>
      </Label>
      <Operation default="true">
         <Name>View</Name>
         <Image>services.gif</Image>
         <Object>GENSERV_CONFIGURATION_PARAMS</Object>
         <OperationType>View</OperationType>
         <Action>
            <Page>ViewFormConfigurationParamsAction.do</Page>
            <Param>
               <Name>PARAM_NAME</Name>
               <Value>GENSERV_CONFIGURATION_PARAMS.PARAM_NAME</Value>
            </Param>
         </Action>
      </Operation>
      <Operation>
         <Name>Edit</Name>
         <Image>edit.gif</Image>
         <Object>GENSERV_CONFIGURATION_PARAMS</Object>
         <OperationType>Edit</OperationType>
         <Action>
            <Page>UpdateFormConfigurationParamsAction.do</Page>
            <Param>
               <Name>PARAM_NAME</Name>
               <Value>GENSERV_CONFIGURATION_PARAMS.PARAM_NAME</Value>
            </Param>
         </Action>
      </Operation>
      <Operation>
         <Name>Delete</Name>
         <Image>delete.gif</Image>
         <Object>GENSERV_CONFIGURATION_PARAMS</Object>
         <OperationType>Delete</OperationType>
         <Action>
            <Page>DeleteFormConfigurationParamsAction.do</Page>
            <Param>
               <Name>PARAM_NAME</Name>
               <Value>GENSERV_CONFIGURATION_PARAMS.PARAM_NAME</Value>
            </Param>
         </Action>
      </Operation>
      <Operation>
         <Name>Create</Name>
         <Image>services.gif</Image>
         <OperationType>Create</OperationType>
         <Action>
            <Page>CreationFormConfigurationParamsAction.do</Page>
         </Action>
      </Operation>
   </Branch>
   <Branch>
      <Name>lrt_ims_to_mov</Name>
      <DefName>lrt_ims_to_mov</DefName>
      <BranchType>General</BranchType>
      <Type>General</Type>
      <Image>services.gif</Image>
      <Label>
         <Value bold="false" italic="false">constant:lrt_ims_to_mov</Value>
      </Label>
      <Children>
         <Child>WTTH_LRT_IMS_TO_MOV</Child>
      </Children>
      <Operation>
         <Name>Create</Name>
         <Image>services.gif</Image>
         <OperationType>Create</OperationType>
         <Action>
            <Page>CreationFormIMStoMovAction.do</Page>
         </Action>
      </Operation>
   </Branch>
   <Branch>
      <Name>WTTH_LRT_IMS_TO_MOV</Name>
      <DefName>WTTH_LRT_IMS_TO_MOV</DefName>
      <Image>software.gif</Image>
      <Class-Name>com.hpe.ov.activator.inventory.IMStoMov</Class-Name>
      <Find-By>
         <Method>findAll</Method>
      </Find-By>
      <Label>
         <Value bold="false" italic="false">$WTTH_LRT_IMS_TO_MOV.FIXED_NUMBER$ - $WTTH_LRT_IMS_TO_MOV.REQUEST_DATE$ - $WTTH_LRT_IMS_TO_MOV.MOBILE_NUMBER$</Value>
      </Label>
      <Operation default="true">
         <Name>View</Name>
         <Image>services.gif</Image>
         <Object>WTTH_LRT_IMS_TO_MOV</Object>
         <OperationType>View</OperationType>
         <Action>
            <Page>ViewFormIMStoMovAction.do</Page>
            <Param>
               <Name>FIXED_NUMBER</Name>
               <Value>WTTH_LRT_IMS_TO_MOV.FIXED_NUMBER</Value>
            </Param>
            <Param>
               <Name>REQUEST_DATE</Name>
               <Value>WTTH_LRT_IMS_TO_MOV.REQUEST_DATE</Value>
            </Param>
            <Param>
               <Name>MOBILE_NUMBER</Name>
               <Value>WTTH_LRT_IMS_TO_MOV</Value>
            </Param>
         </Action>
      </Operation>
      <Operation>
         <Name>Edit</Name>
         <Image>edit.gif</Image>
         <Object>WTTH_LRT_IMS_TO_MOV</Object>
         <OperationType>Edit</OperationType>
         <Action>
            <Page>UpdateFormIMStoMovAction.do</Page>
            <Param>
               <Name>FIXED_NUMBER</Name>
               <Value>WTTH_LRT_IMS_TO_MOV.FIXED_NUMBER</Value>
            </Param>
            <Param>
               <Name>REQUEST_DATE</Name>
               <Value>WTTH_LRT_IMS_TO_MOV.REQUEST_DATE</Value>
            </Param>
            <Param>
               <Name>MOBILE_NUMBER</Name>
               <Value>WTTH_LRT_IMS_TO_MOV.MOBILE_NUMBER</Value>
            </Param>
         </Action>
      </Operation>
      <Operation>
         <Name>Delete</Name>
         <Image>delete.gif</Image>
         <Object>WTTH_LRT_IMS_TO_MOV</Object>
         <OperationType>Delete</OperationType>
         <Action>
            <Page>DeleteFormIMStoMovAction.do</Page>
            <Param>
               <Name>FIXED_NUMBER</Name>
               <Value>WTTH_LRT_IMS_TO_MOV.FIXED_NUMBER</Value>
            </Param>
            <Param>
               <Name>REQUEST_DATE</Name>
               <Value>WTTH_LRT_IMS_TO_MOV.REQUEST_DATE</Value>
            </Param>
            <Param>
               <Name>MOBILE_NUMBER</Name>
               <Value>WTTH_LRT_IMS_TO_MOV.MOBILE_NUMBER</Value>
            </Param>
         </Action>
      </Operation>
      <Operation>
         <Name>Create</Name>
         <Image>services.gif</Image>
         <OperationType>Create</OperationType>
         <Action>
            <Page>CreationFormIMStoMovAction.do</Page>
         </Action>
      </Operation>
   </Branch>
   <Branch>
      <Name>lrt_mov_to_ims</Name>
      <DefName>lrt_mov_to_ims</DefName>
      <BranchType>General</BranchType>
      <Type>General</Type>
      <Image>services.gif</Image>
      <Label>
         <Value bold="false" italic="false">constant:lrt_mov_to_ims</Value>
      </Label>
      <Children>
         <Child>WTTH_LRT_MOV_TO_IMS</Child>
      </Children>
      <Operation>
         <Name>Create</Name>
         <Image>services.gif</Image>
         <OperationType>Create</OperationType>
         <Action>
            <Page>CreationFormMovtoIMSAction.do</Page>
         </Action>
      </Operation>
   </Branch>
   <Branch>
      <Name>WTTH_LRT_MOV_TO_IMS</Name>
      <DefName>WTTH_LRT_MOV_TO_IMS</DefName>
      <Image>software.gif</Image>
      <Class-Name>com.hpe.ov.activator.inventory.MovtoIMS</Class-Name>
      <Find-By>
         <Method>findAll</Method>
      </Find-By>
      <Label>
         <Value bold="false" italic="false">$WTTH_LRT_MOV_TO_IMS.MOBILE_NUMBER$-$WTTH_LRT_MOV_TO_IMS.REQUEST_DATE$-$WTTH_LRT_MOV_TO_IMS.FIXED_NUMBER$</Value>
      </Label>
      <Operation default="true">
         <Name>View</Name>
         <Image>services.gif</Image>
         <Object>WTTH_LRT_MOV_TO_IMS</Object>
         <OperationType>View</OperationType>
         <Action>
            <Page>ViewFormMovtoIMSAction.do</Page>
            <Param>
               <Name>MOBILE_NUMBER</Name>
               <Value>WTTH_LRT_MOV_TO_IMS.MOBILE_NUMBER</Value>
            </Param>
            <Param>
               <Name>REQUEST_DATE</Name>
               <Value>WTTH_LRT_MOV_TO_IMS.REQUEST_DATE</Value>
            </Param>
            <Param>
               <Name>FIXED_NUMBER</Name>
               <Value>WTTH_LRT_MOV_TO_IMS.FIXED_NUMBER</Value>
            </Param>
         </Action>
      </Operation>
      <Operation>
         <Name>Delete</Name>
         <Image>delete.gif</Image>
         <Object>WTTH_LRT_MOV_TO_IMS</Object>
         <OperationType>Delete</OperationType>
         <Action>
            <Page>DeleteFormMovtoIMSAction.do</Page>
            <Param>
               <Name>MOBILE_NUMBER</Name>
               <Value>WTTH_LRT_MOV_TO_IMS.MOBILE_NUMBER</Value>
            </Param>
            <Param>
               <Name>REQUEST_DATE</Name>
               <Value>WTTH_LRT_MOV_TO_IMS.REQUEST_DATE</Value>
            </Param>
            <Param>
               <Name>FIXED_NUMBER</Name>
               <Value>WTTH_LRT_MOV_TO_IMS.FIXED_NUMBER</Value>
            </Param>
         </Action>
      </Operation>
      <Operation>
         <Name>Create</Name>
         <Image>services.gif</Image>
         <OperationType>Create</OperationType>
         <Action>
            <Page>CreationFormMovtoIMSAction.do</Page>
         </Action>
      </Operation>
      <Operation>
         <Name>Edit</Name>
         <Image>edit.gif</Image>
         <Object>WTTH_LRT_MOV_TO_IMS</Object>
         <OperationType>Edit</OperationType>
         <Action>
            <Page>UpdateFormMovtoIMSAction.do</Page>
            <Param>
               <Name>MOBILE_NUMBER</Name>
               <Value>WTTH_LRT_MOV_TO_IMS.MOBLE_NUMBER</Value>
            </Param>
            <Param>
               <Name>REQUEST_DATE</Name>
               <Value>WTTH_LRT_MOV_TO_IMS.REQUEST_DATE</Value>
            </Param>
            <Param>
               <Name>FIXED_NUMBER</Name>
               <Value>WTTH_LRT_MOV_TO_IMS.FIXED_NUMBER</Value>
            </Param>
         </Action>
      </Operation>
   </Branch>
</InventoryTree>