<?xml version="1.0" encoding="UTF-8"?>
<!DOCTYPE Workflow SYSTEM "workflow.dtd">

<Workflow Init-On-Startup="false" Unique="false" auditEnabled="false" auditStateChangeEvent="false" autoAuditEnabled="true" disablePersistence="true" statEnabled="false">
   <Name>LOCK_FILE_TABLE</Name>
   <Solution>WTTH</Solution>
   <Start-Node>Logstart</Start-Node>
   <Nodes>
      <Process-Node>
         <Name>Logstart</Name>
         <Action>
            <Class-Name>com.hp.ov.activator.mwfm.component.builtin.Log</Class-Name>
            <Param name="component_name" value="variable:WORKFLOW_NAME"/>
            <Param name="log_level" value="INFORMATIVE"/>
            <Param name="log_manager" value="WTTH_log_manager"/>
            <Param name="log_message" value="#################Start %s Action %s fixed_number %s parent_JOB_ID %s#######################"/>
            <Param name="param0" value="WORKFLOW_NAME"/>
            <Param name="param1" value="action_name"/>
            <Param name="param2" value="fixed_telephone_number_new"/>
            <Param name="param3" value="services_JOB_ID"/>
         </Action>
         <Next-Node>start count</Next-Node>
      </Process-Node>
      <Process-Node disablePersistence="true">
         <Name>start count</Name>
         <Action>
            <Class-Name>com.hp.ov.activator.mwfm.component.builtin.VariableMapper</Class-Name>
            <Param name="count_retries" value="1"/>
            <Param name="number_retries" value="10"/>
            <Param name="table_name" value="1"/>
         </Action>
         <Next-Node>CreateInventory</Next-Node>
      </Process-Node>
      <Process-Node>
         <Name>CreateInventory</Name>
         <Action>
            <Class-Name>com.hp.ov.activator.mwfm.component.builtin.CreateInventory</Class-Name>
            <Param name="bean" value="constant:com.hpe.ov.activator.inventory.LockFileTable"/>
            <Param name="bean_variable" value="lock_file_table_obj"/>
            <Param name="strict_create" value="constant:true"/>
            <Param name="throw_excep" value="constant:false"/>
            <Param name="key_field0" value="constant:lockTableName"/>
            <Param name="key_value0" value="table_name"/>
            <Param name="key_field1" value="constant:jobId"/>
            <Param name="key_value1" value="table_name"/>
         </Action>
         <Next-Node>WasPreviousNodeOK</Next-Node>
      </Process-Node>
      <Rule-Node disablePersistence="true">
         <Name>WasPreviousNodeOK</Name>
         <Action>
            <Class-Name>com.hp.ov.activator.mwfm.component.builtin.WasPreviousNodeOK</Class-Name>
         </Action>
         <True-Next-Node>setError0</True-Next-Node>
         <False-Next-Node>Sleep</False-Next-Node>
      </Rule-Node>
      <Process-Node disablePersistence="true">
         <Name>setError0</Name>
         <Action>
            <Class-Name>com.hp.ov.activator.mwfm.component.builtin.VariableMapper</Class-Name>
            <Param name="wtth_result_code" value="0"/>
         </Action>
         <Next-Node>LogEnd</Next-Node>
      </Process-Node>
      <Process-Node>
         <Name>LogEnd</Name>
         <Action>
            <Class-Name>com.hp.ov.activator.mwfm.component.builtin.Log</Class-Name>
            <Param name="component_name" value="variable:WORKFLOW_NAME"/>
            <Param name="log_level" value="INFORMATIVE"/>
            <Param name="log_manager" value="WTTH_log_manager"/>
            <Param name="log_message" value="fixed_telephone_number_new %s services_job_id %s wtth_error_code %s wtth_error_desc %s"/>
            <Param name="param0" value="fixed_telephone_number_new"/>
            <Param name="param1" value="services_JOB_ID"/>
            <Param name="param2" value="wtth_error_code"/>
            <Param name="param3" value="wtth_error_desc"/>
         </Action>
      </Process-Node>
      <Process-Node disablePersistence="true">
         <Name>Sleep</Name>
         <Action>
            <Class-Name>com.hp.ov.activator.mwfm.component.builtin.Sleep</Class-Name>
            <Param name="time" value="constant:500"/>
         </Action>
         <Next-Node>LessThanOrEqual</Next-Node>
      </Process-Node>
      <Rule-Node disablePersistence="true">
         <Name>LessThanOrEqual</Name>
         <Action>
            <Class-Name>com.hp.ov.activator.mwfm.component.builtin.LessThanOrEqual</Class-Name>
            <Param name="op1" value="count_retries"/>
            <Param name="op2" value="number_retries"/>
         </Action>
         <True-Next-Node>Log11</True-Next-Node>
         <False-Next-Node>mapError</False-Next-Node>
      </Rule-Node>
      <Process-Node>
         <Name>Log11</Name>
         <Action>
            <Class-Name>com.hp.ov.activator.mwfm.component.builtin.Log</Class-Name>
            <Param name="component_name" value="variable:WORKFLOW_NAME"/>
            <Param name="log_level" value="INFORMATIVE"/>
            <Param name="log_manager" value="WTTH_log_manager"/>
            <Param name="log_message" value="fixed_telephone_number_new %s services_job_id %s retry %s"/>
            <Param name="param0" value="fixed_telephone_number_new"/>
            <Param name="param1" value="services_JOB_ID"/>
            <Param name="param2" value="count_retries"/>
         </Action>
         <Next-Node>Add</Next-Node>
      </Process-Node>
      <Process-Node disablePersistence="true">
         <Name>Add</Name>
         <Action>
            <Class-Name>com.hp.ov.activator.mwfm.component.builtin.Add</Class-Name>
            <Param name="op0" value="count_retries"/>
         </Action>
         <Next-Node>CreateInventory</Next-Node>
      </Process-Node>
      <Process-Node disablePersistence="true">
         <Name>mapError</Name>
         <Action>
            <Class-Name>com.hp.ov.activator.mwfm.component.builtin.VariableMapper</Class-Name>
            <Param name="wtth_result_code" value="404"/>
            <Param name="wtth_result_desc" value="number of retries an limit"/>
         </Action>
         <Next-Node>LogError</Next-Node>
      </Process-Node>
      <Process-Node>
         <Name>LogError</Name>
         <Action>
            <Class-Name>com.hp.ov.activator.mwfm.component.builtin.Log</Class-Name>
            <Param name="component_name" value="variable:WORKFLOW_NAME"/>
            <Param name="log_level" value="INFORMATIVE"/>
            <Param name="log_manager" value="WTTH_log_manager"/>
            <Param name="log_message" value="fixed_telephone_number_new %s services_job_id %s wtth_error_code %s wtth_error_desc %s"/>
            <Param name="param0" value="fixed_telephone_number_new"/>
            <Param name="param1" value="services_JOB_ID"/>
            <Param name="param2" value="wtth_error_code"/>
            <Param name="param3" value="wtth_error_desc"/>
         </Action>
      </Process-Node>
   </Nodes>
   <Error-Handler>
      <Name>PutMessageHandler</Name>
      <Class-Name>com.hp.ov.activator.mwfm.component.builtin.PutMessageHandler</Class-Name>
      <Param name="message" value="RET_TEXT %s"/>
      <Param name="queue" value="Errors"/>
      <Param name="param0" value="RET_TEXT"/>
   </Error-Handler>
   <Error-Handler>
      <Name>SyncHandler</Name>
      <Class-Name>com.hp.ov.activator.mwfm.component.builtin.SyncHandler</Class-Name>
      <Param name="job_id" value="services_JOB_ID"/>
      <Param name="queue" value="constant:sync"/>
      <Param name="destination0" value="wtth_result_code"/>
      <Param name="variable0" value="wtth_result_code"/>
      <Param name="variable1" value="wtth_result_desc"/>
   </Error-Handler>
   <End-Handler>
      <Name>SyncHandler1</Name>
      <Class-Name>com.hp.ov.activator.mwfm.component.builtin.SyncHandler</Class-Name>
      <Param name="job_id" value="services_JOB_ID"/>
      <Param name="queue" value="constant:sync"/>
      <Param name="destination0" value="wtth_result_code"/>
      <Param name="variable0" value="wtth_result_code"/>
      <Param name="variable1" value="wtth_result_desc"/>
   </End-Handler>
   <Case-Packet>
      <Variable name="ANNOTATION" type="String"/>
      <Variable name="BREAK_POINT" type="String"/>
      <Variable name="DEFAULT_ROLE" type="String"/>
      <Variable name="EMPTY_STRING" type="String"/>
      <Variable name="ETC" type="String"/>
      <Variable name="EX_STEP_NAME" type="String"/>
      <Variable name="FILE_URL_PREFIX" type="String"/>
      <Variable name="HOST_NAME" type="String"/>
      <Variable name="JOB_ID" type="Integer"/>
      <Variable name="KILLED" type="Boolean"/>
      <Variable name="KILL_ROLE" type="String"/>
      <Variable name="MACRO_OUTPUT" type="Object"/>
      <Variable name="MASTER_CHILD_JOBS" type="Object"/>
      <Variable name="MUTEX" type="Boolean"/>
      <Variable name="NULL" type="Object"/>
      <Variable name="PRIORITY" type="Integer"/>
      <Variable name="RESERVATIONS" type="Object"/>
      <Variable name="RET_TEXT" type="String"/>
      <Variable name="RET_VALUE" type="Integer"/>
      <Variable name="RUNTIME" type="Object"/>
      <Variable name="SCHEDULED_INFO" type="Object"/>
      <Variable name="SERVICE_ID" type="String"/>
      <Variable name="SOLUTION_ETC" type="String"/>
      <Variable name="SOLUTION_NAME" type="String"/>
      <Variable name="SOLUTION_VAR" type="String"/>
      <Variable name="SOR_ID" type="Integer"/>
      <Variable name="START_ROLE" type="String"/>
      <Variable name="START_TIME" type="Integer"/>
      <Variable name="STATUS" type="String"/>
      <Variable name="STEP_NAME" type="String"/>
      <Variable name="SUBSTEP" type="String"/>
      <Variable name="THROW_EXCEP" type="Boolean"/>
      <Variable name="TIMEOUT" type="Boolean"/>
      <Variable name="TRACE_ROLE" type="String"/>
      <Variable name="UNIQUE_WORKFLOW" type="Integer"/>
      <Variable name="VAR" type="String"/>
      <Variable name="WORKFLOW_EXCEPTION" type="Object"/>
      <Variable name="WORKFLOW_EXECUTION_STATUS" type="String"/>
      <Variable name="WORKFLOW_NAME" type="String"/>
      <Variable name="WORKFLOW_ORDER_ID" type="String"/>
      <Variable name="WORKFLOW_STATE" type="String"/>
      <Variable name="WORKFLOW_TYPE" type="String"/>
      <Variable name="WORKFLOW_VERSION" type="Integer"/>
      <Variable name="activation_description" type="String"/>
      <Variable name="activation_major_code" type="Integer"/>
      <Variable name="activation_minor_code" type="Integer"/>
      <Variable name="count_retries" type="Integer"/>
      <Variable name="fixed_telephone_number_new" type="String"/>
      <Variable name="lock_file_table_obj" type="Object"/>
      <Variable name="lock_file_table_obk" type="Object"/>
      <Variable name="message_url" type="String"/>
      <Variable name="module_name" type="String"/>
      <Variable name="number_retries" type="Integer"/>
      <Variable name="services_JOB_ID" type="Integer"/>
      <Variable name="skip_activation" type="Boolean"/>
      <Variable name="table_name" type="String"/>
      <Variable name="wtth_error_code" type="Integer"/>
      <Variable name="wtth_error_desc" type="String"/>
      <Variable name="wtth_result_code" type="Integer"/>
      <Variable name="wtth_result_desc" type="String"/>
   </Case-Packet>
   <Initial-Case-Packet>
      <Variable-Value name="FILE_URL_PREFIX" value="file:///"/>
      <Variable-Value name="SOLUTION_NAME" value="WTTH"/>
      <Variable-Value name="WORKFLOW_NAME" value="LOCK_FILE_TABLE"/>
      <Variable-Value name="WORKFLOW_VERSION" value="-1"/>
   </Initial-Case-Packet>
   <Coordinates>
      <Position>
         <Name>Add</Name>
         <X>505</X>
         <Y>176</Y>
         <Width>61</Width>
         <Height>48</Height>
      </Position>
      <Position>
         <Name>CreateInventory</Name>
         <X>485</X>
         <Y>103</Y>
         <Width>101</Width>
         <Height>48</Height>
      </Position>
      <Position>
         <Name>LessThanOrEqual</Name>
         <X>677</X>
         <Y>330</Y>
         <Width>129</Width>
         <Height>26</Height>
      </Position>
      <Position>
         <Name>Log11</Name>
         <X>505</X>
         <Y>246</Y>
         <Width>61</Width>
         <Height>48</Height>
      </Position>
      <Position>
         <Name>LogEnd</Name>
         <X>949</X>
         <Y>103</Y>
         <Width>61</Width>
         <Height>48</Height>
      </Position>
      <Position>
         <Name>LogError</Name>
         <X>711</X>
         <Y>563</Y>
         <Width>61</Width>
         <Height>48</Height>
      </Position>
      <Position>
         <Name>Logstart</Name>
         <X>71</X>
         <Y>103</Y>
         <Width>61</Width>
         <Height>48</Height>
      </Position>
      <Position>
         <Name>Sleep</Name>
         <X>711</X>
         <Y>191</Y>
         <Width>61</Width>
         <Height>48</Height>
      </Position>
      <Position>
         <Name>WasPreviousNodeOK</Name>
         <X>667</X>
         <Y>114</Y>
         <Width>148</Width>
         <Height>26</Height>
      </Position>
      <Position>
         <Name>mapError</Name>
         <X>709</X>
         <Y>384</Y>
         <Width>64</Width>
         <Height>48</Height>
      </Position>
      <Position>
         <Name>setError0</Name>
         <X>861</X>
         <Y>103</Y>
         <Width>63</Width>
         <Height>48</Height>
      </Position>
      <Position>
         <Name>start count</Name>
         <X>167</X>
         <Y>103</Y>
         <Width>71</Width>
         <Height>48</Height>
      </Position>
      <Arrows>
         <Name>Add</Name>
         <True-Arrow>
            <Type>0</Type>
            <DeltaX>0</DeltaX>
            <DeltaY>0</DeltaY>
         </True-Arrow>
         <False-Arrow>
            <Type>0</Type>
            <DeltaX>0</DeltaX>
            <DeltaY>0</DeltaY>
         </False-Arrow>
      </Arrows>
      <Arrows>
         <Name>CreateInventory</Name>
         <True-Arrow>
            <Type>0</Type>
            <DeltaX>0</DeltaX>
            <DeltaY>0</DeltaY>
         </True-Arrow>
         <False-Arrow>
            <Type>0</Type>
            <DeltaX>0</DeltaX>
            <DeltaY>0</DeltaY>
         </False-Arrow>
      </Arrows>
      <Arrows>
         <Name>LessThanOrEqual</Name>
         <True-Arrow>
            <Type>2</Type>
            <DeltaX>0</DeltaX>
            <DeltaY>0</DeltaY>
         </True-Arrow>
         <False-Arrow>
            <Type>0</Type>
            <DeltaX>0</DeltaX>
            <DeltaY>0</DeltaY>
         </False-Arrow>
      </Arrows>
      <Arrows>
         <Name>Log11</Name>
         <True-Arrow>
            <Type>0</Type>
            <DeltaX>0</DeltaX>
            <DeltaY>0</DeltaY>
         </True-Arrow>
         <False-Arrow>
            <Type>0</Type>
            <DeltaX>0</DeltaX>
            <DeltaY>0</DeltaY>
         </False-Arrow>
      </Arrows>
      <Arrows>
         <Name>LogEnd</Name>
         <True-Arrow>
            <Type>0</Type>
            <DeltaX>0</DeltaX>
            <DeltaY>0</DeltaY>
         </True-Arrow>
         <False-Arrow>
            <Type>0</Type>
            <DeltaX>0</DeltaX>
            <DeltaY>0</DeltaY>
         </False-Arrow>
      </Arrows>
      <Arrows>
         <Name>LogError</Name>
         <True-Arrow>
            <Type>0</Type>
            <DeltaX>0</DeltaX>
            <DeltaY>0</DeltaY>
         </True-Arrow>
         <False-Arrow>
            <Type>0</Type>
            <DeltaX>0</DeltaX>
            <DeltaY>0</DeltaY>
         </False-Arrow>
      </Arrows>
      <Arrows>
         <Name>Logstart</Name>
         <True-Arrow>
            <Type>0</Type>
            <DeltaX>0</DeltaX>
            <DeltaY>0</DeltaY>
         </True-Arrow>
         <False-Arrow>
            <Type>0</Type>
            <DeltaX>0</DeltaX>
            <DeltaY>0</DeltaY>
         </False-Arrow>
      </Arrows>
      <Arrows>
         <Name>Sleep</Name>
         <True-Arrow>
            <Type>0</Type>
            <DeltaX>0</DeltaX>
            <DeltaY>0</DeltaY>
         </True-Arrow>
         <False-Arrow>
            <Type>0</Type>
            <DeltaX>0</DeltaX>
            <DeltaY>0</DeltaY>
         </False-Arrow>
      </Arrows>
      <Arrows>
         <Name>WasPreviousNodeOK</Name>
         <True-Arrow>
            <Type>0</Type>
            <DeltaX>0</DeltaX>
            <DeltaY>0</DeltaY>
         </True-Arrow>
         <False-Arrow>
            <Type>0</Type>
            <DeltaX>0</DeltaX>
            <DeltaY>0</DeltaY>
         </False-Arrow>
      </Arrows>
      <Arrows>
         <Name>mapError</Name>
         <True-Arrow>
            <Type>0</Type>
            <DeltaX>0</DeltaX>
            <DeltaY>0</DeltaY>
         </True-Arrow>
         <False-Arrow>
            <Type>0</Type>
            <DeltaX>0</DeltaX>
            <DeltaY>0</DeltaY>
         </False-Arrow>
      </Arrows>
      <Arrows>
         <Name>setError0</Name>
         <True-Arrow>
            <Type>0</Type>
            <DeltaX>0</DeltaX>
            <DeltaY>0</DeltaY>
         </True-Arrow>
         <False-Arrow>
            <Type>0</Type>
            <DeltaX>0</DeltaX>
            <DeltaY>0</DeltaY>
         </False-Arrow>
      </Arrows>
      <Arrows>
         <Name>start count</Name>
         <True-Arrow>
            <Type>0</Type>
            <DeltaX>0</DeltaX>
            <DeltaY>0</DeltaY>
         </True-Arrow>
         <False-Arrow>
            <Type>0</Type>
            <DeltaX>0</DeltaX>
            <DeltaY>0</DeltaY>
         </False-Arrow>
      </Arrows>
      <State-Circle>
         <Name>UNDEFINED</Name>
         <X>80</X>
         <Y>80</Y>
         <Radius>40</Radius>
         <Color>-16776961</Color>
      </State-Circle>
   </Coordinates>
</Workflow>