<?xml version="1.0" encoding="UTF-8"?>
<!DOCTYPE Workflow SYSTEM "workflow.dtd">

<Workflow Init-On-Startup="false" Unique="false" auditEnabled="false" auditStateChangeEvent="false" autoAuditEnabled="true" disablePersistence="true" statEnabled="false">
   <Name>WTTH_CREATE_SERVICES</Name>
   <Solution>WTTH</Solution>
   <Description>DeleteNNC</Description>
   <Start-Node>PutMessage</Start-Node>
   <Nodes>
      <Process-Node inactive="true">
         <Name>PutMessage</Name>
         <Action>
            <Class-Name>com.hp.ov.activator.mwfm.component.builtin.PutMessage</Class-Name>
            <Param name="message" value="START %s service_wo  %s ssw_id_new %s"/>
            <Param name="queue" value="variable:WORKFLOW_NAME"/>
            <Param name="param0" value="WORKFLOW_NAME"/>
            <Param name="param1" value="service_wo"/>
            <Param name="param2" value="ssw_id_new"/>
         </Action>
         <Next-Node>LogStart</Next-Node>
      </Process-Node>
      <Process-Node>
         <Name>LogStart</Name>
         <Action>
            <Class-Name>com.hp.ov.activator.mwfm.component.builtin.Log</Class-Name>
            <Param name="component_name" value="variable:WORKFLOW_NAME"/>
            <Param name="log_level" value="INFORMATIVE"/>
            <Param name="log_manager" value="WTTH_log_manager"/>
            <Param name="log_message" value="#################Start %s Action %s fixed_number %s parent_JOB_ID %s#######################"/>
            <Param name="param0" value="WORKFLOW_NAME"/>
            <Param name="param1" value="action_name"/>
            <Param name="param2" value="fixed_telephone_number_new"/>
            <Param name="param3" value="controller_JOB_ID"/>
         </Action>
         <Next-Node>get Services</Next-Node>
      </Process-Node>
      <Process-Node>
         <Name>get Services</Name>
         <Action>
            <Class-Name>com.hp.ov.activator.mwfm.component.builtin.QueryInventory</Class-Name>
            <Param name="bean" value="constant:com.hpe.ov.activator.inventory.Services"/>
            <Param name="find_by_method" value="constant:findAll"/>
            <Param name="return_array" value="constant:true"/>
            <Param name="variable" value="services_obj"/>
            <Param name="where" value="constant:ACCOUNT_NUMBER = &apos;%s&apos;"/>
            <Param name="param0" value="account_number"/>
         </Action>
         <Next-Node>services?</Next-Node>
      </Process-Node>
      <Rule-Node disablePersistence="true">
         <Name>services?</Name>
         <Action>
            <Class-Name>com.hp.ov.activator.mwfm.component.builtin.Equal</Class-Name>
            <Param name="op1" value="services_obj#"/>
            <Param name="op2" value="constant:0"/>
         </Action>
         <True-Next-Node>LockTable</True-Next-Node>
         <False-Next-Node>mapError07</False-Next-Node>
      </Rule-Node>
      <Process-Node>
         <Name>LockTable</Name>
         <Action>
            <Class-Name>com.hp.ov.activator.mwfm.component.builtin.StartJobAndWait</Class-Name>
            <Param name="throw_excep" value="constant:true"/>
            <Param name="workflow_name" value="constant:LOCK_FILE_TABLE"/>
            <Param name="destination0" value="services_JOB_ID"/>
            <Param name="variable0" value="JOB_ID"/>
            <Param name="variable1" value="fixed_telephone_number_new"/>
         </Action>
         <Next-Node>IMS</Next-Node>
      </Process-Node>
      <Process-Node>
         <Name>IMS</Name>
         <Action>
            <Class-Name>com.hp.ov.activator.mwfm.component.builtin.StartJobAndWait</Class-Name>
            <Param name="queue" value="controller_queue"/>
            <Param name="workflow_name" value="constant:WTTH_IMS_CREATE"/>
            <Param name="destination0" value="services_JOB_ID"/>
            <Param name="outputvar0" value="wtth_result_code"/>
            <Param name="variable0" value="JOB_ID"/>
            <Param name="destination1" value="telephone_number"/>
            <Param name="outputvar1" value="wtth_result_desc"/>
            <Param name="variable1" value="fixed_telephone_number_new"/>
            <Param name="destination2" value="pwd_value"/>
            <Param name="variable2" value="password_customer"/>
            <Param name="destination3" value="action_Name"/>
            <Param name="variable3" value="action_name"/>
            <Param name="variable4" value="account_number"/>
            <Param name="destination5" value="geo_id"/>
            <Param name="variable5" value="geographical_location_id"/>
            <Param name="destination6" value="service_class"/>
            <Param name="variable6" value="service_id_new"/>
         </Action>
         <Next-Node>imsOK?</Next-Node>
      </Process-Node>
      <Rule-Node disablePersistence="true">
         <Name>imsOK?</Name>
         <Action>
            <Class-Name>com.hp.ov.activator.mwfm.component.builtin.Equal</Class-Name>
            <Param name="op1" value="wtth_result_code"/>
            <Param name="op2" value="constant:0"/>
         </Action>
         <True-Next-Node>NNC</True-Next-Node>
         <False-Next-Node>mapError01</False-Next-Node>
      </Rule-Node>
      <Process-Node>
         <Name>NNC</Name>
         <Action>
            <Class-Name>com.hp.ov.activator.mwfm.component.builtin.StartJobAndWait</Class-Name>
            <Param name="queue" value="controller_queue"/>
            <Param name="workflow_name" value="constant:WTTH_NNC_ALTA"/>
            <Param name="destination0" value="services_JOB_ID"/>
            <Param name="outputvar0" value="wtth_result_code"/>
            <Param name="variable0" value="JOB_ID"/>
            <Param name="destination1" value="customer_id"/>
            <Param name="outputvar1" value="wtth_result_desc"/>
            <Param name="variable1" value="fixed_telephone_number_new"/>
            <Param name="destination2" value="password_user"/>
            <Param name="variable2" value="password_customer"/>
         </Action>
         <Next-Node>NNCOK?</Next-Node>
      </Process-Node>
      <Rule-Node disablePersistence="true">
         <Name>NNCOK?</Name>
         <Action>
            <Class-Name>com.hp.ov.activator.mwfm.component.builtin.Equal</Class-Name>
            <Param name="op1" value="wtth_result_code"/>
            <Param name="op2" value="constant:0"/>
         </Action>
         <True-Next-Node>SR</True-Next-Node>
         <False-Next-Node>mapActionName</False-Next-Node>
      </Rule-Node>
      <Process-Node>
         <Name>SR</Name>
         <Action>
            <Class-Name>com.hp.ov.activator.mwfm.component.builtin.StartJobAndWait</Class-Name>
            <Param name="queue" value="controller_queue"/>
            <Param name="workflow_name" value="constant:WTTH_SR"/>
            <Param name="destination0" value="services_JOB_ID"/>
            <Param name="outputvar0" value="wtth_result_code"/>
            <Param name="variable0" value="JOB_ID"/>
            <Param name="outputvar1" value="wtth_result_desc"/>
            <Param name="variable1" value="fixed_telephone_number_new"/>
            <Param name="variable2" value="mobile_telephone_number_new"/>
            <Param name="variable3" value="action_name"/>
            <Param name="variable4" value="account_number"/>
         </Action>
         <Next-Node>SROK?</Next-Node>
      </Process-Node>
      <Rule-Node disablePersistence="true">
         <Name>SROK?</Name>
         <Action>
            <Class-Name>com.hp.ov.activator.mwfm.component.builtin.Equal</Class-Name>
            <Param name="op1" value="wtth_result_code"/>
            <Param name="op2" value="constant:0"/>
         </Action>
         <True-Next-Node>insertServices</True-Next-Node>
         <False-Next-Node>mapActionName1</False-Next-Node>
      </Rule-Node>
      <Process-Node>
         <Name>insertServices</Name>
         <Action>
            <Class-Name>com.hp.ov.activator.mwfm.component.builtin.CreateInventory</Class-Name>
            <Param name="bean" value="constant:com.hpe.ov.activator.inventory.Services"/>
            <Param name="throw_excep" value="constant:false"/>
            <Param name="key_field0" value="constant:accountNumber"/>
            <Param name="key_value0" value="account_number"/>
            <Param name="key_field1" value="constant:accountStatus"/>
            <Param name="key_value1" value="constant:0"/>
            <Param name="key_field2" value="constant:serviceId"/>
            <Param name="key_value2" value="service_id_new"/>
            <Param name="key_field3" value="constant:customerId"/>
            <Param name="key_value3" value="account_number"/>
            <Param name="key_field4" value="constant:serviceType"/>
            <Param name="key_value4" value="constant:WTTH"/>
            <Param name="key_field5" value="constant:aux1"/>
            <Param name="key_value5" value="constant:0"/>
         </Action>
         <Next-Node>createOK?</Next-Node>
      </Process-Node>
      <Rule-Node disablePersistence="true">
         <Name>createOK?</Name>
         <Action>
            <Class-Name>com.hp.ov.activator.mwfm.component.builtin.WasPreviousNodeOK</Class-Name>
         </Action>
         <True-Next-Node>action=create?</True-Next-Node>
         <False-Next-Node>mapError</False-Next-Node>
      </Rule-Node>
      <Rule-Node disablePersistence="true">
         <Name>action=create?</Name>
         <Action>
            <Class-Name>com.hp.ov.activator.mwfm.component.builtin.Equal</Class-Name>
            <Param name="op1" value="action_name"/>
            <Param name="op2" value="constant:CREATE"/>
         </Action>
         <True-Next-Node>insertCustomerbn</True-Next-Node>
         <False-Next-Node>UnlockTable</False-Next-Node>
      </Rule-Node>
      <Process-Node inactive="true">
         <Name>insertCustomerbn</Name>
         <Action>
            <Class-Name>com.hp.ov.activator.mwfm.component.builtin.CreateInventory</Class-Name>
            <Param name="bean" value="constant:com.hpe.ov.activator.inventory.Customer"/>
            <Param name="throw_excep" value="constant:true"/>
            <Param name="key_field0" value="constant:customerId"/>
            <Param name="key_value0" value="account_number"/>
            <Param name="key_field1" value="constant:accountNumber"/>
            <Param name="key_value1" value="account_number"/>
            <Param name="key_field2" value="constant:customer_name"/>
            <Param name="key_value2" value="customer"/>
            <Param name="key_field3" value="constant:emailCustomer"/>
            <Param name="key_value3" value="email_customer"/>
            <Param name="key_field4" value="constant:passwordCustomer"/>
            <Param name="key_value4" value="password_customer"/>
            <Param name="key_field5" value="constant:aux1"/>
            <Param name="key_value5" value="constant:0"/>
            <Param name="key_field6" value="constant:metada"/>
            <Param name="key_value6" value="constant:0"/>
         </Action>
         <Next-Node>insertCustomerbd</Next-Node>
      </Process-Node>
      <Process-Node>
         <Name>insertCustomerbd</Name>
         <Action>
            <Class-Name>com.hp.ov.activator.mwfm.component.builtin.ExecSQLStatement</Class-Name>
            <Param name="statement" value="insert into GENSERV_CUSTOMER(customer_id, account_number, customer, email_customer, password_customer, aux1, metadata, isparent__) values (?,?,?, ?,?,&apos;0&apos;,&apos;0&apos;,&apos;y&apos;)"/>
            <Param name="throw_excep" value="constant:true"/>
            <Param name="param0" value="account_number"/>
            <Param name="param1" value="account_number"/>
            <Param name="param2" value="customer"/>
            <Param name="param3" value="email_customer"/>
            <Param name="param4" value="password_customer"/>
         </Action>
         <Next-Node>customer?</Next-Node>
      </Process-Node>
      <Rule-Node disablePersistence="true">
         <Name>customer?</Name>
         <Action>
            <Class-Name>com.hp.ov.activator.mwfm.component.builtin.WasPreviousNodeOK</Class-Name>
         </Action>
         <True-Next-Node>service_wo?</True-Next-Node>
         <False-Next-Node>mapError08</False-Next-Node>
      </Rule-Node>
      <Rule-Node disablePersistence="true">
         <Name>service_wo?</Name>
         <Action>
            <Class-Name>com.hp.ov.activator.mwfm.component.builtin.IsTrue</Class-Name>
            <Param name="op1" value="service_wo"/>
         </Action>
         <True-Next-Node>insertServiceWo</True-Next-Node>
         <False-Next-Node>PutMessage4</False-Next-Node>
      </Rule-Node>
      <Process-Node>
         <Name>insertServiceWo</Name>
         <Action>
            <Class-Name>com.hp.ov.activator.mwfm.component.builtin.CreateInventory</Class-Name>
            <Param name="bean" value="constant:com.hpe.ov.activator.inventory.ServiceParams"/>
            <Param name="throw_excep" value="constant:true"/>
            <Param name="key_field0" value="constant:serviceParamsId"/>
            <Param name="key_value0" value="constant:0"/>
            <Param name="key_field1" value="constant:serviceId"/>
            <Param name="key_value1" value="service_id_new"/>
            <Param name="key_field2" value="constant:customerId"/>
            <Param name="key_value2" value="account_number"/>
            <Param name="key_field3" value="constant:paramName"/>
            <Param name="key_value3" value="constant:service_wo"/>
            <Param name="key_field4" value="constant:paramValue"/>
            <Param name="key_value4" value="service_wo"/>
            <Param name="key_field5" value="constant:aux1"/>
            <Param name="key_value5" value="constant:0"/>
         </Action>
         <Next-Node>PutMessage4</Next-Node>
      </Process-Node>
      <Process-Node inactive="true">
         <Name>PutMessage4</Name>
         <Action>
            <Class-Name>com.hp.ov.activator.mwfm.component.builtin.PutMessage</Class-Name>
            <Param name="message" value="service_wo %s"/>
            <Param name="queue" value="variable:WORKFLOW_NAME"/>
            <Param name="param0" value="service_wo"/>
         </Action>
         <Next-Node>geo_loc_id?</Next-Node>
      </Process-Node>
      <Rule-Node disablePersistence="true">
         <Name>geo_loc_id?</Name>
         <Action>
            <Class-Name>com.hp.ov.activator.mwfm.component.builtin.IsTrue</Class-Name>
            <Param name="op1" value="geographical_location_id"/>
         </Action>
         <True-Next-Node>insertGeoLocId</True-Next-Node>
         <False-Next-Node>PutMessage41</False-Next-Node>
      </Rule-Node>
      <Process-Node>
         <Name>insertGeoLocId</Name>
         <Action>
            <Class-Name>com.hp.ov.activator.mwfm.component.builtin.CreateInventory</Class-Name>
            <Param name="bean" value="constant:com.hpe.ov.activator.inventory.ServiceParams"/>
            <Param name="throw_excep" value="constant:true"/>
            <Param name="key_field0" value="constant:serviceParamsId"/>
            <Param name="key_value0" value="constant:0"/>
            <Param name="key_field1" value="constant:serviceId"/>
            <Param name="key_value1" value="service_id_new"/>
            <Param name="key_field2" value="constant:customerId"/>
            <Param name="key_value2" value="account_number"/>
            <Param name="key_field3" value="constant:paramName"/>
            <Param name="key_value3" value="constant:geographical_location_id"/>
            <Param name="key_field4" value="constant:paramValue"/>
            <Param name="key_value4" value="geographical_location_id"/>
            <Param name="key_field5" value="constant:aux1"/>
            <Param name="key_value5" value="constant:0"/>
         </Action>
         <Next-Node>PutMessage41</Next-Node>
      </Process-Node>
      <Process-Node inactive="true">
         <Name>PutMessage41</Name>
         <Action>
            <Class-Name>com.hp.ov.activator.mwfm.component.builtin.PutMessage</Class-Name>
            <Param name="message" value="geographical_location_id %s"/>
            <Param name="queue" value="variable:WORKFLOW_NAME"/>
            <Param name="param0" value="geographical_location_id"/>
         </Action>
         <Next-Node>ssw_id?</Next-Node>
      </Process-Node>
      <Rule-Node disablePersistence="true">
         <Name>ssw_id?</Name>
         <Action>
            <Class-Name>com.hp.ov.activator.mwfm.component.builtin.IsTrue</Class-Name>
            <Param name="op1" value="ssw_id_new"/>
         </Action>
         <True-Next-Node>insertSSWId</True-Next-Node>
         <False-Next-Node>PutMessage411</False-Next-Node>
      </Rule-Node>
      <Process-Node>
         <Name>insertSSWId</Name>
         <Action>
            <Class-Name>com.hp.ov.activator.mwfm.component.builtin.CreateInventory</Class-Name>
            <Param name="bean" value="constant:com.hpe.ov.activator.inventory.ServiceParams"/>
            <Param name="throw_excep" value="constant:true"/>
            <Param name="key_field0" value="constant:serviceParamsId"/>
            <Param name="key_value0" value="constant:0"/>
            <Param name="key_field1" value="constant:serviceId"/>
            <Param name="key_value1" value="service_id_new"/>
            <Param name="key_field2" value="constant:customerId"/>
            <Param name="key_value2" value="account_number"/>
            <Param name="key_field3" value="constant:paramName"/>
            <Param name="key_value3" value="constant:ssw_id"/>
            <Param name="key_field4" value="constant:paramValue"/>
            <Param name="key_value4" value="ssw_id_new"/>
            <Param name="key_field5" value="constant:aux1"/>
            <Param name="key_value5" value="constant:0"/>
         </Action>
         <Next-Node>PutMessage411</Next-Node>
      </Process-Node>
      <Process-Node inactive="true">
         <Name>PutMessage411</Name>
         <Action>
            <Class-Name>com.hp.ov.activator.mwfm.component.builtin.PutMessage</Class-Name>
            <Param name="message" value="ssw_id_new %s"/>
            <Param name="queue" value="variable:WORKFLOW_NAME"/>
            <Param name="param0" value="ssw_id_new"/>
         </Action>
         <Next-Node>fixed_tn?</Next-Node>
      </Process-Node>
      <Rule-Node disablePersistence="true">
         <Name>fixed_tn?</Name>
         <Action>
            <Class-Name>com.hp.ov.activator.mwfm.component.builtin.IsTrue</Class-Name>
            <Param name="op1" value="fixed_telephone_number_new"/>
         </Action>
         <True-Next-Node>insertfixedTN</True-Next-Node>
         <False-Next-Node>PutMessage412</False-Next-Node>
      </Rule-Node>
      <Process-Node>
         <Name>insertfixedTN</Name>
         <Action>
            <Class-Name>com.hp.ov.activator.mwfm.component.builtin.CreateInventory</Class-Name>
            <Param name="bean" value="constant:com.hpe.ov.activator.inventory.ServiceParams"/>
            <Param name="throw_excep" value="constant:true"/>
            <Param name="key_field0" value="constant:serviceParamsId"/>
            <Param name="key_value0" value="constant:0"/>
            <Param name="key_field1" value="constant:serviceId"/>
            <Param name="key_value1" value="service_id_new"/>
            <Param name="key_field2" value="constant:customerId"/>
            <Param name="key_value2" value="account_number"/>
            <Param name="key_field3" value="constant:paramName"/>
            <Param name="key_value3" value="constant:fixed_telephone_number"/>
            <Param name="key_field4" value="constant:paramValue"/>
            <Param name="key_value4" value="fixed_telephone_number_new"/>
            <Param name="key_field5" value="constant:aux1"/>
            <Param name="key_value5" value="constant:0"/>
         </Action>
         <Next-Node>PutMessage412</Next-Node>
      </Process-Node>
      <Process-Node inactive="true">
         <Name>PutMessage412</Name>
         <Action>
            <Class-Name>com.hp.ov.activator.mwfm.component.builtin.PutMessage</Class-Name>
            <Param name="message" value="fixed_telephone_number_new %s"/>
            <Param name="queue" value="variable:WORKFLOW_NAME"/>
            <Param name="param0" value="fixed_telephone_number_new"/>
         </Action>
         <Next-Node>mobile_tn?</Next-Node>
      </Process-Node>
      <Rule-Node disablePersistence="true">
         <Name>mobile_tn?</Name>
         <Action>
            <Class-Name>com.hp.ov.activator.mwfm.component.builtin.IsTrue</Class-Name>
            <Param name="op1" value="mobile_telephone_number_new"/>
         </Action>
         <True-Next-Node>insertMobileTN</True-Next-Node>
         <False-Next-Node>PutMessage413</False-Next-Node>
      </Rule-Node>
      <Process-Node>
         <Name>insertMobileTN</Name>
         <Action>
            <Class-Name>com.hp.ov.activator.mwfm.component.builtin.CreateInventory</Class-Name>
            <Param name="bean" value="constant:com.hpe.ov.activator.inventory.ServiceParams"/>
            <Param name="throw_excep" value="constant:true"/>
            <Param name="key_field0" value="constant:serviceParamsId"/>
            <Param name="key_value0" value="constant:0"/>
            <Param name="key_field1" value="constant:serviceId"/>
            <Param name="key_value1" value="service_id_new"/>
            <Param name="key_field2" value="constant:customerId"/>
            <Param name="key_value2" value="account_number"/>
            <Param name="key_field3" value="constant:paramName"/>
            <Param name="key_value3" value="constant:mobile_telephone_number"/>
            <Param name="key_field4" value="constant:paramValue"/>
            <Param name="key_value4" value="mobile_telephone_number_new"/>
            <Param name="key_field5" value="constant:aux1"/>
            <Param name="key_value5" value="constant:0"/>
         </Action>
         <Next-Node>PutMessage413</Next-Node>
      </Process-Node>
      <Process-Node inactive="true">
         <Name>PutMessage413</Name>
         <Action>
            <Class-Name>com.hp.ov.activator.mwfm.component.builtin.PutMessage</Class-Name>
            <Param name="message" value="mobile_telephone_number_new %s"/>
            <Param name="queue" value="variable:WORKFLOW_NAME"/>
            <Param name="param0" value="mobile_telephone_number_new"/>
         </Action>
         <Next-Node>UnlockTable</Next-Node>
      </Process-Node>
      <Process-Node>
         <Name>UnlockTable</Name>
         <Action>
            <Class-Name>com.hp.ov.activator.mwfm.component.builtin.ExecSQLStatement</Class-Name>
            <Param name="statement" value="delete from LOCK_FILE_TABLE_TMP"/>
         </Action>
         <Next-Node>mapError00</Next-Node>
      </Process-Node>
      <Process-Node disablePersistence="true">
         <Name>mapError00</Name>
         <Action>
            <Class-Name>com.hp.ov.activator.mwfm.component.builtin.VariableMapper</Class-Name>
            <Param name="wtth_result_code" value="0"/>
            <Param name="wtth_result_desc" value="OK. Transaction executed succesful"/>
         </Action>
         <Next-Node>LogEnd</Next-Node>
      </Process-Node>
      <Process-Node>
         <Name>LogEnd</Name>
         <Action>
            <Class-Name>com.hp.ov.activator.mwfm.component.builtin.Log</Class-Name>
            <Param name="component_name" value="variable:WORKFLOW_NAME"/>
            <Param name="log_level" value="INFORMATIVE"/>
            <Param name="log_manager" value="WTTH_log_manager"/>
            <Param name="log_message" value="-action_name[%s] -fixed_number[%s] -wtth_result_code[%s] -wtth_result_desc[%s] -parent_JOB_ID[%s]"/>
            <Param name="param0" value="action_name"/>
            <Param name="param1" value="fixed_telephone_number_new"/>
            <Param name="param2" value="wtth_result_code"/>
            <Param name="param3" value="wtth_result_desc"/>
            <Param name="param4" value="controller_JOB_ID"/>
         </Action>
      </Process-Node>
      <Process-Node disablePersistence="true">
         <Name>mapError08</Name>
         <Action>
            <Class-Name>com.hp.ov.activator.mwfm.component.builtin.VariableMapper</Class-Name>
            <Param name="wtth_result_code" value="8"/>
            <Param name="wtth_result_desc" value="Cannot insert in customer in database"/>
         </Action>
         <Next-Node>mapActionName1</Next-Node>
      </Process-Node>
      <Process-Node disablePersistence="true">
         <Name>mapActionName1</Name>
         <Action>
            <Class-Name>com.hp.ov.activator.mwfm.component.builtin.VariableMapper</Class-Name>
            <Param name="action_name" value="DELETE"/>
            <Param name="wtth_result_code_rb" value="%wtth_result_code%"/>
            <Param name="wtth_result_desc_rb" value="%wtth_result_desc%"/>
         </Action>
         <Next-Node>NNCDel1</Next-Node>
      </Process-Node>
      <Process-Node>
         <Name>NNCDel1</Name>
         <Description>DeleteNNC</Description>
         <Action>
            <Class-Name>com.hp.ov.activator.mwfm.component.builtin.StartJobAndWait</Class-Name>
            <Param name="queue" value="controller_queue"/>
            <Param name="workflow_name" value="constant:WTTH_NNC_BAJA"/>
            <Param name="destination0" value="services_JOB_ID"/>
            <Param name="outputvar0" value="wtth_result_code"/>
            <Param name="variable0" value="JOB_ID"/>
            <Param name="destination1" value="customer_id"/>
            <Param name="outputvar1" value="wtth_result_desc"/>
            <Param name="variable1" value="fixed_telephone_number_new"/>
            <Param name="variable2" value="password_customer"/>
            <Param name="variable3" value="action_name"/>
            <Param name="variable4" value="account_number"/>
         </Action>
         <Next-Node>NNCDeleteOK?</Next-Node>
      </Process-Node>
      <Rule-Node disablePersistence="true">
         <Name>NNCDeleteOK?</Name>
         <Action>
            <Class-Name>com.hp.ov.activator.mwfm.component.builtin.Equal</Class-Name>
            <Param name="op1" value="wtth_result_code"/>
            <Param name="op2" value="constant:0"/>
         </Action>
         <True-Next-Node>IMS3</True-Next-Node>
         <False-Next-Node>mapError05</False-Next-Node>
      </Rule-Node>
      <Process-Node>
         <Name>IMS3</Name>
         <Action>
            <Class-Name>com.hp.ov.activator.mwfm.component.builtin.StartJobAndWait</Class-Name>
            <Param name="queue" value="controller_queue"/>
            <Param name="workflow_name" value="constant:WTTH_IMS_DELETE"/>
            <Param name="destination0" value="services_JOB_ID"/>
            <Param name="outputvar0" value="wtth_result_code"/>
            <Param name="variable0" value="JOB_ID"/>
            <Param name="destination1" value="telephone_number"/>
            <Param name="outputvar1" value="wtth_result_desc"/>
            <Param name="variable1" value="fixed_telephone_number_new"/>
            <Param name="destination2" value="pwd_value"/>
            <Param name="variable2" value="password_customer"/>
            <Param name="destination3" value="action_Name"/>
            <Param name="variable3" value="action_name"/>
            <Param name="variable4" value="account_number"/>
            <Param name="destination5" value="geo_id"/>
            <Param name="variable5" value="geographical_location_id"/>
            <Param name="destination6" value="service_class"/>
            <Param name="variable6" value="service_id_new"/>
         </Action>
         <Next-Node>ImsDeleteOK?_</Next-Node>
      </Process-Node>
      <Rule-Node disablePersistence="true">
         <Name>ImsDeleteOK?_</Name>
         <Action>
            <Class-Name>com.hp.ov.activator.mwfm.component.builtin.Equal</Class-Name>
            <Param name="op1" value="wtth_result_code"/>
            <Param name="op2" value="constant:0"/>
         </Action>
         <True-Next-Node>mapError03</True-Next-Node>
         <False-Next-Node>mapError06</False-Next-Node>
      </Rule-Node>
      <Process-Node disablePersistence="true">
         <Name>mapError03</Name>
         <Action>
            <Class-Name>com.hp.ov.activator.mwfm.component.builtin.VariableMapper</Class-Name>
            <Param name="wtth_result_code" value="%wtth_result_code_rb%"/>
            <Param name="wtth_result_desc" value="UNDO_OK.%wtth_result_desc_rb%"/>
         </Action>
         <Next-Node>Error</Next-Node>
      </Process-Node>
      <Process-Node disablePersistence="true">
         <Name>Error</Name>
         <Action>
            <Class-Name>com.hp.ov.activator.mwfm.component.builtin.DoNothing</Class-Name>
         </Action>
         <Next-Node>UnlockTable1</Next-Node>
      </Process-Node>
      <Process-Node>
         <Name>UnlockTable1</Name>
         <Action>
            <Class-Name>com.hp.ov.activator.mwfm.component.builtin.ExecSQLStatement</Class-Name>
            <Param name="statement" value="delete from LOCK_FILE_TABLE_TMP"/>
         </Action>
         <Next-Node>printError</Next-Node>
      </Process-Node>
      <Process-Node inactive="true">
         <Name>printError</Name>
         <Action>
            <Class-Name>com.hp.ov.activator.mwfm.component.builtin.PutMessage</Class-Name>
            <Param name="message" value="error %s wtth_result_desc %s"/>
            <Param name="queue" value="variable:WORKFLOW_NAME"/>
            <Param name="param0" value="wtth_result_code"/>
            <Param name="param1" value="wtth_result_desc"/>
         </Action>
         <Next-Node>LogError</Next-Node>
      </Process-Node>
      <Process-Node>
         <Name>LogError</Name>
         <Action>
            <Class-Name>com.hp.ov.activator.mwfm.component.builtin.Log</Class-Name>
            <Param name="component_name" value="variable:WORKFLOW_NAME"/>
            <Param name="log_level" value="ERROR"/>
            <Param name="log_manager" value="WTTH_log_manager"/>
            <Param name="log_message" value="-action_name[%s] -fixed_number[%s] -wtth_result_code[%s] -wtth_result_desc[%s] -parent_JOB_ID[%s]"/>
            <Param name="param0" value="action_name"/>
            <Param name="param1" value="fixed_telephone_number_new"/>
            <Param name="param2" value="wtth_result_code"/>
            <Param name="param3" value="wtth_result_desc"/>
            <Param name="param4" value="controller_JOB_ID"/>
         </Action>
      </Process-Node>
      <Process-Node disablePersistence="true">
         <Name>mapError06</Name>
         <Action>
            <Class-Name>com.hp.ov.activator.mwfm.component.builtin.VariableMapper</Class-Name>
            <Param name="wtth_result_code" value="%wtth_result_code_rb%"/>
            <Param name="wtth_result_desc" value="UNDO_NO_OK.%wtth_result_desc_rb%"/>
         </Action>
         <Next-Node>Error</Next-Node>
      </Process-Node>
      <Process-Node disablePersistence="true">
         <Name>mapError05</Name>
         <Action>
            <Class-Name>com.hp.ov.activator.mwfm.component.builtin.VariableMapper</Class-Name>
            <Param name="wtth_result_code" value="%wtth_result_code_rb%"/>
            <Param name="wtth_result_desc" value="UNDO_NO_OK.%wtth_result_desc%"/>
         </Action>
         <Next-Node>Error</Next-Node>
      </Process-Node>
      <Process-Node disablePersistence="true">
         <Name>mapError</Name>
         <Action>
            <Class-Name>com.hp.ov.activator.mwfm.component.builtin.VariableMapper</Class-Name>
            <Param name="wtth_result_code" value="7"/>
            <Param name="wtth_result_desc" value="no se pudo insertar el registro en base de datos."/>
         </Action>
         <Next-Node>mapActionName1</Next-Node>
      </Process-Node>
      <Process-Node disablePersistence="true">
         <Name>mapActionName</Name>
         <Action>
            <Class-Name>com.hp.ov.activator.mwfm.component.builtin.VariableMapper</Class-Name>
            <Param name="action_name" value="DELETE"/>
            <Param name="wtth_result_code_rb" value="%wtth_result_code%"/>
            <Param name="wtth_result_desc_rb" value="%wtth_result_desc%"/>
         </Action>
         <Next-Node>IMS2</Next-Node>
      </Process-Node>
      <Process-Node>
         <Name>IMS2</Name>
         <Action>
            <Class-Name>com.hp.ov.activator.mwfm.component.builtin.StartJobAndWait</Class-Name>
            <Param name="queue" value="controller_queue"/>
            <Param name="workflow_name" value="constant:WTTH_IMS_DELETE"/>
            <Param name="destination0" value="services_JOB_ID"/>
            <Param name="outputvar0" value="wtth_result_code"/>
            <Param name="variable0" value="JOB_ID"/>
            <Param name="destination1" value="telephone_number"/>
            <Param name="outputvar1" value="wtth_result_desc"/>
            <Param name="variable1" value="fixed_telephone_number_new"/>
            <Param name="destination2" value="pwd_value"/>
            <Param name="variable2" value="password_customer"/>
            <Param name="destination3" value="action_Name"/>
            <Param name="variable3" value="action_name"/>
            <Param name="variable4" value="account_number"/>
            <Param name="destination5" value="geo_id"/>
            <Param name="variable5" value="geographical_location_id"/>
            <Param name="destination6" value="service_class"/>
            <Param name="variable6" value="service_id_new"/>
         </Action>
         <Next-Node>ImsDeleteOK?</Next-Node>
      </Process-Node>
      <Rule-Node disablePersistence="true">
         <Name>ImsDeleteOK?</Name>
         <Action>
            <Class-Name>com.hp.ov.activator.mwfm.component.builtin.Equal</Class-Name>
            <Param name="op1" value="wtth_result_code"/>
            <Param name="op2" value="constant:0"/>
         </Action>
         <True-Next-Node>mapError02</True-Next-Node>
         <False-Next-Node>mapError04</False-Next-Node>
      </Rule-Node>
      <Process-Node disablePersistence="true">
         <Name>mapError02</Name>
         <Action>
            <Class-Name>com.hp.ov.activator.mwfm.component.builtin.VariableMapper</Class-Name>
            <Param name="wtth_result_code" value="%wtth_result_code_rb%"/>
            <Param name="wtth_result_desc" value="UNDO_OK. %wtth_result_desc_rb%"/>
         </Action>
         <Next-Node>Error</Next-Node>
      </Process-Node>
      <Process-Node disablePersistence="true">
         <Name>mapError04</Name>
         <Action>
            <Class-Name>com.hp.ov.activator.mwfm.component.builtin.VariableMapper</Class-Name>
            <Param name="wtth_result_code" value="%wtth_result_code%"/>
            <Param name="wtth_result_desc" value="UNDO_NO_OK.%wtth_result_desc_rb%"/>
         </Action>
         <Next-Node>Error</Next-Node>
      </Process-Node>
      <Process-Node disablePersistence="true">
         <Name>mapError01</Name>
         <Action>
            <Class-Name>com.hp.ov.activator.mwfm.component.builtin.VariableMapper</Class-Name>
            <Param name="wtth_result_code" value="%wtth_result_code%"/>
         </Action>
         <Next-Node>Error</Next-Node>
      </Process-Node>
      <Process-Node disablePersistence="true">
         <Name>mapError07</Name>
         <Action>
            <Class-Name>com.hp.ov.activator.mwfm.component.builtin.VariableMapper</Class-Name>
            <Param name="wtth_result_code" value="7"/>
            <Param name="wtth_result_desc" value="Service already exist"/>
         </Action>
         <Next-Node>Error</Next-Node>
      </Process-Node>
      <Process-Node>
         <Name>QueryInventory</Name>
         <Action>
            <Class-Name>com.hp.ov.activator.mwfm.component.builtin.QueryInventory</Class-Name>
            <Param name="bean" value="constant:com.hpe.ov.activator.inventory.ErrorHandling"/>
            <Param name="find_by_method" value="constant:findAll"/>
            <Param name="return_array" value="constant:true"/>
            <Param name="variable" value="error_handling_obj"/>
            <Param name="where" value="constant:ERROR_CODE = &apos;%s&apos;"/>
            <Param name="param0" value="wtth_result_code"/>
         </Action>
         <Next-Node>errorFound?</Next-Node>
      </Process-Node>
      <Rule-Node disablePersistence="true">
         <Name>errorFound?</Name>
         <Action>
            <Class-Name>com.hp.ov.activator.mwfm.component.builtin.Equal</Class-Name>
            <Param name="op1" value="error_handling_obj#"/>
            <Param name="op2" value="constant:0"/>
         </Action>
         <True-Next-Node>noMapErrorDesc</True-Next-Node>
         <False-Next-Node>mapErrorDesc</False-Next-Node>
      </Rule-Node>
      <Process-Node disablePersistence="true">
         <Name>mapErrorDesc</Name>
         <Action>
            <Class-Name>com.hp.ov.activator.mwfm.component.builtin.VariableMapper</Class-Name>
            <Param name="wtth_result_desc" value="%error_handling_obj[0].errorDesc%"/>
         </Action>
         <Next-Node>UnlockTable1</Next-Node>
      </Process-Node>
      <Process-Node disablePersistence="true">
         <Name>noMapErrorDesc</Name>
         <Action>
            <Class-Name>com.hp.ov.activator.mwfm.component.builtin.VariableMapper</Class-Name>
            <Param name="wtth_result_desc" value="Error not Found"/>
         </Action>
         <Next-Node>UnlockTable1</Next-Node>
      </Process-Node>
   </Nodes>
   <Error-Handler>
      <Name>PutMessageHandler</Name>
      <Class-Name>com.hp.ov.activator.mwfm.component.builtin.PutMessageHandler</Class-Name>
      <Param name="message" value="variable:RET_TEXT"/>
      <Param name="queue" value="Errors"/>
   </Error-Handler>
   <Error-Handler>
      <Name>SyncHandler</Name>
      <Class-Name>com.hp.ov.activator.mwfm.component.builtin.SyncHandler</Class-Name>
      <Param name="job_id" value="controller_JOB_ID"/>
      <Param name="queue" value="constant:controller_queue"/>
      <Param name="variable0" value="wtth_result_code"/>
      <Param name="variable1" value="wtth_result_desc"/>
   </Error-Handler>
   <End-Handler>
      <Name>SyncHandler1</Name>
      <Class-Name>com.hp.ov.activator.mwfm.component.builtin.SyncHandler</Class-Name>
      <Param name="job_id" value="controller_JOB_ID"/>
      <Param name="queue" value="constant:controller_queue"/>
      <Param name="variable0" value="wtth_result_code"/>
      <Param name="variable1" value="wtth_result_desc"/>
   </End-Handler>
   <Case-Packet>
      <Variable name="ANNOTATION" type="String"/>
      <Variable name="BREAK_POINT" type="String"/>
      <Variable name="DEFAULT_ROLE" type="String"/>
      <Variable name="EMPTY_STRING" type="String"/>
      <Variable name="ETC" type="String"/>
      <Variable name="EX_STEP_NAME" type="String"/>
      <Variable name="FILE_URL_PREFIX" type="String"/>
      <Variable name="HOST_NAME" type="String"/>
      <Variable name="JOB_ID" type="Integer"/>
      <Variable name="KILLED" type="Boolean"/>
      <Variable name="KILL_ROLE" type="String"/>
      <Variable name="MACRO_OUTPUT" type="Object"/>
      <Variable name="MASTER_CHILD_JOBS" type="Object"/>
      <Variable name="MUTEX" type="Boolean"/>
      <Variable name="NULL" type="Object"/>
      <Variable name="PRIORITY" type="Integer"/>
      <Variable name="RESERVATIONS" type="Object"/>
      <Variable name="RET_TEXT" type="String"/>
      <Variable name="RET_VALUE" type="Integer"/>
      <Variable name="RUNTIME" type="Object"/>
      <Variable name="SCHEDULED_INFO" type="Object"/>
      <Variable name="SERVICE_ID" type="String"/>
      <Variable name="SOLUTION_ETC" type="String"/>
      <Variable name="SOLUTION_NAME" type="String"/>
      <Variable name="SOLUTION_VAR" type="String"/>
      <Variable name="SOR_ID" type="Integer"/>
      <Variable name="START_ROLE" type="String"/>
      <Variable name="START_TIME" type="Integer"/>
      <Variable name="STATUS" type="String"/>
      <Variable name="STEP_NAME" type="String"/>
      <Variable name="SUBSTEP" type="String"/>
      <Variable name="THROW_EXCEP" type="Boolean"/>
      <Variable name="TIMEOUT" type="Boolean"/>
      <Variable name="TRACE_ROLE" type="String"/>
      <Variable name="UNIQUE_WORKFLOW" type="Integer"/>
      <Variable name="VAR" type="String"/>
      <Variable name="WORKFLOW_EXCEPTION" type="Object"/>
      <Variable name="WORKFLOW_EXECUTION_STATUS" type="String"/>
      <Variable name="WORKFLOW_NAME" type="String"/>
      <Variable name="WORKFLOW_ORDER_ID" type="String"/>
      <Variable name="WORKFLOW_STATE" type="String"/>
      <Variable name="WORKFLOW_TYPE" type="String"/>
      <Variable name="WORKFLOW_VERSION" type="Integer"/>
      <Variable name="account_number" type="String"/>
      <Variable name="action_name" type="String"/>
      <Variable name="activation_description" type="String"/>
      <Variable name="activation_major_code" type="Integer"/>
      <Variable name="activation_minor_code" type="Integer"/>
      <Variable name="controller_JOB_ID" type="Integer"/>
      <Variable name="customer" type="String"/>
      <Variable name="customer_name" type="String"/>
      <Variable name="email_customer" type="String"/>
      <Variable name="error_handling_obj" type="Object"/>
      <Variable name="fixed_telephone_number_new" type="String"/>
      <Variable name="geographical_location_id" type="String"/>
      <Variable name="message_url" type="String"/>
      <Variable name="mobile_telephone_number_new" type="String"/>
      <Variable name="module_name" type="String"/>
      <Variable name="password_customer" type="String"/>
      <Variable name="service_id_new" type="String"/>
      <Variable name="service_type" type="String"/>
      <Variable name="service_wo" type="String"/>
      <Variable name="services_obj" type="Object"/>
      <Variable name="skip_activation" type="Boolean"/>
      <Variable name="ssw_id_new" type="String"/>
      <Variable name="wtth_result_code" type="Integer"/>
      <Variable name="wtth_result_code_rb" type="Integer"/>
      <Variable name="wtth_result_desc" type="String"/>
      <Variable name="wtth_result_desc_rb" type="String"/>
   </Case-Packet>
   <Initial-Case-Packet>
      <Variable-Value name="FILE_URL_PREFIX" value="file:///"/>
      <Variable-Value name="SOLUTION_NAME" value="WTTH"/>
      <Variable-Value name="WORKFLOW_NAME" value="WTTH_CREATE_SERVICES"/>
      <Variable-Value name="WORKFLOW_VERSION" value="-1"/>
   </Initial-Case-Packet>
   <Coordinates>
      <Position>
         <Name>Error</Name>
         <X>573</X>
         <Y>841</Y>
         <Width>61</Width>
         <Height>48</Height>
      </Position>
      <Position>
         <Name>IMS</Name>
         <X>484</X>
         <Y>128</Y>
         <Width>61</Width>
         <Height>48</Height>
      </Position>
      <Position>
         <Name>IMS2</Name>
         <X>785</X>
         <Y>309</Y>
         <Width>61</Width>
         <Height>48</Height>
      </Position>
      <Position>
         <Name>IMS3</Name>
         <X>980</X>
         <Y>624</Y>
         <Width>61</Width>
         <Height>48</Height>
      </Position>
      <Position>
         <Name>ImsDeleteOK?</Name>
         <X>761</X>
         <Y>390</Y>
         <Width>109</Width>
         <Height>26</Height>
      </Position>
      <Position>
         <Name>ImsDeleteOK?_</Name>
         <X>952</X>
         <Y>695</Y>
         <Width>116</Width>
         <Height>26</Height>
      </Position>
      <Position>
         <Name>LockTable</Name>
         <X>392</X>
         <Y>128</Y>
         <Width>67</Width>
         <Height>48</Height>
      </Position>
      <Position>
         <Name>LogEnd</Name>
         <X>3151</X>
         <Y>128</Y>
         <Width>61</Width>
         <Height>48</Height>
      </Position>
      <Position>
         <Name>LogError</Name>
         <X>573</X>
         <Y>1068</Y>
         <Width>61</Width>
         <Height>48</Height>
      </Position>
      <Position>
         <Name>LogStart</Name>
         <X>121</X>
         <Y>128</Y>
         <Width>61</Width>
         <Height>48</Height>
      </Position>
      <Position>
         <Name>NNC</Name>
         <X>670</X>
         <Y>128</Y>
         <Width>61</Width>
         <Height>48</Height>
      </Position>
      <Position>
         <Name>NNCDel1</Name>
         <X>980</X>
         <Y>314</Y>
         <Width>61</Width>
         <Height>48</Height>
      </Position>
      <Position>
         <Name>NNCDeleteOK?</Name>
         <X>954</X>
         <Y>548</Y>
         <Width>112</Width>
         <Height>26</Height>
      </Position>
      <Position>
         <Name>NNCOK?</Name>
         <X>777</X>
         <Y>139</Y>
         <Width>76</Width>
         <Height>26</Height>
      </Position>
      <Position>
         <Name>PutMessage</Name>
         <X>29</X>
         <Y>128</Y>
         <Width>78</Width>
         <Height>48</Height>
      </Position>
      <Position>
         <Name>PutMessage4</Name>
         <X>1859</X>
         <Y>128</Y>
         <Width>85</Width>
         <Height>48</Height>
      </Position>
      <Position>
         <Name>PutMessage41</Name>
         <X>2119</X>
         <Y>128</Y>
         <Width>92</Width>
         <Height>48</Height>
      </Position>
      <Position>
         <Name>PutMessage411</Name>
         <X>2380</X>
         <Y>128</Y>
         <Width>99</Width>
         <Height>48</Height>
      </Position>
      <Position>
         <Name>PutMessage412</Name>
         <X>2596</X>
         <Y>128</Y>
         <Width>99</Width>
         <Height>48</Height>
      </Position>
      <Position>
         <Name>PutMessage413</Name>
         <X>2813</X>
         <Y>128</Y>
         <Width>99</Width>
         <Height>48</Height>
      </Position>
      <Position>
         <Name>QueryInventory</Name>
         <X>954</X>
         <Y>880</Y>
         <Width>97</Width>
         <Height>48</Height>
      </Position>
      <Position>
         <Name>SR</Name>
         <X>891</X>
         <Y>128</Y>
         <Width>61</Width>
         <Height>48</Height>
      </Position>
      <Position>
         <Name>SROK?</Name>
         <X>976</X>
         <Y>139</Y>
         <Width>68</Width>
         <Height>26</Height>
      </Position>
      <Position>
         <Name>UnlockTable</Name>
         <X>2936</X>
         <Y>128</Y>
         <Width>79</Width>
         <Height>48</Height>
      </Position>
      <Position>
         <Name>UnlockTable1</Name>
         <X>560</X>
         <Y>935</Y>
         <Width>86</Width>
         <Height>48</Height>
      </Position>
      <Position>
         <Name>action=create?</Name>
         <X>1221</X>
         <Y>7</Y>
         <Width>115</Width>
         <Height>26</Height>
      </Position>
      <Position>
         <Name>createOK?</Name>
         <X>1234</X>
         <Y>139</Y>
         <Width>88</Width>
         <Height>26</Height>
      </Position>
      <Position>
         <Name>customer?</Name>
         <X>1533</X>
         <Y>139</Y>
         <Width>89</Width>
         <Height>26</Height>
      </Position>
      <Position>
         <Name>errorFound?</Name>
         <X>953</X>
         <Y>947</Y>
         <Width>100</Width>
         <Height>26</Height>
      </Position>
      <Position>
         <Name>fixed_tn?</Name>
         <X>2490</X>
         <Y>139</Y>
         <Width>81</Width>
         <Height>26</Height>
      </Position>
      <Position>
         <Name>geo_loc_id?</Name>
         <X>1984</X>
         <Y>139</Y>
         <Width>97</Width>
         <Height>26</Height>
      </Position>
      <Position>
         <Name>get Services</Name>
         <X>194</X>
         <Y>128</Y>
         <Width>80</Width>
         <Height>48</Height>
      </Position>
      <Position>
         <Name>imsOK?</Name>
         <X>567</X>
         <Y>139</Y>
         <Width>72</Width>
         <Height>26</Height>
      </Position>
      <Position>
         <Name>insertCustomerbd</Name>
         <X>1389</X>
         <Y>128</Y>
         <Width>111</Width>
         <Height>48</Height>
      </Position>
      <Position>
         <Name>insertCustomerbn</Name>
         <X>1389</X>
         <Y>44</Y>
         <Width>111</Width>
         <Height>48</Height>
      </Position>
      <Position>
         <Name>insertGeoLocId</Name>
         <X>1985</X>
         <Y>220</Y>
         <Width>94</Width>
         <Height>48</Height>
      </Position>
      <Position>
         <Name>insertMobileTN</Name>
         <X>2707</X>
         <Y>46</Y>
         <Width>95</Width>
         <Height>48</Height>
      </Position>
      <Position>
         <Name>insertSSWId</Name>
         <X>2278</X>
         <Y>46</Y>
         <Width>81</Width>
         <Height>48</Height>
      </Position>
      <Position>
         <Name>insertServiceWo</Name>
         <X>1787</X>
         <Y>46</Y>
         <Width>103</Width>
         <Height>48</Height>
      </Position>
      <Position>
         <Name>insertServices</Name>
         <X>1080</X>
         <Y>128</Y>
         <Width>90</Width>
         <Height>48</Height>
      </Position>
      <Position>
         <Name>insertfixedTN</Name>
         <X>2488</X>
         <Y>220</Y>
         <Width>85</Width>
         <Height>48</Height>
      </Position>
      <Position>
         <Name>mapActionName</Name>
         <X>764</X>
         <Y>218</Y>
         <Width>103</Width>
         <Height>48</Height>
      </Position>
      <Position>
         <Name>mapActionName1</Name>
         <X>955</X>
         <Y>238</Y>
         <Width>110</Width>
         <Height>48</Height>
      </Position>
      <Position>
         <Name>mapError</Name>
         <X>1246</X>
         <Y>190</Y>
         <Width>64</Width>
         <Height>48</Height>
      </Position>
      <Position>
         <Name>mapError00</Name>
         <X>3058</X>
         <Y>128</Y>
         <Width>78</Width>
         <Height>48</Height>
      </Position>
      <Position>
         <Name>mapError01</Name>
         <X>564</X>
         <Y>226</Y>
         <Width>78</Width>
         <Height>48</Height>
      </Position>
      <Position>
         <Name>mapError02</Name>
         <X>776</X>
         <Y>457</Y>
         <Width>78</Width>
         <Height>48</Height>
      </Position>
      <Position>
         <Name>mapError03</Name>
         <X>971</X>
         <Y>739</Y>
         <Width>78</Width>
         <Height>48</Height>
      </Position>
      <Position>
         <Name>mapError04</Name>
         <X>643</X>
         <Y>379</Y>
         <Width>78</Width>
         <Height>48</Height>
      </Position>
      <Position>
         <Name>mapError05</Name>
         <X>779</X>
         <Y>537</Y>
         <Width>78</Width>
         <Height>48</Height>
      </Position>
      <Position>
         <Name>mapError06</Name>
         <X>781</X>
         <Y>684</Y>
         <Width>78</Width>
         <Height>48</Height>
      </Position>
      <Position>
         <Name>mapError07</Name>
         <X>294</X>
         <Y>312</Y>
         <Width>78</Width>
         <Height>48</Height>
      </Position>
      <Position>
         <Name>mapError08</Name>
         <X>1538</X>
         <Y>238</Y>
         <Width>78</Width>
         <Height>48</Height>
      </Position>
      <Position>
         <Name>mapErrorDesc</Name>
         <X>958</X>
         <Y>996</Y>
         <Width>91</Width>
         <Height>48</Height>
      </Position>
      <Position>
         <Name>mobile_tn?</Name>
         <X>2708</X>
         <Y>139</Y>
         <Width>92</Width>
         <Height>26</Height>
      </Position>
      <Position>
         <Name>noMapErrorDesc</Name>
         <X>1112</X>
         <Y>935</Y>
         <Width>104</Width>
         <Height>48</Height>
      </Position>
      <Position>
         <Name>printError</Name>
         <X>571</X>
         <Y>1002</Y>
         <Width>65</Width>
         <Height>48</Height>
      </Position>
      <Position>
         <Name>service_wo?</Name>
         <X>1724</X>
         <Y>139</Y>
         <Width>100</Width>
         <Height>26</Height>
      </Position>
      <Position>
         <Name>services?</Name>
         <X>292</X>
         <Y>139</Y>
         <Width>82</Width>
         <Height>26</Height>
      </Position>
      <Position>
         <Name>ssw_id?</Name>
         <X>2281</X>
         <Y>139</Y>
         <Width>75</Width>
         <Height>26</Height>
      </Position>
      <Arrows>
         <Name>Error</Name>
         <True-Arrow>
            <Type>0</Type>
            <DeltaX>0</DeltaX>
            <DeltaY>0</DeltaY>
         </True-Arrow>
         <False-Arrow>
            <Type>0</Type>
            <DeltaX>0</DeltaX>
            <DeltaY>0</DeltaY>
         </False-Arrow>
      </Arrows>
      <Arrows>
         <Name>IMS</Name>
         <True-Arrow>
            <Type>0</Type>
            <DeltaX>0</DeltaX>
            <DeltaY>0</DeltaY>
         </True-Arrow>
         <False-Arrow>
            <Type>0</Type>
            <DeltaX>0</DeltaX>
            <DeltaY>0</DeltaY>
         </False-Arrow>
      </Arrows>
      <Arrows>
         <Name>IMS2</Name>
         <True-Arrow>
            <Type>0</Type>
            <DeltaX>0</DeltaX>
            <DeltaY>0</DeltaY>
         </True-Arrow>
         <False-Arrow>
            <Type>0</Type>
            <DeltaX>0</DeltaX>
            <DeltaY>0</DeltaY>
         </False-Arrow>
      </Arrows>
      <Arrows>
         <Name>IMS3</Name>
         <True-Arrow>
            <Type>0</Type>
            <DeltaX>0</DeltaX>
            <DeltaY>0</DeltaY>
         </True-Arrow>
         <False-Arrow>
            <Type>0</Type>
            <DeltaX>0</DeltaX>
            <DeltaY>0</DeltaY>
         </False-Arrow>
      </Arrows>
      <Arrows>
         <Name>ImsDeleteOK?</Name>
         <True-Arrow>
            <Type>0</Type>
            <DeltaX>0</DeltaX>
            <DeltaY>0</DeltaY>
         </True-Arrow>
         <False-Arrow>
            <Type>0</Type>
            <DeltaX>0</DeltaX>
            <DeltaY>0</DeltaY>
         </False-Arrow>
      </Arrows>
      <Arrows>
         <Name>ImsDeleteOK?_</Name>
         <True-Arrow>
            <Type>0</Type>
            <DeltaX>0</DeltaX>
            <DeltaY>0</DeltaY>
         </True-Arrow>
         <False-Arrow>
            <Type>0</Type>
            <DeltaX>0</DeltaX>
            <DeltaY>0</DeltaY>
         </False-Arrow>
      </Arrows>
      <Arrows>
         <Name>LockTable</Name>
         <True-Arrow>
            <Type>0</Type>
            <DeltaX>0</DeltaX>
            <DeltaY>0</DeltaY>
         </True-Arrow>
         <False-Arrow>
            <Type>0</Type>
            <DeltaX>0</DeltaX>
            <DeltaY>0</DeltaY>
         </False-Arrow>
      </Arrows>
      <Arrows>
         <Name>LogEnd</Name>
         <True-Arrow>
            <Type>0</Type>
            <DeltaX>0</DeltaX>
            <DeltaY>0</DeltaY>
         </True-Arrow>
         <False-Arrow>
            <Type>0</Type>
            <DeltaX>0</DeltaX>
            <DeltaY>0</DeltaY>
         </False-Arrow>
      </Arrows>
      <Arrows>
         <Name>LogError</Name>
         <True-Arrow>
            <Type>0</Type>
            <DeltaX>0</DeltaX>
            <DeltaY>0</DeltaY>
         </True-Arrow>
         <False-Arrow>
            <Type>0</Type>
            <DeltaX>0</DeltaX>
            <DeltaY>0</DeltaY>
         </False-Arrow>
      </Arrows>
      <Arrows>
         <Name>LogStart</Name>
         <True-Arrow>
            <Type>0</Type>
            <DeltaX>0</DeltaX>
            <DeltaY>0</DeltaY>
         </True-Arrow>
         <False-Arrow>
            <Type>0</Type>
            <DeltaX>0</DeltaX>
            <DeltaY>0</DeltaY>
         </False-Arrow>
      </Arrows>
      <Arrows>
         <Name>NNC</Name>
         <True-Arrow>
            <Type>0</Type>
            <DeltaX>0</DeltaX>
            <DeltaY>0</DeltaY>
         </True-Arrow>
         <False-Arrow>
            <Type>0</Type>
            <DeltaX>0</DeltaX>
            <DeltaY>0</DeltaY>
         </False-Arrow>
      </Arrows>
      <Arrows>
         <Name>NNCDel1</Name>
         <True-Arrow>
            <Type>0</Type>
            <DeltaX>0</DeltaX>
            <DeltaY>0</DeltaY>
         </True-Arrow>
         <False-Arrow>
            <Type>0</Type>
            <DeltaX>0</DeltaX>
            <DeltaY>0</DeltaY>
         </False-Arrow>
      </Arrows>
      <Arrows>
         <Name>NNCDeleteOK?</Name>
         <True-Arrow>
            <Type>0</Type>
            <DeltaX>0</DeltaX>
            <DeltaY>0</DeltaY>
         </True-Arrow>
         <False-Arrow>
            <Type>0</Type>
            <DeltaX>0</DeltaX>
            <DeltaY>0</DeltaY>
         </False-Arrow>
      </Arrows>
      <Arrows>
         <Name>NNCOK?</Name>
         <True-Arrow>
            <Type>0</Type>
            <DeltaX>0</DeltaX>
            <DeltaY>0</DeltaY>
         </True-Arrow>
         <False-Arrow>
            <Type>0</Type>
            <DeltaX>0</DeltaX>
            <DeltaY>0</DeltaY>
         </False-Arrow>
      </Arrows>
      <Arrows>
         <Name>PutMessage</Name>
         <True-Arrow>
            <Type>0</Type>
            <DeltaX>0</DeltaX>
            <DeltaY>0</DeltaY>
         </True-Arrow>
         <False-Arrow>
            <Type>0</Type>
            <DeltaX>0</DeltaX>
            <DeltaY>0</DeltaY>
         </False-Arrow>
      </Arrows>
      <Arrows>
         <Name>PutMessage4</Name>
         <True-Arrow>
            <Type>0</Type>
            <DeltaX>0</DeltaX>
            <DeltaY>0</DeltaY>
         </True-Arrow>
         <False-Arrow>
            <Type>0</Type>
            <DeltaX>0</DeltaX>
            <DeltaY>0</DeltaY>
         </False-Arrow>
      </Arrows>
      <Arrows>
         <Name>PutMessage41</Name>
         <True-Arrow>
            <Type>0</Type>
            <DeltaX>0</DeltaX>
            <DeltaY>0</DeltaY>
         </True-Arrow>
         <False-Arrow>
            <Type>0</Type>
            <DeltaX>0</DeltaX>
            <DeltaY>0</DeltaY>
         </False-Arrow>
      </Arrows>
      <Arrows>
         <Name>PutMessage411</Name>
         <True-Arrow>
            <Type>0</Type>
            <DeltaX>0</DeltaX>
            <DeltaY>0</DeltaY>
         </True-Arrow>
         <False-Arrow>
            <Type>0</Type>
            <DeltaX>0</DeltaX>
            <DeltaY>0</DeltaY>
         </False-Arrow>
      </Arrows>
      <Arrows>
         <Name>PutMessage412</Name>
         <True-Arrow>
            <Type>0</Type>
            <DeltaX>0</DeltaX>
            <DeltaY>0</DeltaY>
         </True-Arrow>
         <False-Arrow>
            <Type>0</Type>
            <DeltaX>0</DeltaX>
            <DeltaY>0</DeltaY>
         </False-Arrow>
      </Arrows>
      <Arrows>
         <Name>PutMessage413</Name>
         <True-Arrow>
            <Type>0</Type>
            <DeltaX>0</DeltaX>
            <DeltaY>0</DeltaY>
         </True-Arrow>
         <False-Arrow>
            <Type>0</Type>
            <DeltaX>0</DeltaX>
            <DeltaY>0</DeltaY>
         </False-Arrow>
      </Arrows>
      <Arrows>
         <Name>QueryInventory</Name>
         <True-Arrow>
            <Type>0</Type>
            <DeltaX>0</DeltaX>
            <DeltaY>0</DeltaY>
         </True-Arrow>
         <False-Arrow>
            <Type>0</Type>
            <DeltaX>0</DeltaX>
            <DeltaY>0</DeltaY>
         </False-Arrow>
      </Arrows>
      <Arrows>
         <Name>SR</Name>
         <True-Arrow>
            <Type>0</Type>
            <DeltaX>0</DeltaX>
            <DeltaY>0</DeltaY>
         </True-Arrow>
         <False-Arrow>
            <Type>0</Type>
            <DeltaX>0</DeltaX>
            <DeltaY>0</DeltaY>
         </False-Arrow>
      </Arrows>
      <Arrows>
         <Name>SROK?</Name>
         <True-Arrow>
            <Type>0</Type>
            <DeltaX>0</DeltaX>
            <DeltaY>0</DeltaY>
         </True-Arrow>
         <False-Arrow>
            <Type>0</Type>
            <DeltaX>0</DeltaX>
            <DeltaY>0</DeltaY>
         </False-Arrow>
      </Arrows>
      <Arrows>
         <Name>UnlockTable</Name>
         <True-Arrow>
            <Type>0</Type>
            <DeltaX>0</DeltaX>
            <DeltaY>0</DeltaY>
         </True-Arrow>
         <False-Arrow>
            <Type>0</Type>
            <DeltaX>0</DeltaX>
            <DeltaY>0</DeltaY>
         </False-Arrow>
      </Arrows>
      <Arrows>
         <Name>UnlockTable1</Name>
         <True-Arrow>
            <Type>0</Type>
            <DeltaX>0</DeltaX>
            <DeltaY>0</DeltaY>
         </True-Arrow>
         <False-Arrow>
            <Type>0</Type>
            <DeltaX>0</DeltaX>
            <DeltaY>0</DeltaY>
         </False-Arrow>
      </Arrows>
      <Arrows>
         <Name>action=create?</Name>
         <True-Arrow>
            <Type>2</Type>
            <DeltaX>0</DeltaX>
            <DeltaY>0</DeltaY>
         </True-Arrow>
         <False-Arrow>
            <Type>2</Type>
            <DeltaX>0</DeltaX>
            <DeltaY>0</DeltaY>
         </False-Arrow>
      </Arrows>
      <Arrows>
         <Name>createOK?</Name>
         <True-Arrow>
            <Type>0</Type>
            <DeltaX>0</DeltaX>
            <DeltaY>0</DeltaY>
         </True-Arrow>
         <False-Arrow>
            <Type>0</Type>
            <DeltaX>0</DeltaX>
            <DeltaY>0</DeltaY>
         </False-Arrow>
      </Arrows>
      <Arrows>
         <Name>customer?</Name>
         <True-Arrow>
            <Type>0</Type>
            <DeltaX>0</DeltaX>
            <DeltaY>0</DeltaY>
         </True-Arrow>
         <False-Arrow>
            <Type>0</Type>
            <DeltaX>0</DeltaX>
            <DeltaY>0</DeltaY>
         </False-Arrow>
      </Arrows>
      <Arrows>
         <Name>errorFound?</Name>
         <True-Arrow>
            <Type>0</Type>
            <DeltaX>0</DeltaX>
            <DeltaY>0</DeltaY>
         </True-Arrow>
         <False-Arrow>
            <Type>0</Type>
            <DeltaX>0</DeltaX>
            <DeltaY>0</DeltaY>
         </False-Arrow>
      </Arrows>
      <Arrows>
         <Name>fixed_tn?</Name>
         <True-Arrow>
            <Type>0</Type>
            <DeltaX>0</DeltaX>
            <DeltaY>0</DeltaY>
         </True-Arrow>
         <False-Arrow>
            <Type>0</Type>
            <DeltaX>0</DeltaX>
            <DeltaY>0</DeltaY>
         </False-Arrow>
      </Arrows>
      <Arrows>
         <Name>geo_loc_id?</Name>
         <True-Arrow>
            <Type>0</Type>
            <DeltaX>0</DeltaX>
            <DeltaY>0</DeltaY>
         </True-Arrow>
         <False-Arrow>
            <Type>0</Type>
            <DeltaX>0</DeltaX>
            <DeltaY>0</DeltaY>
         </False-Arrow>
      </Arrows>
      <Arrows>
         <Name>get Services</Name>
         <True-Arrow>
            <Type>0</Type>
            <DeltaX>0</DeltaX>
            <DeltaY>0</DeltaY>
         </True-Arrow>
         <False-Arrow>
            <Type>0</Type>
            <DeltaX>0</DeltaX>
            <DeltaY>0</DeltaY>
         </False-Arrow>
      </Arrows>
      <Arrows>
         <Name>imsOK?</Name>
         <True-Arrow>
            <Type>0</Type>
            <DeltaX>0</DeltaX>
            <DeltaY>0</DeltaY>
         </True-Arrow>
         <False-Arrow>
            <Type>0</Type>
            <DeltaX>0</DeltaX>
            <DeltaY>0</DeltaY>
         </False-Arrow>
      </Arrows>
      <Arrows>
         <Name>insertCustomerbd</Name>
         <True-Arrow>
            <Type>0</Type>
            <DeltaX>0</DeltaX>
            <DeltaY>0</DeltaY>
         </True-Arrow>
         <False-Arrow>
            <Type>0</Type>
            <DeltaX>0</DeltaX>
            <DeltaY>0</DeltaY>
         </False-Arrow>
      </Arrows>
      <Arrows>
         <Name>insertCustomerbn</Name>
         <True-Arrow>
            <Type>0</Type>
            <DeltaX>0</DeltaX>
            <DeltaY>0</DeltaY>
         </True-Arrow>
         <False-Arrow>
            <Type>0</Type>
            <DeltaX>0</DeltaX>
            <DeltaY>0</DeltaY>
         </False-Arrow>
      </Arrows>
      <Arrows>
         <Name>insertGeoLocId</Name>
         <True-Arrow>
            <Type>2</Type>
            <DeltaX>0</DeltaX>
            <DeltaY>0</DeltaY>
         </True-Arrow>
         <False-Arrow>
            <Type>0</Type>
            <DeltaX>0</DeltaX>
            <DeltaY>0</DeltaY>
         </False-Arrow>
      </Arrows>
      <Arrows>
         <Name>insertMobileTN</Name>
         <True-Arrow>
            <Type>2</Type>
            <DeltaX>0</DeltaX>
            <DeltaY>0</DeltaY>
         </True-Arrow>
         <False-Arrow>
            <Type>0</Type>
            <DeltaX>0</DeltaX>
            <DeltaY>0</DeltaY>
         </False-Arrow>
      </Arrows>
      <Arrows>
         <Name>insertSSWId</Name>
         <True-Arrow>
            <Type>2</Type>
            <DeltaX>0</DeltaX>
            <DeltaY>0</DeltaY>
         </True-Arrow>
         <False-Arrow>
            <Type>0</Type>
            <DeltaX>0</DeltaX>
            <DeltaY>0</DeltaY>
         </False-Arrow>
      </Arrows>
      <Arrows>
         <Name>insertServiceWo</Name>
         <True-Arrow>
            <Type>2</Type>
            <DeltaX>0</DeltaX>
            <DeltaY>0</DeltaY>
         </True-Arrow>
         <False-Arrow>
            <Type>0</Type>
            <DeltaX>0</DeltaX>
            <DeltaY>0</DeltaY>
         </False-Arrow>
      </Arrows>
      <Arrows>
         <Name>insertServices</Name>
         <True-Arrow>
            <Type>0</Type>
            <DeltaX>0</DeltaX>
            <DeltaY>0</DeltaY>
         </True-Arrow>
         <False-Arrow>
            <Type>0</Type>
            <DeltaX>0</DeltaX>
            <DeltaY>0</DeltaY>
         </False-Arrow>
      </Arrows>
      <Arrows>
         <Name>insertfixedTN</Name>
         <True-Arrow>
            <Type>2</Type>
            <DeltaX>0</DeltaX>
            <DeltaY>0</DeltaY>
         </True-Arrow>
         <False-Arrow>
            <Type>0</Type>
            <DeltaX>0</DeltaX>
            <DeltaY>0</DeltaY>
         </False-Arrow>
      </Arrows>
      <Arrows>
         <Name>mapActionName</Name>
         <True-Arrow>
            <Type>0</Type>
            <DeltaX>0</DeltaX>
            <DeltaY>0</DeltaY>
         </True-Arrow>
         <False-Arrow>
            <Type>0</Type>
            <DeltaX>0</DeltaX>
            <DeltaY>0</DeltaY>
         </False-Arrow>
      </Arrows>
      <Arrows>
         <Name>mapActionName1</Name>
         <True-Arrow>
            <Type>0</Type>
            <DeltaX>0</DeltaX>
            <DeltaY>0</DeltaY>
         </True-Arrow>
         <False-Arrow>
            <Type>0</Type>
            <DeltaX>0</DeltaX>
            <DeltaY>0</DeltaY>
         </False-Arrow>
      </Arrows>
      <Arrows>
         <Name>mapError</Name>
         <True-Arrow>
            <Type>3</Type>
            <DeltaX>0</DeltaX>
            <DeltaY>0</DeltaY>
         </True-Arrow>
         <False-Arrow>
            <Type>0</Type>
            <DeltaX>0</DeltaX>
            <DeltaY>0</DeltaY>
         </False-Arrow>
      </Arrows>
      <Arrows>
         <Name>mapError00</Name>
         <True-Arrow>
            <Type>0</Type>
            <DeltaX>0</DeltaX>
            <DeltaY>0</DeltaY>
         </True-Arrow>
         <False-Arrow>
            <Type>0</Type>
            <DeltaX>0</DeltaX>
            <DeltaY>0</DeltaY>
         </False-Arrow>
      </Arrows>
      <Arrows>
         <Name>mapError01</Name>
         <True-Arrow>
            <Type>0</Type>
            <DeltaX>0</DeltaX>
            <DeltaY>0</DeltaY>
         </True-Arrow>
         <False-Arrow>
            <Type>0</Type>
            <DeltaX>0</DeltaX>
            <DeltaY>0</DeltaY>
         </False-Arrow>
      </Arrows>
      <Arrows>
         <Name>mapError02</Name>
         <True-Arrow>
            <Type>2</Type>
            <DeltaX>0</DeltaX>
            <DeltaY>0</DeltaY>
         </True-Arrow>
         <False-Arrow>
            <Type>0</Type>
            <DeltaX>0</DeltaX>
            <DeltaY>0</DeltaY>
         </False-Arrow>
      </Arrows>
      <Arrows>
         <Name>mapError03</Name>
         <True-Arrow>
            <Type>2</Type>
            <DeltaX>0</DeltaX>
            <DeltaY>0</DeltaY>
         </True-Arrow>
         <False-Arrow>
            <Type>0</Type>
            <DeltaX>0</DeltaX>
            <DeltaY>0</DeltaY>
         </False-Arrow>
      </Arrows>
      <Arrows>
         <Name>mapError04</Name>
         <True-Arrow>
            <Type>2</Type>
            <DeltaX>0</DeltaX>
            <DeltaY>0</DeltaY>
         </True-Arrow>
         <False-Arrow>
            <Type>0</Type>
            <DeltaX>0</DeltaX>
            <DeltaY>0</DeltaY>
         </False-Arrow>
      </Arrows>
      <Arrows>
         <Name>mapError05</Name>
         <True-Arrow>
            <Type>2</Type>
            <DeltaX>0</DeltaX>
            <DeltaY>0</DeltaY>
         </True-Arrow>
         <False-Arrow>
            <Type>0</Type>
            <DeltaX>0</DeltaX>
            <DeltaY>0</DeltaY>
         </False-Arrow>
      </Arrows>
      <Arrows>
         <Name>mapError06</Name>
         <True-Arrow>
            <Type>2</Type>
            <DeltaX>0</DeltaX>
            <DeltaY>0</DeltaY>
         </True-Arrow>
         <False-Arrow>
            <Type>0</Type>
            <DeltaX>0</DeltaX>
            <DeltaY>0</DeltaY>
         </False-Arrow>
      </Arrows>
      <Arrows>
         <Name>mapError07</Name>
         <True-Arrow>
            <Type>3</Type>
            <DeltaX>0</DeltaX>
            <DeltaY>0</DeltaY>
         </True-Arrow>
         <False-Arrow>
            <Type>0</Type>
            <DeltaX>0</DeltaX>
            <DeltaY>0</DeltaY>
         </False-Arrow>
      </Arrows>
      <Arrows>
         <Name>mapError08</Name>
         <True-Arrow>
            <Type>0</Type>
            <DeltaX>0</DeltaX>
            <DeltaY>0</DeltaY>
         </True-Arrow>
         <False-Arrow>
            <Type>0</Type>
            <DeltaX>0</DeltaX>
            <DeltaY>0</DeltaY>
         </False-Arrow>
      </Arrows>
      <Arrows>
         <Name>mapErrorDesc</Name>
         <True-Arrow>
            <Type>0</Type>
            <DeltaX>0</DeltaX>
            <DeltaY>0</DeltaY>
         </True-Arrow>
         <False-Arrow>
            <Type>0</Type>
            <DeltaX>0</DeltaX>
            <DeltaY>0</DeltaY>
         </False-Arrow>
      </Arrows>
      <Arrows>
         <Name>mobile_tn?</Name>
         <True-Arrow>
            <Type>0</Type>
            <DeltaX>0</DeltaX>
            <DeltaY>0</DeltaY>
         </True-Arrow>
         <False-Arrow>
            <Type>0</Type>
            <DeltaX>0</DeltaX>
            <DeltaY>0</DeltaY>
         </False-Arrow>
      </Arrows>
      <Arrows>
         <Name>noMapErrorDesc</Name>
         <True-Arrow>
            <Type>3</Type>
            <DeltaX>0</DeltaX>
            <DeltaY>0</DeltaY>
         </True-Arrow>
         <False-Arrow>
            <Type>0</Type>
            <DeltaX>0</DeltaX>
            <DeltaY>0</DeltaY>
         </False-Arrow>
      </Arrows>
      <Arrows>
         <Name>printError</Name>
         <True-Arrow>
            <Type>0</Type>
            <DeltaX>0</DeltaX>
            <DeltaY>0</DeltaY>
         </True-Arrow>
         <False-Arrow>
            <Type>0</Type>
            <DeltaX>0</DeltaX>
            <DeltaY>0</DeltaY>
         </False-Arrow>
      </Arrows>
      <Arrows>
         <Name>service_wo?</Name>
         <True-Arrow>
            <Type>3</Type>
            <DeltaX>0</DeltaX>
            <DeltaY>0</DeltaY>
         </True-Arrow>
         <False-Arrow>
            <Type>0</Type>
            <DeltaX>0</DeltaX>
            <DeltaY>0</DeltaY>
         </False-Arrow>
      </Arrows>
      <Arrows>
         <Name>services?</Name>
         <True-Arrow>
            <Type>0</Type>
            <DeltaX>0</DeltaX>
            <DeltaY>0</DeltaY>
         </True-Arrow>
         <False-Arrow>
            <Type>0</Type>
            <DeltaX>0</DeltaX>
            <DeltaY>0</DeltaY>
         </False-Arrow>
      </Arrows>
      <Arrows>
         <Name>ssw_id?</Name>
         <True-Arrow>
            <Type>0</Type>
            <DeltaX>0</DeltaX>
            <DeltaY>0</DeltaY>
         </True-Arrow>
         <False-Arrow>
            <Type>0</Type>
            <DeltaX>0</DeltaX>
            <DeltaY>0</DeltaY>
         </False-Arrow>
      </Arrows>
      <State-Circle>
         <Name>UNDEFINED</Name>
         <X>80</X>
         <Y>80</Y>
         <Radius>40</Radius>
         <Color>-16776961</Color>
      </State-Circle>
   </Coordinates>
</Workflow>