<?xml version="1.0" encoding="UTF-8"?>
<!DOCTYPE Workflow SYSTEM "workflow.dtd">

<Workflow Init-On-Startup="false" Unique="false" auditEnabled="false" auditStateChangeEvent="false" autoAuditEnabled="true" disablePersistence="true" statEnabled="false">
   <Name>WTTH_CONTROLLER</Name>
   <Solution>WTTH</Solution>
   <Description>Controller of WTTH</Description>
   <Start-Node>PutMessage</Start-Node>
   <Nodes>
      <Process-Node>
         <Name>PutMessage</Name>
         <Action>
            <Class-Name>com.hp.ov.activator.mwfm.component.builtin.PutMessage</Class-Name>
            <Param name="message" value="Start WF %s -xml_message[%s] "/>
            <Param name="queue" value="variable:WORKFLOW_NAME"/>
            <Param name="param0" value="WORKFLOW_NAME"/>
            <Param name="param1" value="xml_message"/>
         </Action>
         <Next-Node>Log11</Next-Node>
      </Process-Node>
      <Process-Node>
         <Name>Log11</Name>
         <Action>
            <Class-Name>com.hp.ov.activator.mwfm.component.builtin.Log</Class-Name>
            <Param name="component_name" value="variable:WORKFLOW_NAME"/>
            <Param name="log_level" value="INFORMATIVE"/>
            <Param name="log_manager" value="WTTH_log_manager"/>
            <Param name="log_message" value="#################Start %s Action %s JOB_ID %s -xml_message[%s]#######################"/>
            <Param name="param0" value="WORKFLOW_NAME"/>
            <Param name="param1" value="action_name"/>
            <Param name="param2" value="JOB_ID"/>
            <Param name="param3" value="xml_message"/>
         </Action>
         <Next-Node>mapPath</Next-Node>
      </Process-Node>
      <Process-Node disablePersistence="true">
         <Name>mapPath</Name>
         <Action>
            <Class-Name>com.hp.ov.activator.mwfm.component.builtin.VariableMapper</Class-Name>
            <Param name="path_xsl" value="%FILE_URL_PREFIX%%SOLUTION_ETC%/template_files/TransformXmlParams.xsl"/>
            <Param name="wtth_result_code" value="-1"/>
            <Param name="wtth_result_desc" value="Unknown Error"/>
         </Action>
         <Next-Node>validateServices</Next-Node>
      </Process-Node>
      <Process-Node>
         <Name>validateServices</Name>
         <Action>
            <Class-Name>com.hp.ov.activator.mwfm.component.builtin.StartJobAndWait</Class-Name>
            <Param name="queue" value="controller_queue"/>
            <Param name="workflow_name" value="constant:WTTH_VALIDATE_SERVICES"/>
            <Param name="destination0" value="controller_JOB_ID"/>
            <Param name="outputvar0" value="wtth_result_code"/>
            <Param name="variable0" value="JOB_ID"/>
            <Param name="outputvar1" value="account_number"/>
            <Param name="variable1" value="xml_message"/>
            <Param name="outputvar2" value="account_status"/>
            <Param name="outputvar3" value="action_name"/>
            <Param name="outputvar4" value="building_unit"/>
            <Param name="outputvar5" value="customer"/>
            <Param name="outputvar6" value="email_customer"/>
            <Param name="outputvar7" value="fixed_telephone_number_new"/>
            <Param name="outputvar8" value="fixed_telephone_number_old"/>
            <Param name="outputvar9" value="geographical_location_id"/>
            <Param name="outputvar10" value="mobile_telephone_number_new"/>
            <Param name="outputvar11" value="mobile_telephone_number_old"/>
            <Param name="outputvar12" value="origin_id"/>
            <Param name="outputvar13" value="parent_account"/>
            <Param name="outputvar14" value="password_customer"/>
            <Param name="outputvar15" value="request_date"/>
            <Param name="outputvar16" value="scope"/>
            <Param name="outputvar17" value="service_id_new"/>
            <Param name="outputvar18" value="service_id_old"/>
            <Param name="outputvar19" value="service_type"/>
            <Param name="outputvar20" value="service_wo"/>
            <Param name="outputvar21" value="ssw_id_new"/>
            <Param name="outputvar22" value="ssw_id_old"/>
            <Param name="outputvar23" value="transaction_id_new"/>
            <Param name="outputvar24" value="transaction_id_old"/>
            <Param name="outputvar25" value="xml_message"/>
            <Param name="outputvar26" value="wtth_result_desc"/>
         </Action>
         <Next-Node>PutMessage61</Next-Node>
      </Process-Node>
      <Process-Node inactive="true">
         <Name>PutMessage61</Name>
         <Action>
            <Class-Name>com.hp.ov.activator.mwfm.component.builtin.PutMessage</Class-Name>
            <Param name="message" value="-xml_message[%s] -fixed_telephone_number_new[%s] -wtth_result_code[%s]"/>
            <Param name="queue" value="variable:WORKFLOW_NAME"/>
            <Param name="param0" value="xml_message"/>
            <Param name="param1" value="fixed_telephone_number_new"/>
            <Param name="param2" value="wtth_result_code"/>
         </Action>
         <Next-Node>xmlValid?</Next-Node>
      </Process-Node>
      <Rule-Node disablePersistence="true">
         <Name>xmlValid?</Name>
         <Action>
            <Class-Name>com.hp.ov.activator.mwfm.component.builtin.Equal</Class-Name>
            <Param name="op1" value="wtth_result_code"/>
            <Param name="op2" value="constant:0"/>
         </Action>
         <True-Next-Node>Upper Action</True-Next-Node>
         <False-Next-Node>Error</False-Next-Node>
      </Rule-Node>
      <Process-Node>
         <Name>Upper Action</Name>
         <Description>upper mac_address_cm</Description>
         <Action>
            <Class-Name>com.hp.ov.activator.mwfm.component.builtin.JavaNode</Class-Name>
            <Param name="javacode" value="constant:public String strUpper(String str1){return str1.toUpperCase();}"/>
            <Param name="method" value="constant:strUpper"/>
            <Param name="output_var" value="action_name"/>
            <Param name="arg0" value="action_name"/>
         </Action>
         <Next-Node>PutMessage3</Next-Node>
      </Process-Node>
      <Process-Node inactive="true">
         <Name>PutMessage3</Name>
         <Action>
            <Class-Name>com.hp.ov.activator.mwfm.component.builtin.PutMessage</Class-Name>
            <Param name="message" value="action %s"/>
            <Param name="queue" value="variable:WORKFLOW_NAME"/>
            <Param name="param0" value="action_name"/>
         </Action>
         <Next-Node>action_name?</Next-Node>
      </Process-Node>
      <Switch-Node disablePersistence="true">
         <Name>action_name?</Name>
         <Description>5=MODIFYCALLFEATURES</Description>
         <Action>
            <Class-Name>com.hp.ov.activator.mwfm.component.builtin.SwitchCase</Class-Name>
            <Param name="key" value="action_name"/>
            <Param name="case0" value="constant:CHECKSERVICE"/>
            <Param name="case1" value="constant:MODIFYLINE"/>
            <Param name="case2" value="constant:REACTIVATE"/>
            <Param name="case3" value="constant:SUSPEND"/>
            <Param name="case4" value="constant:CREATE"/>
            <Param name="case5" value="constant:ACTIVATECALLFEATURES"/>
            <Param name="case6" value="constant:DELETE"/>
            <Param name="case7" value="constant:DEACTIVATECALLFEATURES"/>
            <Param name="case8" value="constant:MODIFYCALLFEATURES"/>
         </Action>
         <Switch name="case0">printCheck</Switch>
         <Switch name="case1">printModify</Switch>
         <Switch name="case2">printReactivate</Switch>
         <Switch name="case3">printSuspend</Switch>
         <Switch name="case4">printCreate</Switch>
         <Switch name="case6">Delete</Switch>
         <Switch name="case5">printModifyCF</Switch>
         <Switch name="case7">printModifyCF1</Switch>
         <Switch name="case8">printModifyCF11</Switch>
         <Default>Default</Default>
      </Switch-Node>
      <Process-Node disablePersistence="true">
         <Name>Error</Name>
         <Action>
            <Class-Name>com.hp.ov.activator.mwfm.component.builtin.DoNothing</Class-Name>
         </Action>
         <Next-Node>PutMessage4</Next-Node>
      </Process-Node>
      <Process-Node>
         <Name>PutMessage4</Name>
         <Action>
            <Class-Name>com.hp.ov.activator.mwfm.component.builtin.PutMessage</Class-Name>
            <Param name="message" value="ERROR....wtth_result_code %s wtth_result_desc %s"/>
            <Param name="queue" value="variable:WORKFLOW_NAME"/>
            <Param name="param0" value="wtth_result_code"/>
            <Param name="param1" value="wtth_result_desc"/>
         </Action>
         <Next-Node>LogError</Next-Node>
      </Process-Node>
      <Process-Node>
         <Name>LogError</Name>
         <Action>
            <Class-Name>com.hp.ov.activator.mwfm.component.builtin.Log</Class-Name>
            <Param name="component_name" value="variable:WORKFLOW_NAME"/>
            <Param name="log_level" value="ERROR"/>
            <Param name="log_manager" value="WTTH_log_manager"/>
            <Param name="log_message" value="******ERROR -action_name[%s] -fixed_number[%s] -wtth_result_code[%s] -wtth_result_desc[%s] -JOB_ID[%s]"/>
            <Param name="param0" value="action_name"/>
            <Param name="param1" value="fixed_telephone_number_new"/>
            <Param name="param2" value="wtth_result_code"/>
            <Param name="param3" value="wtth_result_desc"/>
            <Param name="param4" value="JOB_ID"/>
         </Action>
         <Next-Node>EndWorkFlowTime11</Next-Node>
      </Process-Node>
      <Process-Node disablePersistence="true">
         <Name>EndWorkFlowTime11</Name>
         <Action>
            <Class-Name>com.hp.ov.activator.mwfm.component.builtin.DateConverter</Class-Name>
            <Param name="in_current_time" value="0"/>
            <Param name="result" value="end_wf_time"/>
            <Param name="return_date_millis" value="0"/>
         </Action>
         <Next-Node>Assign11</Next-Node>
      </Process-Node>
      <Process-Node disablePersistence="true">
         <Name>Assign11</Name>
         <Action>
            <Class-Name>com.hp.ov.activator.mwfm.component.builtin.Assign</Class-Name>
            <Param name="value" value="end_wf_time"/>
            <Param name="variable" value="end_wf_millis"/>
         </Action>
         <Next-Node>Multiply11</Next-Node>
      </Process-Node>
      <Process-Node disablePersistence="true">
         <Name>Multiply11</Name>
         <Action>
            <Class-Name>com.hp.ov.activator.mwfm.component.builtin.Multiply</Class-Name>
            <Param name="op0" value="difference_start_end_time"/>
            <Param name="op1" value="START_TIME"/>
         </Action>
         <Next-Node>Add11</Next-Node>
      </Process-Node>
      <Process-Node disablePersistence="true">
         <Name>Add11</Name>
         <Action>
            <Class-Name>com.hp.ov.activator.mwfm.component.builtin.Add</Class-Name>
            <Param name="op0" value="difference_start_end_time"/>
            <Param name="op1" value="end_wf_millis"/>
         </Action>
         <Next-Node>PutMessage END TIME11</Next-Node>
      </Process-Node>
      <Process-Node>
         <Name>PutMessage END TIME11</Name>
         <Action>
            <Class-Name>com.hp.ov.activator.mwfm.component.builtin.PutMessage</Class-Name>
            <Param name="message" value="WF Total Time: %s millis"/>
            <Param name="queue" value="variable:WORKFLOW_NAME"/>
            <Param name="param0" value="difference_start_end_time"/>
         </Action>
      </Process-Node>
      <Process-Node>
         <Name>CreateService</Name>
         <Action>
            <Class-Name>com.hp.ov.activator.mwfm.component.builtin.StartJobAndWait</Class-Name>
            <Param name="queue" value="controller_queue"/>
            <Param name="workflow_name" value="constant:WTTH_CREATE_SERVICES"/>
            <Param name="destination0" value="controller_JOB_ID"/>
            <Param name="outputvar0" value="wtth_result_code"/>
            <Param name="variable0" value="JOB_ID"/>
            <Param name="outputvar1" value="wtth_result_desc"/>
            <Param name="variable1" value="fixed_telephone_number_new"/>
            <Param name="variable2" value="password_customer"/>
            <Param name="variable3" value="action_name"/>
            <Param name="variable4" value="account_number"/>
            <Param name="variable5" value="mobile_telephone_number_new"/>
            <Param name="variable6" value="service_id_new"/>
            <Param name="variable7" value="account_number"/>
            <Param name="variable8" value="service_type"/>
            <Param name="variable9" value="geographical_location_id"/>
            <Param name="variable10" value="email_customer"/>
            <Param name="variable11" value="service_wo"/>
            <Param name="variable12" value="origin_id"/>
            <Param name="variable13" value="geographical_location_id"/>
            <Param name="variable14" value="parent_account"/>
            <Param name="variable15" value="building_unit"/>
            <Param name="variable16" value="scope"/>
            <Param name="variable17" value="ssw_id_new"/>
            <Param name="variable18" value="transaction_id_new"/>
            <Param name="variable19" value="customer"/>
         </Action>
         <Next-Node>ModifOK?</Next-Node>
      </Process-Node>
      <Process-Node>
         <Name>CreateService1</Name>
         <Action>
            <Class-Name>com.hp.ov.activator.mwfm.component.builtin.StartJobAndWait</Class-Name>
            <Param name="queue" value="controller_queue"/>
            <Param name="workflow_name" value="constant:WTTH_CREATE_SERVICES"/>
            <Param name="destination0" value="controller_JOB_ID"/>
            <Param name="outputvar0" value="wtth_result_code"/>
            <Param name="variable0" value="JOB_ID"/>
            <Param name="destination1" value="action_name"/>
            <Param name="outputvar1" value="wtth_result_desc"/>
            <Param name="variable1" value="create"/>
            <Param name="variable2" value="fixed_telephone_number_new"/>
            <Param name="variable3" value="password_customer"/>
            <Param name="variable4" value="account_number"/>
            <Param name="variable5" value="mobile_telephone_number_new"/>
            <Param name="variable6" value="service_id_new"/>
            <Param name="variable7" value="account_number"/>
            <Param name="variable8" value="service_type"/>
            <Param name="variable9" value="geographical_location_id"/>
            <Param name="variable10" value="email_customer"/>
            <Param name="variable11" value="service_wo"/>
            <Param name="variable12" value="origin_id"/>
            <Param name="variable13" value="geographical_location_id"/>
            <Param name="variable14" value="parent_account"/>
            <Param name="variable15" value="building_unit"/>
            <Param name="variable16" value="scope"/>
            <Param name="variable17" value="ssw_id_new"/>
            <Param name="variable18" value="transaction_id_new"/>
            <Param name="variable19" value="customer"/>
         </Action>
         <Next-Node>Equal</Next-Node>
      </Process-Node>
      <Process-Node>
         <Name>CreateService11</Name>
         <Action>
            <Class-Name>com.hp.ov.activator.mwfm.component.builtin.StartJobAndWait</Class-Name>
            <Param name="queue" value="controller_queue"/>
            <Param name="workflow_name" value="constant:WTTH_CREATE_SERVICES"/>
            <Param name="destination0" value="controller_JOB_ID"/>
            <Param name="outputvar0" value="wtth_result_code"/>
            <Param name="variable0" value="JOB_ID"/>
            <Param name="destination1" value="fixed_telephone_number_new"/>
            <Param name="outputvar1" value="wtth_result_desc"/>
            <Param name="variable1" value="fixed_telephone_number_old"/>
            <Param name="destination2" value="action_name"/>
            <Param name="variable2" value="create"/>
            <Param name="variable3" value="password_customer"/>
            <Param name="variable4" value="account_number"/>
            <Param name="variable5" value="mobile_telephone_number_new"/>
            <Param name="variable6" value="service_id_new"/>
            <Param name="variable7" value="account_number"/>
            <Param name="variable8" value="service_type"/>
            <Param name="variable9" value="geographical_location_id"/>
            <Param name="variable10" value="email_customer"/>
            <Param name="variable11" value="service_wo"/>
            <Param name="variable12" value="origin_id"/>
            <Param name="variable13" value="geographical_location_id"/>
            <Param name="variable14" value="parent_account"/>
            <Param name="variable15" value="building_unit"/>
            <Param name="variable16" value="scope"/>
            <Param name="variable17" value="ssw_id_new"/>
            <Param name="variable18" value="transaction_id_new"/>
            <Param name="variable19" value="customer"/>
         </Action>
         <Next-Node>ModifOK?</Next-Node>
      </Process-Node>
      <Process-Node disablePersistence="true">
         <Name>Default</Name>
         <Action>
            <Class-Name>com.hp.ov.activator.mwfm.component.builtin.DoNothing</Class-Name>
         </Action>
         <Next-Node>MapError03</Next-Node>
      </Process-Node>
      <Process-Node inactive="true">
         <Name>Delete</Name>
         <Action>
            <Class-Name>com.hp.ov.activator.mwfm.component.builtin.PutMessage</Class-Name>
            <Param name="message" value="Option Delete"/>
            <Param name="queue" value="variable:WORKFLOW_NAME"/>
         </Action>
         <Next-Node>DeleteService</Next-Node>
      </Process-Node>
      <Process-Node>
         <Name>DeleteService</Name>
         <Action>
            <Class-Name>com.hp.ov.activator.mwfm.component.builtin.StartJobAndWait</Class-Name>
            <Param name="queue" value="controller_queue"/>
            <Param name="workflow_name" value="constant:WTTH_DELETE_SERVICES"/>
            <Param name="destination0" value="controller_JOB_ID"/>
            <Param name="outputvar0" value="wtth_result_code"/>
            <Param name="variable0" value="JOB_ID"/>
            <Param name="outputvar1" value="wtth_result_desc"/>
            <Param name="variable1" value="fixed_telephone_number_new"/>
            <Param name="variable2" value="password_customer"/>
            <Param name="variable3" value="action_name"/>
            <Param name="variable4" value="account_number"/>
            <Param name="variable5" value="mobile_telephone_number_new"/>
            <Param name="variable6" value="service_id_new"/>
            <Param name="variable7" value="account_number"/>
            <Param name="variable8" value="service_type"/>
            <Param name="variable9" value="geographical_location_id"/>
         </Action>
         <Next-Node>ModifOK?</Next-Node>
      </Process-Node>
      <Process-Node>
         <Name>DeleteService1</Name>
         <Action>
            <Class-Name>com.hp.ov.activator.mwfm.component.builtin.StartJobAndWait</Class-Name>
            <Param name="queue" value="controller_queue"/>
            <Param name="workflow_name" value="constant:WTTH_DELETE_SERVICES"/>
            <Param name="destination0" value="controller_JOB_ID"/>
            <Param name="outputvar0" value="wtth_result_code"/>
            <Param name="variable0" value="JOB_ID"/>
            <Param name="destination1" value="fixed_telephone_number_new"/>
            <Param name="outputvar1" value="wtth_result_desc"/>
            <Param name="variable1" value="fixed_telephone_number_old"/>
            <Param name="destination2" value="action_name"/>
            <Param name="variable2" value="delete"/>
            <Param name="variable3" value="password_customer"/>
            <Param name="variable4" value="account_number"/>
            <Param name="variable5" value="mobile_telephone_number_new"/>
            <Param name="variable6" value="service_id_new"/>
            <Param name="variable7" value="account_number"/>
            <Param name="variable8" value="service_type"/>
            <Param name="variable9" value="geographical_location_id"/>
         </Action>
         <Next-Node>Equal1</Next-Node>
      </Process-Node>
      <Rule-Node disablePersistence="true">
         <Name>Equal</Name>
         <Action>
            <Class-Name>com.hp.ov.activator.mwfm.component.builtin.Equal</Class-Name>
            <Param name="op1" value="wtth_result_code"/>
            <Param name="op2" value="constant:0"/>
         </Action>
         <True-Next-Node>ModifOK?</True-Next-Node>
         <False-Next-Node>CreateService11</False-Next-Node>
      </Rule-Node>
      <Rule-Node disablePersistence="true">
         <Name>Equal1</Name>
         <Action>
            <Class-Name>com.hp.ov.activator.mwfm.component.builtin.Equal</Class-Name>
            <Param name="op1" value="wtth_result_code"/>
            <Param name="op2" value="constant:0"/>
         </Action>
         <True-Next-Node>CreateService1</True-Next-Node>
         <False-Next-Node>ModifOK?</False-Next-Node>
      </Rule-Node>
      <Process-Node>
         <Name>LogEnd</Name>
         <Action>
            <Class-Name>com.hp.ov.activator.mwfm.component.builtin.Log</Class-Name>
            <Param name="component_name" value="variable:WORKFLOW_NAME"/>
            <Param name="log_level" value="INFORMATIVE"/>
            <Param name="log_manager" value="WTTH_log_manager"/>
            <Param name="log_message" value="######OK-action_name[%s] -fixed_number[%s] -wtth_result_code[%s] -wtth_result_desc[%s] -JOB_ID[%s]"/>
            <Param name="param0" value="action_name"/>
            <Param name="param1" value="fixed_telephone_number_new"/>
            <Param name="param2" value="wtth_result_code"/>
            <Param name="param3" value="wtth_result_desc"/>
            <Param name="param4" value="JOB_ID"/>
         </Action>
         <Next-Node>EndWorkFlowTime11</Next-Node>
      </Process-Node>
      <Process-Node disablePersistence="true" inactive="true">
         <Name>MapError00</Name>
         <Action>
            <Class-Name>com.hp.ov.activator.mwfm.component.builtin.VariableMapper</Class-Name>
            <Param name="wtth_result_code" value="0"/>
         </Action>
         <Next-Node>PutMessage2</Next-Node>
      </Process-Node>
      <Process-Node disablePersistence="true">
         <Name>MapError03</Name>
         <Action>
            <Class-Name>com.hp.ov.activator.mwfm.component.builtin.VariableMapper</Class-Name>
            <Param name="wtth_result_code" value="3"/>
            <Param name="wtth_result_desc" value="Action is not known"/>
         </Action>
         <Next-Node>ModifOK?</Next-Node>
      </Process-Node>
      <Rule-Node disablePersistence="true">
         <Name>ModifOK?</Name>
         <Action>
            <Class-Name>com.hp.ov.activator.mwfm.component.builtin.Equal</Class-Name>
            <Param name="op1" value="wtth_result_code"/>
            <Param name="op2" value="constant:0"/>
         </Action>
         <True-Next-Node>MapError00</True-Next-Node>
         <False-Next-Node>Error</False-Next-Node>
      </Rule-Node>
      <Process-Node>
         <Name>PutMessage2</Name>
         <Action>
            <Class-Name>com.hp.ov.activator.mwfm.component.builtin.PutMessage</Class-Name>
            <Param name="message" value="OK...wtth_result_code %s wtth_result_desc %s"/>
            <Param name="queue" value="variable:WORKFLOW_NAME"/>
            <Param name="param0" value="wtth_result_code"/>
            <Param name="param1" value="wtth_result_desc"/>
         </Action>
         <Next-Node>LogEnd</Next-Node>
      </Process-Node>
      <Process-Node disablePersistence="true">
         <Name>VariableMapper</Name>
         <Action>
            <Class-Name>com.hp.ov.activator.mwfm.component.builtin.VariableMapper</Class-Name>
            <Param name="create" value="CREATE"/>
            <Param name="delete" value="DELETE"/>
         </Action>
         <Next-Node>DeleteService1</Next-Node>
      </Process-Node>
      <Process-Node>
         <Name>checkService</Name>
         <Action>
            <Class-Name>com.hp.ov.activator.mwfm.component.builtin.StartJobAndWait</Class-Name>
            <Param name="queue" value="controller_queue"/>
            <Param name="workflow_name" value="constant:WTTH_VIEW_SERVICES"/>
            <Param name="destination0" value="controller_JOB_ID"/>
            <Param name="outputvar0" value="wtth_result_code"/>
            <Param name="variable0" value="JOB_ID"/>
            <Param name="outputvar1" value="wtth_result_desc"/>
            <Param name="variable1" value="account_number"/>
         </Action>
         <Next-Node>ModifOK?</Next-Node>
      </Process-Node>
      <Process-Node>
         <Name>modifyServiceCF</Name>
         <Action>
            <Class-Name>com.hp.ov.activator.mwfm.component.builtin.StartJobAndWait</Class-Name>
            <Param name="queue" value="controller_queue"/>
            <Param name="workflow_name" value="constant:WTTH_ACTIVATE_CALL_FEATURES"/>
            <Param name="destination0" value="controller_JOB_ID"/>
            <Param name="outputvar0" value="wtth_result_code"/>
            <Param name="variable0" value="JOB_ID"/>
            <Param name="outputvar1" value="wtth_result_desc"/>
            <Param name="variable1" value="xml_message"/>
         </Action>
         <Next-Node>ModifOK?</Next-Node>
      </Process-Node>
      <Process-Node>
         <Name>modifyServiceCF1</Name>
         <Action>
            <Class-Name>com.hp.ov.activator.mwfm.component.builtin.StartJobAndWait</Class-Name>
            <Param name="queue" value="controller_queue"/>
            <Param name="workflow_name" value="constant:WTTH_DEACTIVATE_CALL_FEATURES"/>
            <Param name="destination0" value="controller_JOB_ID"/>
            <Param name="outputvar0" value="wtth_result_code"/>
            <Param name="variable0" value="JOB_ID"/>
            <Param name="outputvar1" value="wtth_result_desc"/>
            <Param name="variable1" value="xml_message"/>
         </Action>
         <Next-Node>ModifOK?</Next-Node>
      </Process-Node>
      <Process-Node>
         <Name>modifyServiceCF11</Name>
         <Action>
            <Class-Name>com.hp.ov.activator.mwfm.component.builtin.StartJobAndWait</Class-Name>
            <Param name="queue" value="controller_queue"/>
            <Param name="workflow_name" value="constant:WTTH_MOD_CALL_FEATURES"/>
            <Param name="destination0" value="controller_JOB_ID"/>
            <Param name="outputvar0" value="wtth_result_code"/>
            <Param name="variable0" value="JOB_ID"/>
            <Param name="outputvar1" value="wtth_result_desc"/>
            <Param name="variable1" value="xml_message"/>
         </Action>
         <Next-Node>ModifOK?</Next-Node>
      </Process-Node>
      <Process-Node inactive="true">
         <Name>printCheck</Name>
         <Action>
            <Class-Name>com.hp.ov.activator.mwfm.component.builtin.PutMessage</Class-Name>
            <Param name="message" value="Option CheckService"/>
            <Param name="queue" value="variable:WORKFLOW_NAME"/>
         </Action>
         <Next-Node>checkService</Next-Node>
      </Process-Node>
      <Process-Node inactive="true">
         <Name>printCreate</Name>
         <Action>
            <Class-Name>com.hp.ov.activator.mwfm.component.builtin.PutMessage</Class-Name>
            <Param name="message" value="Option Create"/>
            <Param name="queue" value="variable:WORKFLOW_NAME"/>
         </Action>
         <Next-Node>CreateService</Next-Node>
      </Process-Node>
      <Process-Node inactive="true">
         <Name>printModify</Name>
         <Action>
            <Class-Name>com.hp.ov.activator.mwfm.component.builtin.PutMessage</Class-Name>
            <Param name="message" value="Option ModifyLine"/>
            <Param name="queue" value="variable:WORKFLOW_NAME"/>
         </Action>
         <Next-Node>VariableMapper</Next-Node>
      </Process-Node>
      <Process-Node inactive="true">
         <Name>printModifyCF</Name>
         <Action>
            <Class-Name>com.hp.ov.activator.mwfm.component.builtin.PutMessage</Class-Name>
            <Param name="message" value="Option ModifyCF"/>
            <Param name="queue" value="variable:WORKFLOW_NAME"/>
         </Action>
         <Next-Node>modifyServiceCF</Next-Node>
      </Process-Node>
      <Process-Node inactive="true">
         <Name>printModifyCF1</Name>
         <Action>
            <Class-Name>com.hp.ov.activator.mwfm.component.builtin.PutMessage</Class-Name>
            <Param name="message" value="Option ModifyCF"/>
            <Param name="queue" value="variable:WORKFLOW_NAME"/>
         </Action>
         <Next-Node>modifyServiceCF1</Next-Node>
      </Process-Node>
      <Process-Node inactive="true">
         <Name>printModifyCF11</Name>
         <Action>
            <Class-Name>com.hp.ov.activator.mwfm.component.builtin.PutMessage</Class-Name>
            <Param name="message" value="Option ModifyCF"/>
            <Param name="queue" value="variable:WORKFLOW_NAME"/>
         </Action>
         <Next-Node>modifyServiceCF11</Next-Node>
      </Process-Node>
      <Process-Node inactive="true">
         <Name>printReactivate</Name>
         <Action>
            <Class-Name>com.hp.ov.activator.mwfm.component.builtin.PutMessage</Class-Name>
            <Param name="message" value="Option Reactivate"/>
            <Param name="queue" value="variable:WORKFLOW_NAME"/>
         </Action>
         <Next-Node>reactivateService</Next-Node>
      </Process-Node>
      <Process-Node inactive="true">
         <Name>printSuspend</Name>
         <Action>
            <Class-Name>com.hp.ov.activator.mwfm.component.builtin.PutMessage</Class-Name>
            <Param name="message" value="Option Suspend"/>
            <Param name="queue" value="variable:WORKFLOW_NAME"/>
         </Action>
         <Next-Node>suspendService</Next-Node>
      </Process-Node>
      <Process-Node>
         <Name>reactivateService</Name>
         <Action>
            <Class-Name>com.hp.ov.activator.mwfm.component.builtin.StartJobAndWait</Class-Name>
            <Param name="queue" value="controller_queue"/>
            <Param name="workflow_name" value="constant:WTTH_IMS_ACTIVATE-SUSPEND"/>
            <Param name="destination0" value="controller_JOB_ID"/>
            <Param name="outputvar0" value="wtth_result_code"/>
            <Param name="variable0" value="JOB_ID"/>
            <Param name="destination1" value="telephone_number"/>
            <Param name="outputvar1" value="wtth_result_desc"/>
            <Param name="variable1" value="fixed_telephone_number_new"/>
            <Param name="destination2" value="action_Name"/>
            <Param name="variable2" value="action_name"/>
            <Param name="variable3" value="account_number"/>
         </Action>
         <Next-Node>ModifOK?</Next-Node>
      </Process-Node>
      <Process-Node>
         <Name>suspendService</Name>
         <Action>
            <Class-Name>com.hp.ov.activator.mwfm.component.builtin.StartJobAndWait</Class-Name>
            <Param name="queue" value="controller_queue"/>
            <Param name="workflow_name" value="constant:WTTH_IMS_ACTIVATE-SUSPEND"/>
            <Param name="destination0" value="controller_JOB_ID"/>
            <Param name="outputvar0" value="wtth_result_code"/>
            <Param name="variable0" value="JOB_ID"/>
            <Param name="destination1" value="telephone_number"/>
            <Param name="outputvar1" value="wtth_result_desc"/>
            <Param name="variable1" value="fixed_telephone_number_new"/>
            <Param name="destination2" value="action_Name"/>
            <Param name="variable2" value="action_name"/>
            <Param name="variable3" value="account_number"/>
         </Action>
         <Next-Node>ModifOK?</Next-Node>
      </Process-Node>
   </Nodes>
   <Case-Packet>
      <Variable name="ANNOTATION" type="String"/>
      <Variable name="BREAK_POINT" type="String"/>
      <Variable name="DEFAULT_ROLE" type="String"/>
      <Variable name="EMPTY_STRING" type="String"/>
      <Variable name="ETC" type="String"/>
      <Variable name="EX_STEP_NAME" type="String"/>
      <Variable name="FILE_URL_PREFIX" type="String"/>
      <Variable name="HOST_NAME" type="String"/>
      <Variable name="JOB_ID" type="Integer"/>
      <Variable name="KILLED" type="Boolean"/>
      <Variable name="KILL_ROLE" type="String"/>
      <Variable name="MACRO_OUTPUT" type="Object"/>
      <Variable name="MASTER_CHILD_JOBS" type="Object"/>
      <Variable name="MUTEX" type="Boolean"/>
      <Variable name="NULL" type="Object"/>
      <Variable name="PRIORITY" type="Integer"/>
      <Variable name="RESERVATIONS" type="Object"/>
      <Variable name="RET_TEXT" type="String"/>
      <Variable name="RET_VALUE" type="Integer"/>
      <Variable name="RUNTIME" type="Object"/>
      <Variable name="SCHEDULED_INFO" type="Object"/>
      <Variable name="SERVICE_ID" type="String"/>
      <Variable name="SOLUTION_ETC" type="String"/>
      <Variable name="SOLUTION_NAME" type="String"/>
      <Variable name="SOLUTION_VAR" type="String"/>
      <Variable name="SOR_ID" type="Integer"/>
      <Variable name="START_ROLE" type="String"/>
      <Variable name="START_TIME" type="Integer"/>
      <Variable name="STATUS" type="String"/>
      <Variable name="STEP_NAME" type="String"/>
      <Variable name="SUBSTEP" type="String"/>
      <Variable name="THROW_EXCEP" type="Boolean"/>
      <Variable name="TIMEOUT" type="Boolean"/>
      <Variable name="TRACE_ROLE" type="String"/>
      <Variable name="UNIQUE_WORKFLOW" type="Integer"/>
      <Variable name="VAR" type="String"/>
      <Variable name="WORKFLOW_EXCEPTION" type="Object"/>
      <Variable name="WORKFLOW_EXECUTION_STATUS" type="String"/>
      <Variable name="WORKFLOW_NAME" type="String"/>
      <Variable name="WORKFLOW_ORDER_ID" type="String"/>
      <Variable name="WORKFLOW_STATE" type="String"/>
      <Variable name="WORKFLOW_TYPE" type="String"/>
      <Variable name="WORKFLOW_VERSION" type="Integer"/>
      <Variable name="account_number" type="String"/>
      <Variable name="account_status" type="String"/>
      <Variable name="action_name" type="String"/>
      <Variable name="activation_description" type="String"/>
      <Variable name="activation_major_code" type="Integer"/>
      <Variable name="activation_minor_code" type="Integer"/>
      <Variable name="building_unit" type="String"/>
      <Variable name="create" type="String"/>
      <Variable name="customer" type="String"/>
      <Variable name="delete" type="String"/>
      <Variable name="difference_start_end_time" type="Integer"/>
      <Variable name="email_customer" type="String"/>
      <Variable name="end_wf_millis" type="Integer"/>
      <Variable name="end_wf_time" type="String"/>
      <Variable name="fixed_telephone_number_new" type="String"/>
      <Variable name="fixed_telephone_number_old" type="String"/>
      <Variable name="geographical_location_id" type="String"/>
      <Variable name="ims_to_mov_obj" type="Object"/>
      <Variable name="message_url" type="String"/>
      <Variable name="mobile_number" type="String"/>
      <Variable name="mobile_telephone_number_new" type="String"/>
      <Variable name="mobile_telephone_number_old" type="String"/>
      <Variable name="module_name" type="String"/>
      <Variable name="origin_id" type="String"/>
      <Variable name="parent_account" type="String"/>
      <Variable name="password_customer" type="String"/>
      <Variable name="path_xml_test" type="String"/>
      <Variable name="path_xsl" type="String"/>
      <Variable name="request_date" type="String"/>
      <Variable name="scope" type="String"/>
      <Variable name="service_id_new" type="String"/>
      <Variable name="service_id_old" type="String"/>
      <Variable name="service_type" type="String"/>
      <Variable name="service_wo" type="String"/>
      <Variable name="skip_activation" type="Boolean"/>
      <Variable name="ssw_id_new" type="String"/>
      <Variable name="ssw_id_old" type="String"/>
      <Variable name="transaction_id_new" type="String"/>
      <Variable name="transaction_id_old" type="String"/>
      <Variable name="wtth_result_code" type="Integer"/>
      <Variable name="wtth_result_desc" type="String"/>
      <Variable name="xml_message" type="String"/>
   </Case-Packet>
   <Initial-Case-Packet>
      <Variable-Value name="FILE_URL_PREFIX" value="file:///"/>
      <Variable-Value name="SOLUTION_NAME" value="WTTH"/>
      <Variable-Value name="WORKFLOW_NAME" value="WTTH_CONTROLLER"/>
      <Variable-Value name="WORKFLOW_VERSION" value="-1"/>
      <Variable-Value name="difference_start_end_time" value="-1"/>
   </Initial-Case-Packet>
   <Coordinates>
      <Position>
         <Name>Add11</Name>
         <X>1003</X>
         <Y>1331</Y>
         <Width>61</Width>
         <Height>48</Height>
      </Position>
      <Position>
         <Name>Assign11</Name>
         <X>1003</X>
         <Y>1161</Y>
         <Width>61</Width>
         <Height>48</Height>
      </Position>
      <Position>
         <Name>CreateService</Name>
         <X>1362</X>
         <Y>319</Y>
         <Width>90</Width>
         <Height>48</Height>
      </Position>
      <Position>
         <Name>CreateService1</Name>
         <X>487</X>
         <Y>547</Y>
         <Width>97</Width>
         <Height>48</Height>
      </Position>
      <Position>
         <Name>CreateService11</Name>
         <X>483</X>
         <Y>671</Y>
         <Width>104</Width>
         <Height>48</Height>
      </Position>
      <Position>
         <Name>Default</Name>
         <X>677</X>
         <Y>242</Y>
         <Width>61</Width>
         <Height>48</Height>
      </Position>
      <Position>
         <Name>Delete</Name>
         <X>1480</X>
         <Y>242</Y>
         <Width>61</Width>
         <Height>48</Height>
      </Position>
      <Position>
         <Name>DeleteService</Name>
         <X>1466</X>
         <Y>318</Y>
         <Width>88</Width>
         <Height>48</Height>
      </Position>
      <Position>
         <Name>DeleteService1</Name>
         <X>475</X>
         <Y>401</Y>
         <Width>95</Width>
         <Height>48</Height>
      </Position>
      <Position>
         <Name>EndWorkFlowTime11</Name>
         <X>968</X>
         <Y>1071</Y>
         <Width>131</Width>
         <Height>48</Height>
      </Position>
      <Position>
         <Name>Equal</Name>
         <X>505</X>
         <Y>618</Y>
         <Width>61</Width>
         <Height>26</Height>
      </Position>
      <Position>
         <Name>Equal1</Name>
         <X>601</X>
         <Y>412</Y>
         <Width>68</Width>
         <Height>26</Height>
      </Position>
      <Position>
         <Name>Error</Name>
         <X>876</X>
         <Y>718</Y>
         <Width>61</Width>
         <Height>48</Height>
      </Position>
      <Position>
         <Name>Log11</Name>
         <X>183</X>
         <Y>121</Y>
         <Width>61</Width>
         <Height>48</Height>
      </Position>
      <Position>
         <Name>LogEnd</Name>
         <X>1129</X>
         <Y>902</Y>
         <Width>61</Width>
         <Height>48</Height>
      </Position>
      <Position>
         <Name>LogError</Name>
         <X>876</X>
         <Y>908</Y>
         <Width>61</Width>
         <Height>48</Height>
      </Position>
      <Position>
         <Name>MapError00</Name>
         <X>1121</X>
         <Y>768</Y>
         <Width>77</Width>
         <Height>48</Height>
      </Position>
      <Position>
         <Name>MapError03</Name>
         <X>669</X>
         <Y>318</Y>
         <Width>77</Width>
         <Height>48</Height>
      </Position>
      <Position>
         <Name>ModifOK?</Name>
         <X>1118</X>
         <Y>618</Y>
         <Width>83</Width>
         <Height>26</Height>
      </Position>
      <Position>
         <Name>Multiply11</Name>
         <X>1000</X>
         <Y>1249</Y>
         <Width>67</Width>
         <Height>48</Height>
      </Position>
      <Position>
         <Name>PutMessage</Name>
         <X>79</X>
         <Y>52</Y>
         <Width>78</Width>
         <Height>48</Height>
      </Position>
      <Position>
         <Name>PutMessage END TIME11</Name>
         <X>957</X>
         <Y>1392</Y>
         <Width>152</Width>
         <Height>48</Height>
      </Position>
      <Position>
         <Name>PutMessage2</Name>
         <X>1117</X>
         <Y>835</Y>
         <Width>85</Width>
         <Height>48</Height>
      </Position>
      <Position>
         <Name>PutMessage3</Name>
         <X>964</X>
         <Y>52</Y>
         <Width>85</Width>
         <Height>48</Height>
      </Position>
      <Position>
         <Name>PutMessage4</Name>
         <X>864</X>
         <Y>835</Y>
         <Width>85</Width>
         <Height>48</Height>
      </Position>
      <Position>
         <Name>PutMessage61</Name>
         <X>393</X>
         <Y>52</Y>
         <Width>92</Width>
         <Height>48</Height>
      </Position>
      <Position>
         <Name>Upper Action</Name>
         <X>566</X>
         <Y>52</Y>
         <Width>83</Width>
         <Height>48</Height>
      </Position>
      <Position>
         <Name>VariableMapper</Name>
         <X>472</X>
         <Y>289</Y>
         <Width>100</Width>
         <Height>48</Height>
      </Position>
      <Position>
         <Name>action_name?</Name>
         <X>941</X>
         <Y>171</Y>
         <Width>105</Width>
         <Height>26</Height>
      </Position>
      <Position>
         <Name>checkService</Name>
         <X>771</X>
         <Y>318</Y>
         <Width>84</Width>
         <Height>48</Height>
      </Position>
      <Position>
         <Name>mapPath</Name>
         <X>183</X>
         <Y>52</Y>
         <Width>61</Width>
         <Height>48</Height>
      </Position>
      <Position>
         <Name>modifyServiceCF</Name>
         <X>1107</X>
         <Y>318</Y>
         <Width>105</Width>
         <Height>48</Height>
      </Position>
      <Position>
         <Name>modifyServiceCF1</Name>
         <X>1225</X>
         <Y>320</Y>
         <Width>112</Width>
         <Height>48</Height>
      </Position>
      <Position>
         <Name>modifyServiceCF11</Name>
         <X>1578</X>
         <Y>321</Y>
         <Width>119</Width>
         <Height>48</Height>
      </Position>
      <Position>
         <Name>printCheck</Name>
         <X>778</X>
         <Y>243</Y>
         <Width>70</Width>
         <Height>48</Height>
      </Position>
      <Position>
         <Name>printCreate</Name>
         <X>1370</X>
         <Y>242</Y>
         <Width>74</Width>
         <Height>48</Height>
      </Position>
      <Position>
         <Name>printModify</Name>
         <X>486</X>
         <Y>217</Y>
         <Width>73</Width>
         <Height>48</Height>
      </Position>
      <Position>
         <Name>printModifyCF</Name>
         <X>1115</X>
         <Y>242</Y>
         <Width>88</Width>
         <Height>48</Height>
      </Position>
      <Position>
         <Name>printModifyCF1</Name>
         <X>1234</X>
         <Y>244</Y>
         <Width>95</Width>
         <Height>48</Height>
      </Position>
      <Position>
         <Name>printModifyCF11</Name>
         <X>1586</X>
         <Y>245</Y>
         <Width>102</Width>
         <Height>48</Height>
      </Position>
      <Position>
         <Name>printReactivate</Name>
         <X>882</X>
         <Y>242</Y>
         <Width>95</Width>
         <Height>48</Height>
      </Position>
      <Position>
         <Name>printSuspend</Name>
         <X>1000</X>
         <Y>242</Y>
         <Width>85</Width>
         <Height>48</Height>
      </Position>
      <Position>
         <Name>reactivateService</Name>
         <X>875</X>
         <Y>318</Y>
         <Width>108</Width>
         <Height>48</Height>
      </Position>
      <Position>
         <Name>suspendService</Name>
         <X>993</X>
         <Y>318</Y>
         <Width>99</Width>
         <Height>48</Height>
      </Position>
      <Position>
         <Name>validateServices</Name>
         <X>266</X>
         <Y>52</Y>
         <Width>102</Width>
         <Height>48</Height>
      </Position>
      <Position>
         <Name>xmlValid?</Name>
         <X>396</X>
         <Y>135</Y>
         <Width>84</Width>
         <Height>26</Height>
      </Position>
      <Arrows>
         <Name>Add11</Name>
         <True-Arrow>
            <Type>0</Type>
            <DeltaX>0</DeltaX>
            <DeltaY>0</DeltaY>
         </True-Arrow>
         <False-Arrow>
            <Type>0</Type>
            <DeltaX>0</DeltaX>
            <DeltaY>0</DeltaY>
         </False-Arrow>
      </Arrows>
      <Arrows>
         <Name>Assign11</Name>
         <True-Arrow>
            <Type>0</Type>
            <DeltaX>0</DeltaX>
            <DeltaY>0</DeltaY>
         </True-Arrow>
         <False-Arrow>
            <Type>0</Type>
            <DeltaX>0</DeltaX>
            <DeltaY>0</DeltaY>
         </False-Arrow>
      </Arrows>
      <Arrows>
         <Name>CreateService</Name>
         <True-Arrow>
            <Type>3</Type>
            <DeltaX>0</DeltaX>
            <DeltaY>0</DeltaY>
         </True-Arrow>
         <False-Arrow>
            <Type>0</Type>
            <DeltaX>0</DeltaX>
            <DeltaY>0</DeltaY>
         </False-Arrow>
      </Arrows>
      <Arrows>
         <Name>CreateService1</Name>
         <True-Arrow>
            <Type>0</Type>
            <DeltaX>0</DeltaX>
            <DeltaY>0</DeltaY>
         </True-Arrow>
         <False-Arrow>
            <Type>0</Type>
            <DeltaX>0</DeltaX>
            <DeltaY>0</DeltaY>
         </False-Arrow>
      </Arrows>
      <Arrows>
         <Name>CreateService11</Name>
         <True-Arrow>
            <Type>2</Type>
            <DeltaX>0</DeltaX>
            <DeltaY>0</DeltaY>
         </True-Arrow>
         <False-Arrow>
            <Type>0</Type>
            <DeltaX>0</DeltaX>
            <DeltaY>0</DeltaY>
         </False-Arrow>
      </Arrows>
      <Arrows>
         <Name>Default</Name>
         <True-Arrow>
            <Type>0</Type>
            <DeltaX>0</DeltaX>
            <DeltaY>0</DeltaY>
         </True-Arrow>
         <False-Arrow>
            <Type>0</Type>
            <DeltaX>0</DeltaX>
            <DeltaY>0</DeltaY>
         </False-Arrow>
      </Arrows>
      <Arrows>
         <Name>Delete</Name>
         <True-Arrow>
            <Type>0</Type>
            <DeltaX>0</DeltaX>
            <DeltaY>0</DeltaY>
         </True-Arrow>
         <False-Arrow>
            <Type>0</Type>
            <DeltaX>0</DeltaX>
            <DeltaY>0</DeltaY>
         </False-Arrow>
      </Arrows>
      <Arrows>
         <Name>DeleteService</Name>
         <True-Arrow>
            <Type>3</Type>
            <DeltaX>0</DeltaX>
            <DeltaY>0</DeltaY>
         </True-Arrow>
         <False-Arrow>
            <Type>0</Type>
            <DeltaX>0</DeltaX>
            <DeltaY>0</DeltaY>
         </False-Arrow>
      </Arrows>
      <Arrows>
         <Name>DeleteService1</Name>
         <True-Arrow>
            <Type>0</Type>
            <DeltaX>0</DeltaX>
            <DeltaY>0</DeltaY>
         </True-Arrow>
         <False-Arrow>
            <Type>0</Type>
            <DeltaX>0</DeltaX>
            <DeltaY>0</DeltaY>
         </False-Arrow>
      </Arrows>
      <Arrows>
         <Name>EndWorkFlowTime11</Name>
         <True-Arrow>
            <Type>0</Type>
            <DeltaX>0</DeltaX>
            <DeltaY>0</DeltaY>
         </True-Arrow>
         <False-Arrow>
            <Type>0</Type>
            <DeltaX>0</DeltaX>
            <DeltaY>0</DeltaY>
         </False-Arrow>
      </Arrows>
      <Arrows>
         <Name>Equal</Name>
         <True-Arrow>
            <Type>0</Type>
            <DeltaX>0</DeltaX>
            <DeltaY>0</DeltaY>
         </True-Arrow>
         <False-Arrow>
            <Type>0</Type>
            <DeltaX>0</DeltaX>
            <DeltaY>0</DeltaY>
         </False-Arrow>
      </Arrows>
      <Arrows>
         <Name>Equal1</Name>
         <True-Arrow>
            <Type>3</Type>
            <DeltaX>0</DeltaX>
            <DeltaY>0</DeltaY>
         </True-Arrow>
         <False-Arrow>
            <Type>3</Type>
            <DeltaX>0</DeltaX>
            <DeltaY>0</DeltaY>
         </False-Arrow>
      </Arrows>
      <Arrows>
         <Name>Error</Name>
         <True-Arrow>
            <Type>0</Type>
            <DeltaX>0</DeltaX>
            <DeltaY>0</DeltaY>
         </True-Arrow>
         <False-Arrow>
            <Type>0</Type>
            <DeltaX>0</DeltaX>
            <DeltaY>0</DeltaY>
         </False-Arrow>
      </Arrows>
      <Arrows>
         <Name>Log11</Name>
         <True-Arrow>
            <Type>0</Type>
            <DeltaX>0</DeltaX>
            <DeltaY>0</DeltaY>
         </True-Arrow>
         <False-Arrow>
            <Type>0</Type>
            <DeltaX>0</DeltaX>
            <DeltaY>0</DeltaY>
         </False-Arrow>
      </Arrows>
      <Arrows>
         <Name>LogEnd</Name>
         <True-Arrow>
            <Type>0</Type>
            <DeltaX>0</DeltaX>
            <DeltaY>0</DeltaY>
         </True-Arrow>
         <False-Arrow>
            <Type>0</Type>
            <DeltaX>0</DeltaX>
            <DeltaY>0</DeltaY>
         </False-Arrow>
      </Arrows>
      <Arrows>
         <Name>LogError</Name>
         <True-Arrow>
            <Type>0</Type>
            <DeltaX>0</DeltaX>
            <DeltaY>0</DeltaY>
         </True-Arrow>
         <False-Arrow>
            <Type>0</Type>
            <DeltaX>0</DeltaX>
            <DeltaY>0</DeltaY>
         </False-Arrow>
      </Arrows>
      <Arrows>
         <Name>MapError00</Name>
         <True-Arrow>
            <Type>0</Type>
            <DeltaX>0</DeltaX>
            <DeltaY>0</DeltaY>
         </True-Arrow>
         <False-Arrow>
            <Type>0</Type>
            <DeltaX>0</DeltaX>
            <DeltaY>0</DeltaY>
         </False-Arrow>
      </Arrows>
      <Arrows>
         <Name>MapError03</Name>
         <True-Arrow>
            <Type>3</Type>
            <DeltaX>0</DeltaX>
            <DeltaY>0</DeltaY>
         </True-Arrow>
         <False-Arrow>
            <Type>0</Type>
            <DeltaX>0</DeltaX>
            <DeltaY>0</DeltaY>
         </False-Arrow>
      </Arrows>
      <Arrows>
         <Name>ModifOK?</Name>
         <True-Arrow>
            <Type>0</Type>
            <DeltaX>0</DeltaX>
            <DeltaY>0</DeltaY>
         </True-Arrow>
         <False-Arrow>
            <Type>3</Type>
            <DeltaX>0</DeltaX>
            <DeltaY>0</DeltaY>
         </False-Arrow>
      </Arrows>
      <Arrows>
         <Name>Multiply11</Name>
         <True-Arrow>
            <Type>0</Type>
            <DeltaX>0</DeltaX>
            <DeltaY>0</DeltaY>
         </True-Arrow>
         <False-Arrow>
            <Type>0</Type>
            <DeltaX>0</DeltaX>
            <DeltaY>0</DeltaY>
         </False-Arrow>
      </Arrows>
      <Arrows>
         <Name>PutMessage</Name>
         <True-Arrow>
            <Type>3</Type>
            <DeltaX>0</DeltaX>
            <DeltaY>0</DeltaY>
         </True-Arrow>
         <False-Arrow>
            <Type>0</Type>
            <DeltaX>0</DeltaX>
            <DeltaY>0</DeltaY>
         </False-Arrow>
      </Arrows>
      <Arrows>
         <Name>PutMessage END TIME11</Name>
         <True-Arrow>
            <Type>0</Type>
            <DeltaX>0</DeltaX>
            <DeltaY>0</DeltaY>
         </True-Arrow>
         <False-Arrow>
            <Type>0</Type>
            <DeltaX>0</DeltaX>
            <DeltaY>0</DeltaY>
         </False-Arrow>
      </Arrows>
      <Arrows>
         <Name>PutMessage2</Name>
         <True-Arrow>
            <Type>0</Type>
            <DeltaX>0</DeltaX>
            <DeltaY>0</DeltaY>
         </True-Arrow>
         <False-Arrow>
            <Type>0</Type>
            <DeltaX>0</DeltaX>
            <DeltaY>0</DeltaY>
         </False-Arrow>
      </Arrows>
      <Arrows>
         <Name>PutMessage3</Name>
         <True-Arrow>
            <Type>0</Type>
            <DeltaX>0</DeltaX>
            <DeltaY>0</DeltaY>
         </True-Arrow>
         <False-Arrow>
            <Type>0</Type>
            <DeltaX>0</DeltaX>
            <DeltaY>0</DeltaY>
         </False-Arrow>
      </Arrows>
      <Arrows>
         <Name>PutMessage4</Name>
         <True-Arrow>
            <Type>0</Type>
            <DeltaX>0</DeltaX>
            <DeltaY>0</DeltaY>
         </True-Arrow>
         <False-Arrow>
            <Type>0</Type>
            <DeltaX>0</DeltaX>
            <DeltaY>0</DeltaY>
         </False-Arrow>
      </Arrows>
      <Arrows>
         <Name>PutMessage61</Name>
         <True-Arrow>
            <Type>0</Type>
            <DeltaX>0</DeltaX>
            <DeltaY>0</DeltaY>
         </True-Arrow>
         <False-Arrow>
            <Type>0</Type>
            <DeltaX>0</DeltaX>
            <DeltaY>0</DeltaY>
         </False-Arrow>
      </Arrows>
      <Arrows>
         <Name>Upper Action</Name>
         <True-Arrow>
            <Type>0</Type>
            <DeltaX>0</DeltaX>
            <DeltaY>0</DeltaY>
         </True-Arrow>
         <False-Arrow>
            <Type>0</Type>
            <DeltaX>0</DeltaX>
            <DeltaY>0</DeltaY>
         </False-Arrow>
      </Arrows>
      <Arrows>
         <Name>VariableMapper</Name>
         <True-Arrow>
            <Type>0</Type>
            <DeltaX>0</DeltaX>
            <DeltaY>0</DeltaY>
         </True-Arrow>
         <False-Arrow>
            <Type>0</Type>
            <DeltaX>0</DeltaX>
            <DeltaY>0</DeltaY>
         </False-Arrow>
      </Arrows>
      <Arrows>
         <Name>action_name?</Name>
         <True-Arrow>
            <Type>0</Type>
            <DeltaX>0</DeltaX>
            <DeltaY>0</DeltaY>
         </True-Arrow>
         <False-Arrow>
            <Type>0</Type>
            <DeltaX>0</DeltaX>
            <DeltaY>0</DeltaY>
         </False-Arrow>
         <Switch-Arrow>
            <Default-Arrow>
               <Type>2</Type>
               <DeltaX>0</DeltaX>
               <DeltaY>0</DeltaY>
            </Default-Arrow>
            <Case-Arrow>
               <Name>case0</Name>
               <Type>2</Type>
               <DeltaX>0</DeltaX>
               <DeltaY>0</DeltaY>
            </Case-Arrow>
            <Case-Arrow>
               <Name>case1</Name>
               <Type>2</Type>
               <DeltaX>0</DeltaX>
               <DeltaY>0</DeltaY>
            </Case-Arrow>
            <Case-Arrow>
               <Name>case2</Name>
               <Type>2</Type>
               <DeltaX>0</DeltaX>
               <DeltaY>0</DeltaY>
            </Case-Arrow>
            <Case-Arrow>
               <Name>case3</Name>
               <Type>2</Type>
               <DeltaX>0</DeltaX>
               <DeltaY>0</DeltaY>
            </Case-Arrow>
            <Case-Arrow>
               <Name>case4</Name>
               <Type>2</Type>
               <DeltaX>0</DeltaX>
               <DeltaY>0</DeltaY>
            </Case-Arrow>
            <Case-Arrow>
               <Name>case5</Name>
               <Type>2</Type>
               <DeltaX>0</DeltaX>
               <DeltaY>0</DeltaY>
            </Case-Arrow>
            <Case-Arrow>
               <Name>case6</Name>
               <Type>2</Type>
               <DeltaX>0</DeltaX>
               <DeltaY>0</DeltaY>
            </Case-Arrow>
            <Case-Arrow>
               <Name>case7</Name>
               <Type>2</Type>
               <DeltaX>0</DeltaX>
               <DeltaY>0</DeltaY>
            </Case-Arrow>
            <Case-Arrow>
               <Name>case8</Name>
               <Type>2</Type>
               <DeltaX>0</DeltaX>
               <DeltaY>0</DeltaY>
            </Case-Arrow>
         </Switch-Arrow>
      </Arrows>
      <Arrows>
         <Name>checkService</Name>
         <True-Arrow>
            <Type>3</Type>
            <DeltaX>0</DeltaX>
            <DeltaY>0</DeltaY>
         </True-Arrow>
         <False-Arrow>
            <Type>0</Type>
            <DeltaX>0</DeltaX>
            <DeltaY>0</DeltaY>
         </False-Arrow>
      </Arrows>
      <Arrows>
         <Name>mapPath</Name>
         <True-Arrow>
            <Type>0</Type>
            <DeltaX>0</DeltaX>
            <DeltaY>0</DeltaY>
         </True-Arrow>
         <False-Arrow>
            <Type>0</Type>
            <DeltaX>0</DeltaX>
            <DeltaY>0</DeltaY>
         </False-Arrow>
      </Arrows>
      <Arrows>
         <Name>modifyServiceCF</Name>
         <True-Arrow>
            <Type>0</Type>
            <DeltaX>0</DeltaX>
            <DeltaY>0</DeltaY>
         </True-Arrow>
         <False-Arrow>
            <Type>0</Type>
            <DeltaX>0</DeltaX>
            <DeltaY>0</DeltaY>
         </False-Arrow>
      </Arrows>
      <Arrows>
         <Name>modifyServiceCF1</Name>
         <True-Arrow>
            <Type>3</Type>
            <DeltaX>0</DeltaX>
            <DeltaY>0</DeltaY>
         </True-Arrow>
         <False-Arrow>
            <Type>0</Type>
            <DeltaX>0</DeltaX>
            <DeltaY>0</DeltaY>
         </False-Arrow>
      </Arrows>
      <Arrows>
         <Name>modifyServiceCF11</Name>
         <True-Arrow>
            <Type>3</Type>
            <DeltaX>0</DeltaX>
            <DeltaY>0</DeltaY>
         </True-Arrow>
         <False-Arrow>
            <Type>0</Type>
            <DeltaX>0</DeltaX>
            <DeltaY>0</DeltaY>
         </False-Arrow>
      </Arrows>
      <Arrows>
         <Name>printCheck</Name>
         <True-Arrow>
            <Type>0</Type>
            <DeltaX>0</DeltaX>
            <DeltaY>0</DeltaY>
         </True-Arrow>
         <False-Arrow>
            <Type>0</Type>
            <DeltaX>0</DeltaX>
            <DeltaY>0</DeltaY>
         </False-Arrow>
      </Arrows>
      <Arrows>
         <Name>printCreate</Name>
         <True-Arrow>
            <Type>0</Type>
            <DeltaX>0</DeltaX>
            <DeltaY>0</DeltaY>
         </True-Arrow>
         <False-Arrow>
            <Type>0</Type>
            <DeltaX>0</DeltaX>
            <DeltaY>0</DeltaY>
         </False-Arrow>
      </Arrows>
      <Arrows>
         <Name>printModify</Name>
         <True-Arrow>
            <Type>0</Type>
            <DeltaX>0</DeltaX>
            <DeltaY>0</DeltaY>
         </True-Arrow>
         <False-Arrow>
            <Type>0</Type>
            <DeltaX>0</DeltaX>
            <DeltaY>0</DeltaY>
         </False-Arrow>
      </Arrows>
      <Arrows>
         <Name>printModifyCF</Name>
         <True-Arrow>
            <Type>0</Type>
            <DeltaX>0</DeltaX>
            <DeltaY>0</DeltaY>
         </True-Arrow>
         <False-Arrow>
            <Type>0</Type>
            <DeltaX>0</DeltaX>
            <DeltaY>0</DeltaY>
         </False-Arrow>
      </Arrows>
      <Arrows>
         <Name>printModifyCF1</Name>
         <True-Arrow>
            <Type>0</Type>
            <DeltaX>0</DeltaX>
            <DeltaY>0</DeltaY>
         </True-Arrow>
         <False-Arrow>
            <Type>0</Type>
            <DeltaX>0</DeltaX>
            <DeltaY>0</DeltaY>
         </False-Arrow>
      </Arrows>
      <Arrows>
         <Name>printModifyCF11</Name>
         <True-Arrow>
            <Type>0</Type>
            <DeltaX>0</DeltaX>
            <DeltaY>0</DeltaY>
         </True-Arrow>
         <False-Arrow>
            <Type>0</Type>
            <DeltaX>0</DeltaX>
            <DeltaY>0</DeltaY>
         </False-Arrow>
      </Arrows>
      <Arrows>
         <Name>printReactivate</Name>
         <True-Arrow>
            <Type>0</Type>
            <DeltaX>0</DeltaX>
            <DeltaY>0</DeltaY>
         </True-Arrow>
         <False-Arrow>
            <Type>0</Type>
            <DeltaX>0</DeltaX>
            <DeltaY>0</DeltaY>
         </False-Arrow>
      </Arrows>
      <Arrows>
         <Name>printSuspend</Name>
         <True-Arrow>
            <Type>0</Type>
            <DeltaX>0</DeltaX>
            <DeltaY>0</DeltaY>
         </True-Arrow>
         <False-Arrow>
            <Type>0</Type>
            <DeltaX>0</DeltaX>
            <DeltaY>0</DeltaY>
         </False-Arrow>
      </Arrows>
      <Arrows>
         <Name>reactivateService</Name>
         <True-Arrow>
            <Type>3</Type>
            <DeltaX>0</DeltaX>
            <DeltaY>0</DeltaY>
         </True-Arrow>
         <False-Arrow>
            <Type>0</Type>
            <DeltaX>0</DeltaX>
            <DeltaY>0</DeltaY>
         </False-Arrow>
      </Arrows>
      <Arrows>
         <Name>suspendService</Name>
         <True-Arrow>
            <Type>3</Type>
            <DeltaX>0</DeltaX>
            <DeltaY>0</DeltaY>
         </True-Arrow>
         <False-Arrow>
            <Type>0</Type>
            <DeltaX>0</DeltaX>
            <DeltaY>0</DeltaY>
         </False-Arrow>
      </Arrows>
      <Arrows>
         <Name>validateServices</Name>
         <True-Arrow>
            <Type>0</Type>
            <DeltaX>0</DeltaX>
            <DeltaY>0</DeltaY>
         </True-Arrow>
         <False-Arrow>
            <Type>0</Type>
            <DeltaX>0</DeltaX>
            <DeltaY>0</DeltaY>
         </False-Arrow>
      </Arrows>
      <Arrows>
         <Name>xmlValid?</Name>
         <True-Arrow>
            <Type>2</Type>
            <DeltaX>0</DeltaX>
            <DeltaY>0</DeltaY>
         </True-Arrow>
         <False-Arrow>
            <Type>3</Type>
            <DeltaX>0</DeltaX>
            <DeltaY>0</DeltaY>
         </False-Arrow>
      </Arrows>
   </Coordinates>
</Workflow>