<?xml version="1.0" encoding="UTF-8"?>
<!DOCTYPE Workflow SYSTEM "workflow.dtd">

<Workflow Init-On-Startup="false" Unique="false" auditEnabled="true" auditStateChangeEvent="false" autoAuditEnabled="true" disablePersistence="false" statEnabled="true">
   <Name>WTTH_DELETE_SERVICES_MASSIVE</Name>
   <Solution>WTTH</Solution>
   <Description>Last message of Docsis procedure</Description>
   <Start-Node>VariableMapper</Start-Node>
   <Nodes>
      <Process-Node disablePersistence="true">
         <Name>VariableMapper</Name>
         <Action>
            <Class-Name>com.hp.ov.activator.mwfm.component.builtin.VariableMapper</Class-Name>
            <Param name="action_name" value="DELETE"/>
            <Param name="path_in" value="/var/tmp/Cancelaciones/"/>
            <Param name="path_proc" value="/var/tmp/Cancelaciones/Processed/"/>
            <Param name="path_prog" value="/var/tmp/Cancelaciones/Inprogress/"/>
         </Action>
         <Next-Node>get incoming files and move to inprogress1</Next-Node>
      </Process-Node>
      <Process-Node>
         <Name>get incoming files and move to inprogress1</Name>
         <Action>
            <Class-Name>com.hp.ov.activator.mwfm.component.builtin.JavaNode</Class-Name>
            <Param name="javafile" value="constant:methods_for_massive_delete.jtp"/>
            <Param name="method" value="constant:getFileList"/>
            <Param name="output_var" value="files"/>
            <Param name="strict_scope" value="false"/>
            <Param name="use_solution_dir" value="constant:true"/>
            <Param name="arg0" value="path_in"/>
            <Param name="arg1" value="path_prog"/>
         </Action>
         <Next-Node>PutMessage3</Next-Node>
      </Process-Node>
      <Process-Node inactive="true">
         <Name>PutMessage3</Name>
         <Action>
            <Class-Name>com.hp.ov.activator.mwfm.component.builtin.PutMessage</Class-Name>
            <Param name="message" value="params: %s --------- %s"/>
            <Param name="queue" value="params"/>
            <Param name="param0" value="path_in"/>
            <Param name="param1" value="path_prog"/>
         </Action>
         <Next-Node>No files?1</Next-Node>
      </Process-Node>
      <Rule-Node disablePersistence="true">
         <Name>No files?1</Name>
         <Action>
            <Class-Name>com.hp.ov.activator.mwfm.component.builtin.Not</Class-Name>
            <Param name="op1" value="files"/>
         </Action>
         <True-Next-Node>Log</True-Next-Node>
         <False-Next-Node>PutMessage2</False-Next-Node>
      </Rule-Node>
      <Process-Node>
         <Name>Log</Name>
         <Action>
            <Class-Name>com.hp.ov.activator.mwfm.component.builtin.Log</Class-Name>
            <Param name="component_name" value="variable:WORKFLOW_NAME"/>
            <Param name="log_level" value="INFORMATIVE"/>
            <Param name="log_manager" value="WTTH_log_manager"/>
            <Param name="log_message" value="Not files to read"/>
         </Action>
         <Next-Node>END!!1</Next-Node>
      </Process-Node>
      <Process-Node disablePersistence="true">
         <Name>END!!1</Name>
         <Action>
            <Class-Name>com.hp.ov.activator.mwfm.component.builtin.DoNothing</Class-Name>
         </Action>
         <Next-Node>PutMessage</Next-Node>
      </Process-Node>
      <Process-Node inactive="true">
         <Name>PutMessage</Name>
         <Action>
            <Class-Name>com.hp.ov.activator.mwfm.component.builtin.PutMessage</Class-Name>
            <Param name="message" value="Hubo un error en el archivo!"/>
            <Param name="queue" value="error"/>
         </Action>
      </Process-Node>
      <Process-Node inactive="true">
         <Name>PutMessage2</Name>
         <Action>
            <Class-Name>com.hp.ov.activator.mwfm.component.builtin.PutMessage</Class-Name>
            <Param name="message" value="Si estuvo bien"/>
            <Param name="queue" value="bien"/>
         </Action>
         <Next-Node>more files?1</Next-Node>
      </Process-Node>
      <Rule-Node>
         <Name>more files?1</Name>
         <Action>
            <Class-Name>com.hp.ov.activator.mwfm.component.builtin.ForEach</Class-Name>
            <Param name="element" value="file"/>
            <Param name="list" value="files"/>
            <Param name="remaining" value="files_remain"/>
         </Action>
         <True-Next-Node>Switch1</True-Next-Node>
         <False-Next-Node>Log1</False-Next-Node>
      </Rule-Node>
      <Switch-Node disablePersistence="true">
         <Name>Switch1</Name>
         <Action>
            <Class-Name>com.hp.ov.activator.mwfm.component.builtin.SwitchCase</Class-Name>
            <Param name="key" value="file"/>
            <Param name="case0" value="constant:Inprogress"/>
            <Param name="case1" value="constant:Processed"/>
         </Action>
         <Switch name="case0">DoNothing</Switch>
         <Switch name="case1">DoNothing</Switch>
         <Default>Log11</Default>
      </Switch-Node>
      <Process-Node inactive="true">
         <Name>Log1</Name>
         <Action>
            <Class-Name>com.hp.ov.activator.mwfm.component.builtin.Log</Class-Name>
            <Param name="component_name" value="variable:WORKFLOW_NAME"/>
            <Param name="log_level" value="INFORMATIVE"/>
            <Param name="log_manager" value="WTTH_log_manager"/>
            <Param name="log_message" value="Finish the massive delete"/>
         </Action>
         <Next-Node>END!!1</Next-Node>
      </Process-Node>
      <Process-Node inactive="true">
         <Name>Delete OK1</Name>
         <Description>Last message of Docsis procedure</Description>
         <Action>
            <Class-Name>com.hp.ov.activator.mwfm.component.builtin.PutMessage</Class-Name>
            <Param name="message" value="%s - Delete OK - (%s)"/>
            <Param name="queue" value="Delete_massive"/>
            <Param name="param0" value="account_number"/>
            <Param name="param1" value="out_message"/>
         </Action>
         <Next-Node>Java</Next-Node>
      </Process-Node>
      <Process-Node inactive="true">
         <Name>Delete error1</Name>
         <Description>Last message of Docsis procedure</Description>
         <Action>
            <Class-Name>com.hp.ov.activator.mwfm.component.builtin.PutMessage</Class-Name>
            <Param name="message" value="%s - Delete Error - (%s)"/>
            <Param name="queue" value="Delete_massive"/>
            <Param name="param0" value="account_number"/>
            <Param name="param1" value="out_message"/>
         </Action>
         <Next-Node>Java</Next-Node>
      </Process-Node>
      <Process-Node>
         <Name>DeleteService1</Name>
         <Action>
            <Class-Name>com.hp.ov.activator.mwfm.component.builtin.StartJobAndWait</Class-Name>
            <Param name="queue" value="controller_queue"/>
            <Param name="workflow_name" value="constant:WTTH_DELETE_SERVICES"/>
            <Param name="destination0" value="controller_JOB_ID"/>
            <Param name="outputvar0" value="wtth_result_code"/>
            <Param name="variable0" value="JOB_ID"/>
            <Param name="outputvar1" value="wtth_result_desc"/>
            <Param name="variable1" value="fixed_telephone_number_new"/>
            <Param name="variable2" value="password_customer"/>
            <Param name="variable3" value="action_name"/>
            <Param name="variable4" value="account_number"/>
            <Param name="variable5" value="mobile_telephone_number_new"/>
            <Param name="variable6" value="service_id_new"/>
            <Param name="variable8" value="service_type"/>
            <Param name="variable9" value="geographical_location_id"/>
         </Action>
         <Next-Node>Equal2</Next-Node>
      </Process-Node>
      <Process-Node disablePersistence="true">
         <Name>DoNothing</Name>
         <Action>
            <Class-Name>com.hp.ov.activator.mwfm.component.builtin.DoNothing</Class-Name>
         </Action>
         <Next-Node>more files?1</Next-Node>
      </Process-Node>
      <Process-Node>
         <Name>END1</Name>
         <Action>
            <Class-Name>com.hp.ov.activator.mwfm.component.builtin.PutMessage</Class-Name>
            <Param name="message" value="Delete massive end (%s)"/>
            <Param name="queue" value="Delete_massive"/>
            <Param name="param0" value="file"/>
         </Action>
         <Next-Node>DoNothing</Next-Node>
      </Process-Node>
      <Rule-Node disablePersistence="true">
         <Name>Equal</Name>
         <Action>
            <Class-Name>com.hp.ov.activator.mwfm.component.builtin.Equal</Class-Name>
            <Param name="op1" value="count_info#"/>
            <Param name="op2" value="constant:0"/>
         </Action>
         <True-Next-Node>VariableMapper212</True-Next-Node>
         <False-Next-Node>QueryInventory1</False-Next-Node>
      </Rule-Node>
      <Rule-Node disablePersistence="true">
         <Name>Equal1</Name>
         <Action>
            <Class-Name>com.hp.ov.activator.mwfm.component.builtin.Equal</Class-Name>
            <Param name="op1" value="services_obj#"/>
            <Param name="op2" value="constant:0"/>
         </Action>
         <True-Next-Node>VariableMapper21</True-Next-Node>
         <False-Next-Node>VariableMapper31</False-Next-Node>
      </Rule-Node>
      <Rule-Node disablePersistence="true">
         <Name>Equal2</Name>
         <Action>
            <Class-Name>com.hp.ov.activator.mwfm.component.builtin.Equal</Class-Name>
            <Param name="op1" value="wtth_result_code"/>
            <Param name="op2" value="constant:0"/>
         </Action>
         <True-Next-Node>Log111</True-Next-Node>
         <False-Next-Node>Log1111</False-Next-Node>
      </Rule-Node>
      <Rule-Node disablePersistence="true">
         <Name>Equal21</Name>
         <Action>
            <Class-Name>com.hp.ov.activator.mwfm.component.builtin.Equal</Class-Name>
            <Param name="op1" value="params_obj#"/>
            <Param name="op2" value="constant:0"/>
         </Action>
         <True-Next-Node>VariableMapper211</True-Next-Node>
         <False-Next-Node>ForEach1</False-Next-Node>
      </Rule-Node>
      <Rule-Node>
         <Name>ForEach1</Name>
         <Action>
            <Class-Name>com.hp.ov.activator.mwfm.component.builtin.ForEach</Class-Name>
            <Param name="element" value="params_elemt"/>
            <Param name="list" value="params_obj"/>
            <Param name="remaining" value="params_remaining"/>
         </Action>
         <True-Next-Node>PutMessage5</True-Next-Node>
         <False-Next-Node>GenericJavaHashMap21</False-Next-Node>
      </Rule-Node>
      <Process-Node>
         <Name>GenericJavaHashMap1</Name>
         <Action>
            <Class-Name>com.hp.ov.activator.custom.node.GenericJavaHashMap</Class-Name>
            <Param name="hpsa_context" value="params_array"/>
            <Param name="operation" value="constant:put"/>
            <Param name="key0" value="params_elemt.paramName"/>
            <Param name="result0" value="params_array"/>
            <Param name="value0" value="params_elemt.paramValue"/>
         </Action>
         <Next-Node>ForEach1</Next-Node>
      </Process-Node>
      <Process-Node>
         <Name>GenericJavaHashMap21</Name>
         <Action>
            <Class-Name>com.hp.ov.activator.custom.node.GenericJavaHashMap</Class-Name>
            <Param name="hpsa_context" value="params_array"/>
            <Param name="operation" value="constant:get"/>
            <Param name="key0" value="constant:geographical_location_id"/>
            <Param name="result0" value="geographical_location_id"/>
            <Param name="key1" value="constant:fixed_telephone_number"/>
            <Param name="result1" value="fixed_telephone_number_new"/>
            <Param name="key2" value="constant:mobile_telephone_number"/>
            <Param name="result2" value="mobile_telephone_number_new"/>
         </Action>
         <Next-Node>PutMessage4</Next-Node>
      </Process-Node>
      <Process-Node>
         <Name>INIT1</Name>
         <Action>
            <Class-Name>com.hp.ov.activator.mwfm.component.builtin.PutMessage</Class-Name>
            <Param name="message" value="Delete massive init (%s)"/>
            <Param name="queue" value="Delete_massive"/>
            <Param name="param0" value="file"/>
         </Action>
         <Next-Node>get file accounts1</Next-Node>
      </Process-Node>
      <Process-Node>
         <Name>Java</Name>
         <Description></Description>
         <State></State>
         <Action>
            <Class-Name>com.hp.ov.activator.mwfm.component.builtin.JavaNode</Class-Name>
            <Param name="in_scope" value="results,resultado"/>
            <Param name="javacode" value="constant:public String mensaje(){return results + &quot;\n&quot; + resultado; }"/>
            <Param name="method" value="constant:mensaje"/>
            <Param name="output_var" value="results"/>
            <Param name="strict_scope" value="true"/>
         </Action>
         <Next-Node>more accounts?1</Next-Node>
      </Process-Node>
      <Process-Node>
         <Name>Log11</Name>
         <Action>
            <Class-Name>com.hp.ov.activator.mwfm.component.builtin.Log</Class-Name>
            <Param name="component_name" value="variable:WORKFLOW_NAME"/>
            <Param name="log_level" value="INFORMATIVE"/>
            <Param name="log_manager" value="WTTH_log_manager"/>
            <Param name="log_message" value="Delete massive init (%s)"/>
            <Param name="param0" value="file"/>
         </Action>
         <Next-Node>get file accounts1</Next-Node>
      </Process-Node>
      <Process-Node>
         <Name>Log111</Name>
         <Action>
            <Class-Name>com.hp.ov.activator.mwfm.component.builtin.Log</Class-Name>
            <Param name="component_name" value="variable:WORKFLOW_NAME"/>
            <Param name="log_level" value="INFORMATIVE"/>
            <Param name="log_manager" value="WTTH_log_manager"/>
            <Param name="log_message" value="%s - Delete OK - (%s)"/>
            <Param name="param0" value="account_number"/>
            <Param name="param1" value="wtth_result_desc"/>
         </Action>
         <Next-Node>VariableMapper4</Next-Node>
      </Process-Node>
      <Process-Node>
         <Name>Log1111</Name>
         <Action>
            <Class-Name>com.hp.ov.activator.mwfm.component.builtin.Log</Class-Name>
            <Param name="component_name" value="variable:WORKFLOW_NAME"/>
            <Param name="log_level" value="INFORMATIVE"/>
            <Param name="log_manager" value="WTTH_log_manager"/>
            <Param name="log_message" value="%s - Delete Error - (%s)"/>
            <Param name="param0" value="account_number"/>
            <Param name="param1" value="wtth_result_desc"/>
         </Action>
         <Next-Node>VariableMapper3</Next-Node>
      </Process-Node>
      <Process-Node>
         <Name>Log12</Name>
         <Action>
            <Class-Name>com.hp.ov.activator.mwfm.component.builtin.Log</Class-Name>
            <Param name="component_name" value="variable:WORKFLOW_NAME"/>
            <Param name="log_level" value="INFORMATIVE"/>
            <Param name="log_manager" value="WTTH_log_manager"/>
            <Param name="log_message" value="Finish the massive delete"/>
         </Action>
         <Next-Node>DoNothing</Next-Node>
      </Process-Node>
      <Process-Node>
         <Name>PutMessage21</Name>
         <Action>
            <Class-Name>com.hp.ov.activator.mwfm.component.builtin.PutMessage</Class-Name>
            <Param name="message" value="wtth_code: %s ---- wtth_desc: %s"/>
            <Param name="queue" value="WTTH_CHECK"/>
            <Param name="param0" value="wtth_result_code"/>
            <Param name="param1" value="wtth_result_desc"/>
         </Action>
         <Next-Node>more accounts?1</Next-Node>
      </Process-Node>
      <Process-Node inactive="true">
         <Name>PutMessage4</Name>
         <Action>
            <Class-Name>com.hp.ov.activator.mwfm.component.builtin.PutMessage</Class-Name>
            <Param name="message" value="parametros: telefono fijo: %s. telefono_mobil: %s. geo_id: %s"/>
            <Param name="queue" value="Parametros_imprimir"/>
            <Param name="param0" value="fixed_telephone_number_new"/>
            <Param name="param1" value="mobile_telephone_number_new"/>
            <Param name="param2" value="geographical_location_id"/>
         </Action>
         <Next-Node>DeleteService1</Next-Node>
      </Process-Node>
      <Process-Node inactive="true">
         <Name>PutMessage5</Name>
         <Action>
            <Class-Name>com.hp.ov.activator.mwfm.component.builtin.PutMessage</Class-Name>
            <Param name="message" value="Params_element_name: %s Params_element_value: %s"/>
            <Param name="queue" value="estos_son_los_parametros"/>
            <Param name="param0" value="params_elemt.paramName"/>
            <Param name="param1" value="params_elemt.paramValue"/>
         </Action>
         <Next-Node>GenericJavaHashMap1</Next-Node>
      </Process-Node>
      <Process-Node>
         <Name>QueryInventory</Name>
         <Action>
            <Class-Name>com.hp.ov.activator.mwfm.component.builtin.QueryInventory</Class-Name>
            <Param name="bean" value="constant:com.hpe.ov.activator.inventory.Customer"/>
            <Param name="find_by_method" value="constant:findByAccountnumber"/>
            <Param name="return_array" value="constant:true"/>
            <Param name="variable" value="count_info"/>
            <Param name="key_value0" value="account_number"/>
         </Action>
         <Next-Node>Equal</Next-Node>
      </Process-Node>
      <Process-Node>
         <Name>QueryInventory1</Name>
         <Action>
            <Class-Name>com.hp.ov.activator.mwfm.component.builtin.QueryInventory</Class-Name>
            <Param name="bean" value="constant:com.hpe.ov.activator.inventory.Services"/>
            <Param name="find_by_method" value="constant:findByAccountnumber"/>
            <Param name="return_array" value="constant:true"/>
            <Param name="variable" value="services_obj"/>
            <Param name="key_value0" value="account_number"/>
         </Action>
         <Next-Node>Equal1</Next-Node>
      </Process-Node>
      <Process-Node>
         <Name>QueryInventory21</Name>
         <Action>
            <Class-Name>com.hp.ov.activator.mwfm.component.builtin.QueryInventory</Class-Name>
            <Param name="bean" value="constant:com.hpe.ov.activator.inventory.ServiceParams"/>
            <Param name="find_by_method" value="constant:findAll"/>
            <Param name="variable" value="params_obj"/>
            <Param name="where" value="constant:SERVICE_ID = &apos;%s&apos; AND CUSTOMER_ID = &apos;%s&apos;"/>
            <Param name="param0" value="service_id_new"/>
            <Param name="param1" value="account_number"/>
         </Action>
         <Next-Node>Equal21</Next-Node>
      </Process-Node>
      <Process-Node disablePersistence="true">
         <Name>VariableMapper11</Name>
         <Action>
            <Class-Name>com.hp.ov.activator.mwfm.component.builtin.VariableMapper</Class-Name>
            <Param name="file_in" value="%path_in%%file%"/>
            <Param name="file_proc" value="%path_proc%%file%"/>
         </Action>
         <Next-Node>move inprogress to processed1</Next-Node>
      </Process-Node>
      <Process-Node disablePersistence="true">
         <Name>VariableMapper2</Name>
         <Action>
            <Class-Name>com.hp.ov.activator.mwfm.component.builtin.VariableMapper</Class-Name>
            <Param name="results" value="%results% \n \r %resultado%"/>
         </Action>
         <Next-Node>more accounts?1</Next-Node>
      </Process-Node>
      <Process-Node disablePersistence="true">
         <Name>VariableMapper21</Name>
         <Action>
            <Class-Name>com.hp.ov.activator.mwfm.component.builtin.VariableMapper</Class-Name>
            <Param name="wtth_result_code" value="601"/>
            <Param name="wtth_result_desc" value="Not services found for this account number: %account_number%"/>
         </Action>
         <Next-Node>PutMessage21</Next-Node>
      </Process-Node>
      <Process-Node disablePersistence="true">
         <Name>VariableMapper211</Name>
         <Action>
            <Class-Name>com.hp.ov.activator.mwfm.component.builtin.VariableMapper</Class-Name>
            <Param name="wtth_result_code" value="302"/>
            <Param name="wtth_result_desc" value="UNDO_OK Not params found for this service: %service_id%"/>
         </Action>
         <Next-Node>PutMessage21</Next-Node>
      </Process-Node>
      <Process-Node disablePersistence="true">
         <Name>VariableMapper212</Name>
         <Action>
            <Class-Name>com.hp.ov.activator.mwfm.component.builtin.VariableMapper</Class-Name>
            <Param name="wtth_result_code" value="601"/>
            <Param name="wtth_result_desc" value="Not services found for this account number: %account_number%"/>
         </Action>
         <Next-Node>PutMessage21</Next-Node>
      </Process-Node>
      <Process-Node disablePersistence="true">
         <Name>VariableMapper3</Name>
         <Action>
            <Class-Name>com.hp.ov.activator.mwfm.component.builtin.VariableMapper</Class-Name>
            <Param name="resultado" value="%account_number% - Delete Error - (%wtth_result_desc%)"/>
         </Action>
         <Next-Node>Delete error1</Next-Node>
      </Process-Node>
      <Process-Node disablePersistence="true">
         <Name>VariableMapper31</Name>
         <Action>
            <Class-Name>com.hp.ov.activator.mwfm.component.builtin.VariableMapper</Class-Name>
            <Param name="account_status" value="%services_obj[0].accountStatus%"/>
            <Param name="password_customer" value="%count_info[0].accountStatus%"/>
            <Param name="service_id_new" value="%services_obj[0].serviceid%"/>
            <Param name="service_type" value="%services_obj[0].serviceType%"/>
         </Action>
         <Next-Node>QueryInventory21</Next-Node>
      </Process-Node>
      <Process-Node disablePersistence="true">
         <Name>VariableMapper4</Name>
         <Action>
            <Class-Name>com.hp.ov.activator.mwfm.component.builtin.VariableMapper</Class-Name>
            <Param name="resultado" value="%account_number% - Delete OK - (%wtth_result_desc%)"/>
         </Action>
         <Next-Node>Delete OK1</Next-Node>
      </Process-Node>
      <Process-Node disablePersistence="true">
         <Name>VariableMapper5</Name>
         <Description></Description>
         <State></State>
         <Action>
            <Class-Name>com.hp.ov.activator.mwfm.component.builtin.VariableMapper</Class-Name>
            <Param name="name_file" value="/var/tmp/Cancelaciones/Results/Result_%file%"/>
         </Action>
         <Next-Node>WriteFile2</Next-Node>
      </Process-Node>
      <Process-Node>
         <Name>WriteFile2</Name>
         <Action>
            <Class-Name>com.hp.ov.activator.mwfm.component.builtin.WriteFile</Class-Name>
            <Param name="file" value="name_file"/>
            <Param name="variable" value="results"/>
         </Action>
         <Next-Node>Log12</Next-Node>
      </Process-Node>
      <Rule-Node disablePersistence="true">
         <Name>file no ok?1</Name>
         <Action>
            <Class-Name>com.hp.ov.activator.mwfm.component.builtin.Not</Class-Name>
            <Param name="op1" value="accounts"/>
         </Action>
         <True-Next-Node>invalid file1</True-Next-Node>
         <False-Next-Node>more accounts?1</False-Next-Node>
      </Rule-Node>
      <Process-Node>
         <Name>get file accounts1</Name>
         <Action>
            <Class-Name>com.hp.ov.activator.mwfm.component.builtin.JavaNode</Class-Name>
            <Param name="javafile" value="constant:methods_for_massive_delete.jtp"/>
            <Param name="method" value="constant:getAccounts"/>
            <Param name="output_var" value="accounts"/>
            <Param name="strict_scope" value="false"/>
            <Param name="use_solution_dir" value="constant:true"/>
            <Param name="arg0" value="file"/>
            <Param name="arg1" value="file_prog"/>
            <Param name="arg2" value="file_proc"/>
            <Param name="arg3" value="path_prog"/>
            <Param name="arg4" value="path_proc"/>
         </Action>
         <Next-Node>file no ok?1</Next-Node>
      </Process-Node>
      <Process-Node>
         <Name>invalid file1</Name>
         <Action>
            <Class-Name>com.hp.ov.activator.mwfm.component.builtin.PutMessage</Class-Name>
            <Param name="message" value="Invalid file (%s)"/>
            <Param name="queue" value="Delete_massive"/>
            <Param name="param0" value="file"/>
         </Action>
         <Next-Node>VariableMapper11</Next-Node>
      </Process-Node>
      <Rule-Node>
         <Name>more accounts?1</Name>
         <Action>
            <Class-Name>com.hp.ov.activator.mwfm.component.builtin.ForEach</Class-Name>
            <Param name="element" value="account_number"/>
            <Param name="list" value="accounts"/>
            <Param name="remaining" value="accounts_remain"/>
         </Action>
         <True-Next-Node>QueryInventory</True-Next-Node>
         <False-Next-Node>VariableMapper11</False-Next-Node>
      </Rule-Node>
      <Process-Node>
         <Name>move inprogress to processed1</Name>
         <Action>
            <Class-Name>com.hp.ov.activator.mwfm.component.builtin.MoveFile</Class-Name>
            <Param name="destination" value="file_proc"/>
            <Param name="file" value="file_prog"/>
         </Action>
         <Next-Node>VariableMapper5</Next-Node>
      </Process-Node>
   </Nodes>
   <Case-Packet>
      <Variable name="ANNOTATION" type="String"/>
      <Variable name="BREAK_POINT" type="String"/>
      <Variable name="DEFAULT_ROLE" type="String"/>
      <Variable name="EMPTY_STRING" type="String"/>
      <Variable name="ETC" type="String"/>
      <Variable name="EX_STEP_NAME" type="String"/>
      <Variable name="FILE_URL_PREFIX" type="String"/>
      <Variable name="HOST_NAME" type="String"/>
      <Variable name="JOB_ID" type="Integer"/>
      <Variable name="KILLED" type="Boolean"/>
      <Variable name="KILL_ROLE" type="String"/>
      <Variable name="MACRO_OUTPUT" type="Object"/>
      <Variable name="MASTER_CHILD_JOBS" type="Object"/>
      <Variable name="MUTEX" type="Boolean"/>
      <Variable name="NULL" type="Object"/>
      <Variable name="PRIORITY" type="Integer"/>
      <Variable name="RESERVATIONS" type="Object"/>
      <Variable name="RET_TEXT" type="String"/>
      <Variable name="RET_VALUE" type="Integer"/>
      <Variable name="RUNTIME" type="Object"/>
      <Variable name="SCHEDULED_INFO" type="Object"/>
      <Variable name="SERVICE_ID" type="String"/>
      <Variable name="SOLUTION_ETC" type="String"/>
      <Variable name="SOLUTION_NAME" type="String"/>
      <Variable name="SOLUTION_VAR" type="String"/>
      <Variable name="SOR_ID" type="Integer"/>
      <Variable name="START_ROLE" type="String"/>
      <Variable name="START_TIME" type="Integer"/>
      <Variable name="STATUS" type="String"/>
      <Variable name="STEP_NAME" type="String"/>
      <Variable name="SUBSTEP" type="String"/>
      <Variable name="THROW_EXCEP" type="Boolean"/>
      <Variable name="TIMEOUT" type="Boolean"/>
      <Variable name="TRACE_ROLE" type="String"/>
      <Variable name="UNIQUE_WORKFLOW" type="Integer"/>
      <Variable name="VAR" type="String"/>
      <Variable name="WORKFLOW_EXCEPTION" type="Object"/>
      <Variable name="WORKFLOW_EXECUTION_STATUS" type="String"/>
      <Variable name="WORKFLOW_NAME" type="String"/>
      <Variable name="WORKFLOW_ORDER_ID" type="String"/>
      <Variable name="WORKFLOW_STATE" type="String"/>
      <Variable name="WORKFLOW_TYPE" type="String"/>
      <Variable name="WORKFLOW_VERSION" type="Integer"/>
      <Variable name="account_number" type="String"/>
      <Variable name="account_status" type="String"/>
      <Variable name="accounts" type="Object"/>
      <Variable name="accounts_remain" type="Object"/>
      <Variable name="action_name" type="String"/>
      <Variable name="activation_description" type="String"/>
      <Variable name="activation_major_code" type="Integer"/>
      <Variable name="activation_minor_code" type="Integer"/>
      <Variable name="count_info" type="Object"/>
      <Variable name="file" type="String"/>
      <Variable name="file_in" type="String"/>
      <Variable name="file_proc" type="String"/>
      <Variable name="file_prog" type="String"/>
      <Variable name="files" type="Object"/>
      <Variable name="files_remain" type="Object"/>
      <Variable name="fixed_telephone_number_new" type="String"/>
      <Variable name="geographical_location_id" type="String"/>
      <Variable name="message_url" type="String"/>
      <Variable name="mobile_telephone_number_new" type="String"/>
      <Variable name="module_name" type="String"/>
      <Variable name="name_file" type="String"/>
      <Variable name="params_array" type="Object"/>
      <Variable name="params_elemt" type="Object"/>
      <Variable name="params_obj" type="Object"/>
      <Variable name="params_remaining" type="Object"/>
      <Variable name="password_costumer" type="String"/>
      <Variable name="password_customer" type="String"/>
      <Variable name="path_in" type="String"/>
      <Variable name="path_proc" type="String"/>
      <Variable name="path_prog" type="String"/>
      <Variable name="resultado" type="String"/>
      <Variable name="results" type="String"/>
      <Variable name="service_id_new" type="String"/>
      <Variable name="service_type" type="String"/>
      <Variable name="services_obj" type="Object"/>
      <Variable name="skip_activation" type="Boolean"/>
      <Variable name="wtth_result_code" type="Integer"/>
      <Variable name="wtth_result_desc" type="String"/>
   </Case-Packet>
   <Initial-Case-Packet>
      <Variable-Value name="FILE_URL_PREFIX" value="file:///"/>
      <Variable-Value name="SOLUTION_NAME" value="WTTH"/>
      <Variable-Value name="WORKFLOW_NAME" value="WTTH_DELETE_SERVICES_MASSIVE"/>
      <Variable-Value name="WORKFLOW_VERSION" value="-1"/>
   </Initial-Case-Packet>
   <Coordinates>
      <Position>
         <Name>Delete OK1</Name>
         <X>384</X>
         <Y>684</Y>
         <Width>64</Width>
         <Height>48</Height>
      </Position>
      <Position>
         <Name>Delete error1</Name>
         <X>249</X>
         <Y>679</Y>
         <Width>74</Width>
         <Height>48</Height>
      </Position>
      <Position>
         <Name>DeleteService1</Name>
         <X>201</X>
         <Y>1095</Y>
         <Width>82</Width>
         <Height>48</Height>
      </Position>
      <Position>
         <Name>DoNothing</Name>
         <X>168</X>
         <Y>208</Y>
         <Width>61</Width>
         <Height>48</Height>
      </Position>
      <Position>
         <Name>END!!1</Name>
         <X>714</X>
         <Y>101</Y>
         <Width>61</Width>
         <Height>48</Height>
      </Position>
      <Position>
         <Name>END1</Name>
         <X>99</X>
         <Y>458</Y>
         <Width>61</Width>
         <Height>48</Height>
      </Position>
      <Position>
         <Name>Equal</Name>
         <X>508</X>
         <Y>694</Y>
         <Width>56</Width>
         <Height>24</Height>
      </Position>
      <Position>
         <Name>Equal1</Name>
         <X>505</X>
         <Y>802</Y>
         <Width>62</Width>
         <Height>24</Height>
      </Position>
      <Position>
         <Name>Equal2</Name>
         <X>349</X>
         <Y>922</Y>
         <Width>62</Width>
         <Height>24</Height>
      </Position>
      <Position>
         <Name>Equal21</Name>
         <X>502</X>
         <Y>989</Y>
         <Width>68</Width>
         <Height>24</Height>
      </Position>
      <Position>
         <Name>ForEach1</Name>
         <X>499</X>
         <Y>1045</Y>
         <Width>75</Width>
         <Height>24</Height>
      </Position>
      <Position>
         <Name>GenericJavaHashMap1</Name>
         <X>847</X>
         <Y>1094</Y>
         <Width>119</Width>
         <Height>48</Height>
      </Position>
      <Position>
         <Name>GenericJavaHashMap21</Name>
         <X>473</X>
         <Y>1093</Y>
         <Width>125</Width>
         <Height>48</Height>
      </Position>
      <Position>
         <Name>INIT1</Name>
         <X>506</X>
         <Y>322</Y>
         <Width>61</Width>
         <Height>48</Height>
      </Position>
      <Position>
         <Name>Java</Name>
         <X>320</X>
         <Y>612</Y>
         <Width>61</Width>
         <Height>48</Height>
      </Position>
      <Position>
         <Name>Log</Name>
         <X>662</X>
         <Y>37</Y>
         <Width>61</Width>
         <Height>48</Height>
      </Position>
      <Position>
         <Name>Log1</Name>
         <X>642</X>
         <Y>179</Y>
         <Width>61</Width>
         <Height>48</Height>
      </Position>
      <Position>
         <Name>Log11</Name>
         <X>416</X>
         <Y>326</Y>
         <Width>61</Width>
         <Height>48</Height>
      </Position>
      <Position>
         <Name>Log111</Name>
         <X>382</X>
         <Y>798</Y>
         <Width>61</Width>
         <Height>48</Height>
      </Position>
      <Position>
         <Name>Log1111</Name>
         <X>259</X>
         <Y>798</Y>
         <Width>61</Width>
         <Height>48</Height>
      </Position>
      <Position>
         <Name>Log12</Name>
         <X>20</X>
         <Y>323</Y>
         <Width>61</Width>
         <Height>48</Height>
      </Position>
      <Position>
         <Name>No files?1</Name>
         <X>510</X>
         <Y>44</Y>
         <Width>76</Width>
         <Height>24</Height>
      </Position>
      <Position>
         <Name>PutMessage</Name>
         <X>841</X>
         <Y>76</Y>
         <Width>68</Width>
         <Height>48</Height>
      </Position>
      <Position>
         <Name>PutMessage2</Name>
         <X>511</X>
         <Y>110</Y>
         <Width>74</Width>
         <Height>48</Height>
      </Position>
      <Position>
         <Name>PutMessage21</Name>
         <X>872</X>
         <Y>790</Y>
         <Width>80</Width>
         <Height>48</Height>
      </Position>
      <Position>
         <Name>PutMessage3</Name>
         <X>395</X>
         <Y>32</Y>
         <Width>74</Width>
         <Height>48</Height>
      </Position>
      <Position>
         <Name>PutMessage4</Name>
         <X>342</X>
         <Y>1097</Y>
         <Width>74</Width>
         <Height>48</Height>
      </Position>
      <Position>
         <Name>PutMessage5</Name>
         <X>667</X>
         <Y>1027</Y>
         <Width>74</Width>
         <Height>48</Height>
      </Position>
      <Position>
         <Name>QueryInventory</Name>
         <X>492</X>
         <Y>627</Y>
         <Width>88</Width>
         <Height>48</Height>
      </Position>
      <Position>
         <Name>QueryInventory1</Name>
         <X>489</X>
         <Y>734</Y>
         <Width>94</Width>
         <Height>48</Height>
      </Position>
      <Position>
         <Name>QueryInventory21</Name>
         <X>486</X>
         <Y>919</Y>
         <Width>100</Width>
         <Height>48</Height>
      </Position>
      <Position>
         <Name>Switch1</Name>
         <X>505</X>
         <Y>255</Y>
         <Width>63</Width>
         <Height>24</Height>
      </Position>
      <Position>
         <Name>VariableMapper</Name>
         <X>47</X>
         <Y>32</Y>
         <Width>84</Width>
         <Height>48</Height>
      </Position>
      <Position>
         <Name>VariableMapper11</Name>
         <X>189</X>
         <Y>537</Y>
         <Width>96</Width>
         <Height>48</Height>
      </Position>
      <Position>
         <Name>VariableMapper2</Name>
         <X>340</X>
         <Y>547</Y>
         <Width>90</Width>
         <Height>48</Height>
      </Position>
      <Position>
         <Name>VariableMapper21</Name>
         <X>705</X>
         <Y>790</Y>
         <Width>96</Width>
         <Height>48</Height>
      </Position>
      <Position>
         <Name>VariableMapper211</Name>
         <X>861</X>
         <Y>977</Y>
         <Width>102</Width>
         <Height>48</Height>
      </Position>
      <Position>
         <Name>VariableMapper212</Name>
         <X>669</X>
         <Y>682</Y>
         <Width>102</Width>
         <Height>48</Height>
      </Position>
      <Position>
         <Name>VariableMapper3</Name>
         <X>238</X>
         <Y>738</Y>
         <Width>90</Width>
         <Height>48</Height>
      </Position>
      <Position>
         <Name>VariableMapper31</Name>
         <X>488</X>
         <Y>853</Y>
         <Width>96</Width>
         <Height>48</Height>
      </Position>
      <Position>
         <Name>VariableMapper4</Name>
         <X>372</X>
         <Y>740</Y>
         <Width>90</Width>
         <Height>48</Height>
      </Position>
      <Position>
         <Name>VariableMapper5</Name>
         <X>3</X>
         <Y>462</Y>
         <Width>90</Width>
         <Height>48</Height>
      </Position>
      <Position>
         <Name>WriteFile2</Name>
         <X>22</X>
         <Y>391</Y>
         <Width>61</Width>
         <Height>48</Height>
      </Position>
      <Position>
         <Name>file no ok?1</Name>
         <X>494</X>
         <Y>501</Y>
         <Width>84</Width>
         <Height>24</Height>
      </Position>
      <Position>
         <Name>get file accounts1</Name>
         <X>489</X>
         <Y>410</Y>
         <Width>95</Width>
         <Height>48</Height>
      </Position>
      <Position>
         <Name>get incoming files and move to inprogress1</Name>
         <X>151</X>
         <Y>32</Y>
         <Width>214</Width>
         <Height>48</Height>
      </Position>
      <Position>
         <Name>invalid file1</Name>
         <X>335</X>
         <Y>489</Y>
         <Width>63</Width>
         <Height>48</Height>
      </Position>
      <Position>
         <Name>more accounts?1</Name>
         <X>481</X>
         <Y>587</Y>
         <Width>111</Width>
         <Height>24</Height>
      </Position>
      <Position>
         <Name>more files?1</Name>
         <X>505</X>
         <Y>192</Y>
         <Width>87</Width>
         <Height>24</Height>
      </Position>
      <Position>
         <Name>move inprogress to processed1</Name>
         <X>14</X>
         <Y>537</Y>
         <Width>160</Width>
         <Height>48</Height>
      </Position>
      <Arrows>
         <Name>Delete OK1</Name>
         <True-Arrow>
            <Type>3</Type>
            <DeltaX>0</DeltaX>
            <DeltaY>0</DeltaY>
         </True-Arrow>
         <False-Arrow>
            <Type>0</Type>
            <DeltaX>0</DeltaX>
            <DeltaY>0</DeltaY>
         </False-Arrow>
      </Arrows>
      <Arrows>
         <Name>Delete error1</Name>
         <True-Arrow>
            <Type>3</Type>
            <DeltaX>0</DeltaX>
            <DeltaY>0</DeltaY>
         </True-Arrow>
         <False-Arrow>
            <Type>0</Type>
            <DeltaX>0</DeltaX>
            <DeltaY>0</DeltaY>
         </False-Arrow>
      </Arrows>
      <Arrows>
         <Name>DeleteService1</Name>
         <True-Arrow>
            <Type>3</Type>
            <DeltaX>0</DeltaX>
            <DeltaY>0</DeltaY>
         </True-Arrow>
         <False-Arrow>
            <Type>0</Type>
            <DeltaX>0</DeltaX>
            <DeltaY>0</DeltaY>
         </False-Arrow>
      </Arrows>
      <Arrows>
         <Name>DoNothing</Name>
         <True-Arrow>
            <Type>3</Type>
            <DeltaX>0</DeltaX>
            <DeltaY>0</DeltaY>
         </True-Arrow>
         <False-Arrow>
            <Type>0</Type>
            <DeltaX>0</DeltaX>
            <DeltaY>0</DeltaY>
         </False-Arrow>
      </Arrows>
      <Arrows>
         <Name>END!!1</Name>
         <True-Arrow>
            <Type>0</Type>
            <DeltaX>0</DeltaX>
            <DeltaY>0</DeltaY>
         </True-Arrow>
         <False-Arrow>
            <Type>0</Type>
            <DeltaX>0</DeltaX>
            <DeltaY>0</DeltaY>
         </False-Arrow>
      </Arrows>
      <Arrows>
         <Name>END1</Name>
         <True-Arrow>
            <Type>3</Type>
            <DeltaX>0</DeltaX>
            <DeltaY>0</DeltaY>
         </True-Arrow>
         <False-Arrow>
            <Type>0</Type>
            <DeltaX>0</DeltaX>
            <DeltaY>0</DeltaY>
         </False-Arrow>
      </Arrows>
      <Arrows>
         <Name>Equal</Name>
         <True-Arrow>
            <Type>0</Type>
            <DeltaX>0</DeltaX>
            <DeltaY>0</DeltaY>
         </True-Arrow>
         <False-Arrow>
            <Type>0</Type>
            <DeltaX>0</DeltaX>
            <DeltaY>0</DeltaY>
         </False-Arrow>
      </Arrows>
      <Arrows>
         <Name>Equal1</Name>
         <True-Arrow>
            <Type>0</Type>
            <DeltaX>0</DeltaX>
            <DeltaY>0</DeltaY>
         </True-Arrow>
         <False-Arrow>
            <Type>0</Type>
            <DeltaX>0</DeltaX>
            <DeltaY>0</DeltaY>
         </False-Arrow>
      </Arrows>
      <Arrows>
         <Name>Equal2</Name>
         <True-Arrow>
            <Type>0</Type>
            <DeltaX>0</DeltaX>
            <DeltaY>0</DeltaY>
         </True-Arrow>
         <False-Arrow>
            <Type>0</Type>
            <DeltaX>0</DeltaX>
            <DeltaY>0</DeltaY>
         </False-Arrow>
      </Arrows>
      <Arrows>
         <Name>Equal21</Name>
         <True-Arrow>
            <Type>0</Type>
            <DeltaX>0</DeltaX>
            <DeltaY>0</DeltaY>
         </True-Arrow>
         <False-Arrow>
            <Type>0</Type>
            <DeltaX>0</DeltaX>
            <DeltaY>0</DeltaY>
         </False-Arrow>
      </Arrows>
      <Arrows>
         <Name>ForEach1</Name>
         <True-Arrow>
            <Type>0</Type>
            <DeltaX>0</DeltaX>
            <DeltaY>0</DeltaY>
         </True-Arrow>
         <False-Arrow>
            <Type>0</Type>
            <DeltaX>0</DeltaX>
            <DeltaY>0</DeltaY>
         </False-Arrow>
      </Arrows>
      <Arrows>
         <Name>GenericJavaHashMap1</Name>
         <True-Arrow>
            <Type>0</Type>
            <DeltaX>0</DeltaX>
            <DeltaY>0</DeltaY>
         </True-Arrow>
         <False-Arrow>
            <Type>0</Type>
            <DeltaX>0</DeltaX>
            <DeltaY>0</DeltaY>
         </False-Arrow>
      </Arrows>
      <Arrows>
         <Name>GenericJavaHashMap21</Name>
         <True-Arrow>
            <Type>0</Type>
            <DeltaX>0</DeltaX>
            <DeltaY>0</DeltaY>
         </True-Arrow>
         <False-Arrow>
            <Type>0</Type>
            <DeltaX>0</DeltaX>
            <DeltaY>0</DeltaY>
         </False-Arrow>
      </Arrows>
      <Arrows>
         <Name>INIT1</Name>
         <True-Arrow>
            <Type>0</Type>
            <DeltaX>0</DeltaX>
            <DeltaY>0</DeltaY>
         </True-Arrow>
         <False-Arrow>
            <Type>0</Type>
            <DeltaX>0</DeltaX>
            <DeltaY>0</DeltaY>
         </False-Arrow>
      </Arrows>
      <Arrows>
         <Name>Java</Name>
         <True-Arrow>
            <Type>0</Type>
            <DeltaX>0</DeltaX>
            <DeltaY>0</DeltaY>
         </True-Arrow>
         <False-Arrow>
            <Type>0</Type>
            <DeltaX>0</DeltaX>
            <DeltaY>0</DeltaY>
         </False-Arrow>
      </Arrows>
      <Arrows>
         <Name>Log</Name>
         <True-Arrow>
            <Type>0</Type>
            <DeltaX>0</DeltaX>
            <DeltaY>0</DeltaY>
         </True-Arrow>
         <False-Arrow>
            <Type>0</Type>
            <DeltaX>0</DeltaX>
            <DeltaY>0</DeltaY>
         </False-Arrow>
      </Arrows>
      <Arrows>
         <Name>Log1</Name>
         <True-Arrow>
            <Type>0</Type>
            <DeltaX>0</DeltaX>
            <DeltaY>0</DeltaY>
         </True-Arrow>
         <False-Arrow>
            <Type>0</Type>
            <DeltaX>0</DeltaX>
            <DeltaY>0</DeltaY>
         </False-Arrow>
      </Arrows>
      <Arrows>
         <Name>Log11</Name>
         <True-Arrow>
            <Type>0</Type>
            <DeltaX>0</DeltaX>
            <DeltaY>0</DeltaY>
         </True-Arrow>
         <False-Arrow>
            <Type>0</Type>
            <DeltaX>0</DeltaX>
            <DeltaY>0</DeltaY>
         </False-Arrow>
      </Arrows>
      <Arrows>
         <Name>Log111</Name>
         <True-Arrow>
            <Type>0</Type>
            <DeltaX>0</DeltaX>
            <DeltaY>0</DeltaY>
         </True-Arrow>
         <False-Arrow>
            <Type>0</Type>
            <DeltaX>0</DeltaX>
            <DeltaY>0</DeltaY>
         </False-Arrow>
      </Arrows>
      <Arrows>
         <Name>Log1111</Name>
         <True-Arrow>
            <Type>0</Type>
            <DeltaX>0</DeltaX>
            <DeltaY>0</DeltaY>
         </True-Arrow>
         <False-Arrow>
            <Type>0</Type>
            <DeltaX>0</DeltaX>
            <DeltaY>0</DeltaY>
         </False-Arrow>
      </Arrows>
      <Arrows>
         <Name>Log12</Name>
         <True-Arrow>
            <Type>0</Type>
            <DeltaX>0</DeltaX>
            <DeltaY>0</DeltaY>
         </True-Arrow>
         <False-Arrow>
            <Type>0</Type>
            <DeltaX>0</DeltaX>
            <DeltaY>0</DeltaY>
         </False-Arrow>
      </Arrows>
      <Arrows>
         <Name>No files?1</Name>
         <True-Arrow>
            <Type>2</Type>
            <DeltaX>0</DeltaX>
            <DeltaY>0</DeltaY>
         </True-Arrow>
         <False-Arrow>
            <Type>0</Type>
            <DeltaX>0</DeltaX>
            <DeltaY>0</DeltaY>
         </False-Arrow>
      </Arrows>
      <Arrows>
         <Name>PutMessage</Name>
         <True-Arrow>
            <Type>0</Type>
            <DeltaX>0</DeltaX>
            <DeltaY>0</DeltaY>
         </True-Arrow>
         <False-Arrow>
            <Type>0</Type>
            <DeltaX>0</DeltaX>
            <DeltaY>0</DeltaY>
         </False-Arrow>
      </Arrows>
      <Arrows>
         <Name>PutMessage2</Name>
         <True-Arrow>
            <Type>0</Type>
            <DeltaX>0</DeltaX>
            <DeltaY>0</DeltaY>
         </True-Arrow>
         <False-Arrow>
            <Type>0</Type>
            <DeltaX>0</DeltaX>
            <DeltaY>0</DeltaY>
         </False-Arrow>
      </Arrows>
      <Arrows>
         <Name>PutMessage21</Name>
         <True-Arrow>
            <Type>3</Type>
            <DeltaX>0</DeltaX>
            <DeltaY>0</DeltaY>
         </True-Arrow>
         <False-Arrow>
            <Type>0</Type>
            <DeltaX>0</DeltaX>
            <DeltaY>0</DeltaY>
         </False-Arrow>
      </Arrows>
      <Arrows>
         <Name>PutMessage3</Name>
         <True-Arrow>
            <Type>0</Type>
            <DeltaX>0</DeltaX>
            <DeltaY>0</DeltaY>
         </True-Arrow>
         <False-Arrow>
            <Type>0</Type>
            <DeltaX>0</DeltaX>
            <DeltaY>0</DeltaY>
         </False-Arrow>
      </Arrows>
      <Arrows>
         <Name>PutMessage4</Name>
         <True-Arrow>
            <Type>0</Type>
            <DeltaX>0</DeltaX>
            <DeltaY>0</DeltaY>
         </True-Arrow>
         <False-Arrow>
            <Type>0</Type>
            <DeltaX>0</DeltaX>
            <DeltaY>0</DeltaY>
         </False-Arrow>
      </Arrows>
      <Arrows>
         <Name>PutMessage5</Name>
         <True-Arrow>
            <Type>0</Type>
            <DeltaX>0</DeltaX>
            <DeltaY>0</DeltaY>
         </True-Arrow>
         <False-Arrow>
            <Type>0</Type>
            <DeltaX>0</DeltaX>
            <DeltaY>0</DeltaY>
         </False-Arrow>
      </Arrows>
      <Arrows>
         <Name>QueryInventory</Name>
         <True-Arrow>
            <Type>0</Type>
            <DeltaX>0</DeltaX>
            <DeltaY>0</DeltaY>
         </True-Arrow>
         <False-Arrow>
            <Type>0</Type>
            <DeltaX>0</DeltaX>
            <DeltaY>0</DeltaY>
         </False-Arrow>
      </Arrows>
      <Arrows>
         <Name>QueryInventory1</Name>
         <True-Arrow>
            <Type>0</Type>
            <DeltaX>0</DeltaX>
            <DeltaY>0</DeltaY>
         </True-Arrow>
         <False-Arrow>
            <Type>0</Type>
            <DeltaX>0</DeltaX>
            <DeltaY>0</DeltaY>
         </False-Arrow>
      </Arrows>
      <Arrows>
         <Name>QueryInventory21</Name>
         <True-Arrow>
            <Type>0</Type>
            <DeltaX>0</DeltaX>
            <DeltaY>0</DeltaY>
         </True-Arrow>
         <False-Arrow>
            <Type>0</Type>
            <DeltaX>0</DeltaX>
            <DeltaY>0</DeltaY>
         </False-Arrow>
      </Arrows>
      <Arrows>
         <Name>Switch1</Name>
         <True-Arrow>
            <Type>0</Type>
            <DeltaX>0</DeltaX>
            <DeltaY>0</DeltaY>
         </True-Arrow>
         <False-Arrow>
            <Type>0</Type>
            <DeltaX>0</DeltaX>
            <DeltaY>0</DeltaY>
         </False-Arrow>
         <Switch-Arrow>
            <Default-Arrow>
               <Type>0</Type>
               <DeltaX>0</DeltaX>
               <DeltaY>0</DeltaY>
            </Default-Arrow>
            <Case-Arrow>
               <Name>case0</Name>
               <Type>2</Type>
               <DeltaX>0</DeltaX>
               <DeltaY>0</DeltaY>
            </Case-Arrow>
            <Case-Arrow>
               <Name>case1</Name>
               <Type>2</Type>
               <DeltaX>0</DeltaX>
               <DeltaY>0</DeltaY>
            </Case-Arrow>
         </Switch-Arrow>
      </Arrows>
      <Arrows>
         <Name>VariableMapper</Name>
         <True-Arrow>
            <Type>0</Type>
            <DeltaX>0</DeltaX>
            <DeltaY>0</DeltaY>
         </True-Arrow>
         <False-Arrow>
            <Type>0</Type>
            <DeltaX>0</DeltaX>
            <DeltaY>0</DeltaY>
         </False-Arrow>
      </Arrows>
      <Arrows>
         <Name>VariableMapper11</Name>
         <True-Arrow>
            <Type>0</Type>
            <DeltaX>0</DeltaX>
            <DeltaY>0</DeltaY>
         </True-Arrow>
         <False-Arrow>
            <Type>0</Type>
            <DeltaX>0</DeltaX>
            <DeltaY>0</DeltaY>
         </False-Arrow>
      </Arrows>
      <Arrows>
         <Name>VariableMapper2</Name>
         <True-Arrow>
            <Type>0</Type>
            <DeltaX>0</DeltaX>
            <DeltaY>0</DeltaY>
         </True-Arrow>
         <False-Arrow>
            <Type>0</Type>
            <DeltaX>0</DeltaX>
            <DeltaY>0</DeltaY>
         </False-Arrow>
      </Arrows>
      <Arrows>
         <Name>VariableMapper21</Name>
         <True-Arrow>
            <Type>0</Type>
            <DeltaX>0</DeltaX>
            <DeltaY>0</DeltaY>
         </True-Arrow>
         <False-Arrow>
            <Type>0</Type>
            <DeltaX>0</DeltaX>
            <DeltaY>0</DeltaY>
         </False-Arrow>
      </Arrows>
      <Arrows>
         <Name>VariableMapper211</Name>
         <True-Arrow>
            <Type>0</Type>
            <DeltaX>0</DeltaX>
            <DeltaY>0</DeltaY>
         </True-Arrow>
         <False-Arrow>
            <Type>0</Type>
            <DeltaX>0</DeltaX>
            <DeltaY>0</DeltaY>
         </False-Arrow>
      </Arrows>
      <Arrows>
         <Name>VariableMapper212</Name>
         <True-Arrow>
            <Type>2</Type>
            <DeltaX>0</DeltaX>
            <DeltaY>0</DeltaY>
         </True-Arrow>
         <False-Arrow>
            <Type>0</Type>
            <DeltaX>0</DeltaX>
            <DeltaY>0</DeltaY>
         </False-Arrow>
      </Arrows>
      <Arrows>
         <Name>VariableMapper3</Name>
         <True-Arrow>
            <Type>0</Type>
            <DeltaX>0</DeltaX>
            <DeltaY>0</DeltaY>
         </True-Arrow>
         <False-Arrow>
            <Type>0</Type>
            <DeltaX>0</DeltaX>
            <DeltaY>0</DeltaY>
         </False-Arrow>
      </Arrows>
      <Arrows>
         <Name>VariableMapper31</Name>
         <True-Arrow>
            <Type>0</Type>
            <DeltaX>0</DeltaX>
            <DeltaY>0</DeltaY>
         </True-Arrow>
         <False-Arrow>
            <Type>0</Type>
            <DeltaX>0</DeltaX>
            <DeltaY>0</DeltaY>
         </False-Arrow>
      </Arrows>
      <Arrows>
         <Name>VariableMapper4</Name>
         <True-Arrow>
            <Type>0</Type>
            <DeltaX>0</DeltaX>
            <DeltaY>0</DeltaY>
         </True-Arrow>
         <False-Arrow>
            <Type>0</Type>
            <DeltaX>0</DeltaX>
            <DeltaY>0</DeltaY>
         </False-Arrow>
      </Arrows>
      <Arrows>
         <Name>VariableMapper5</Name>
         <True-Arrow>
            <Type>0</Type>
            <DeltaX>0</DeltaX>
            <DeltaY>0</DeltaY>
         </True-Arrow>
         <False-Arrow>
            <Type>0</Type>
            <DeltaX>0</DeltaX>
            <DeltaY>0</DeltaY>
         </False-Arrow>
      </Arrows>
      <Arrows>
         <Name>WriteFile2</Name>
         <True-Arrow>
            <Type>0</Type>
            <DeltaX>0</DeltaX>
            <DeltaY>0</DeltaY>
         </True-Arrow>
         <False-Arrow>
            <Type>0</Type>
            <DeltaX>0</DeltaX>
            <DeltaY>0</DeltaY>
         </False-Arrow>
      </Arrows>
      <Arrows>
         <Name>file no ok?1</Name>
         <True-Arrow>
            <Type>0</Type>
            <DeltaX>17</DeltaX>
            <DeltaY>2</DeltaY>
         </True-Arrow>
         <False-Arrow>
            <Type>0</Type>
            <DeltaX>0</DeltaX>
            <DeltaY>0</DeltaY>
         </False-Arrow>
      </Arrows>
      <Arrows>
         <Name>get file accounts1</Name>
         <True-Arrow>
            <Type>0</Type>
            <DeltaX>0</DeltaX>
            <DeltaY>0</DeltaY>
         </True-Arrow>
         <False-Arrow>
            <Type>0</Type>
            <DeltaX>0</DeltaX>
            <DeltaY>0</DeltaY>
         </False-Arrow>
      </Arrows>
      <Arrows>
         <Name>get incoming files and move to inprogress1</Name>
         <True-Arrow>
            <Type>0</Type>
            <DeltaX>0</DeltaX>
            <DeltaY>0</DeltaY>
         </True-Arrow>
         <False-Arrow>
            <Type>0</Type>
            <DeltaX>0</DeltaX>
            <DeltaY>0</DeltaY>
         </False-Arrow>
      </Arrows>
      <Arrows>
         <Name>invalid file1</Name>
         <True-Arrow>
            <Type>2</Type>
            <DeltaX>0</DeltaX>
            <DeltaY>0</DeltaY>
         </True-Arrow>
         <False-Arrow>
            <Type>0</Type>
            <DeltaX>0</DeltaX>
            <DeltaY>0</DeltaY>
         </False-Arrow>
      </Arrows>
      <Arrows>
         <Name>more accounts?1</Name>
         <True-Arrow>
            <Type>0</Type>
            <DeltaX>0</DeltaX>
            <DeltaY>0</DeltaY>
         </True-Arrow>
         <False-Arrow>
            <Type>2</Type>
            <DeltaX>0</DeltaX>
            <DeltaY>0</DeltaY>
         </False-Arrow>
      </Arrows>
      <Arrows>
         <Name>more files?1</Name>
         <True-Arrow>
            <Type>0</Type>
            <DeltaX>0</DeltaX>
            <DeltaY>0</DeltaY>
         </True-Arrow>
         <False-Arrow>
            <Type>2</Type>
            <DeltaX>0</DeltaX>
            <DeltaY>0</DeltaY>
         </False-Arrow>
      </Arrows>
      <Arrows>
         <Name>move inprogress to processed1</Name>
         <True-Arrow>
            <Type>0</Type>
            <DeltaX>0</DeltaX>
            <DeltaY>0</DeltaY>
         </True-Arrow>
         <False-Arrow>
            <Type>0</Type>
            <DeltaX>0</DeltaX>
            <DeltaY>0</DeltaY>
         </False-Arrow>
      </Arrows>
   </Coordinates>
</Workflow>