<?xml version="1.0" encoding="UTF-8"?>
<!DOCTYPE Workflow SYSTEM "workflow.dtd">

<Workflow Init-On-Startup="false" Unique="false" auditEnabled="true" auditStateChangeEvent="false" autoAuditEnabled="true" disablePersistence="false" statEnabled="true">
   <Name>WTTH_IMS_MOD</Name>
   <Solution>WTTH</Solution>
   <Start-Node>VariableMapper</Start-Node>
   <Nodes>
      <Process-Node disablePersistence="true">
         <Name>VariableMapper</Name>
         <Action>
            <Class-Name>com.hp.ov.activator.mwfm.component.builtin.VariableMapper</Class-Name>
            <Param name="create" value="CREATE"/>
            <Param name="delete" value="DELETE"/>
            <Param name="service_id" value="WTH"/>
         </Action>
         <Next-Node>QueryInventory21</Next-Node>
      </Process-Node>
      <Process-Node>
         <Name>QueryInventory21</Name>
         <Action>
            <Class-Name>com.hp.ov.activator.mwfm.component.builtin.QueryInventory</Class-Name>
            <Param name="bean" value="constant:com.hpe.ov.activator.inventory.ServiceParams"/>
            <Param name="find_by_method" value="constant:findAll"/>
            <Param name="variable" value="params_obj"/>
            <Param name="where" value="constant:SERVICE_ID = &apos;%s&apos; AND CUSTOMER_ID = &apos;%s&apos;"/>
            <Param name="param0" value="service_id"/>
            <Param name="param1" value="account_number"/>
         </Action>
         <Next-Node>Equal2</Next-Node>
      </Process-Node>
      <Rule-Node disablePersistence="true">
         <Name>Equal2</Name>
         <Description></Description>
         <State></State>
         <Action>
            <Class-Name>com.hp.ov.activator.mwfm.component.builtin.Equal</Class-Name>
            <Param name="op1" value="params_obj#"/>
            <Param name="op2" value="constant:0"/>
         </Action>
         <True-Next-Node>Log</True-Next-Node>
         <False-Next-Node>ForEach1</False-Next-Node>
      </Rule-Node>
      <Process-Node>
         <Name>Log</Name>
         <Description></Description>
         <State></State>
         <Action>
            <Class-Name>com.hp.ov.activator.mwfm.component.builtin.Log</Class-Name>
            <Param name="component_name" value="variable:WORKFLOW_NAME"/>
            <Param name="log_level" value="ERROR"/>
            <Param name="log_message" value="Not exist this account number %account_number% in the database."/>
         </Action>
         <Next-Node>VariableMapper2</Next-Node>
      </Process-Node>
      <Process-Node disablePersistence="true">
         <Name>VariableMapper2</Name>
         <Description></Description>
         <State></State>
         <Action>
            <Class-Name>com.hp.ov.activator.mwfm.component.builtin.VariableMapper</Class-Name>
            <Param name="wtth_result_code" value="606"/>
            <Param name="wtth_result_desc" value="UNDO_OK Not exist this account number %account_number% in the database."/>
         </Action>
      </Process-Node>
      <Rule-Node>
         <Name>ForEach1</Name>
         <Action>
            <Class-Name>com.hp.ov.activator.mwfm.component.builtin.ForEach</Class-Name>
            <Param name="element" value="params_elemt"/>
            <Param name="list" value="params_obj"/>
            <Param name="remaining" value="params_remaining"/>
         </Action>
         <True-Next-Node>GenericJavaHashMap1</True-Next-Node>
         <False-Next-Node>GenericJavaHashMap21</False-Next-Node>
      </Rule-Node>
      <Process-Node>
         <Name>GenericJavaHashMap1</Name>
         <Action>
            <Class-Name>com.hp.ov.activator.custom.node.GenericJavaHashMap</Class-Name>
            <Param name="hpsa_context" value="params_array"/>
            <Param name="operation" value="constant:put"/>
            <Param name="key0" value="params_elemt.paramName"/>
            <Param name="result0" value="params_array"/>
            <Param name="value0" value="params_elemt.paramValue"/>
         </Action>
         <Next-Node>ForEach1</Next-Node>
      </Process-Node>
      <Process-Node>
         <Name>GenericJavaHashMap21</Name>
         <Action>
            <Class-Name>com.hp.ov.activator.custom.node.GenericJavaHashMap</Class-Name>
            <Param name="hpsa_context" value="params_array"/>
            <Param name="operation" value="constant:get"/>
            <Param name="key0" value="constant:service_wo"/>
            <Param name="result0" value="service_wo_old"/>
            <Param name="key1" value="constant:geographical_location_id"/>
            <Param name="result1" value="geo_id_old"/>
         </Action>
         <Next-Node>StartJobAndWait</Next-Node>
      </Process-Node>
      <Process-Node>
         <Name>StartJobAndWait</Name>
         <Action>
            <Class-Name>com.hp.ov.activator.mwfm.component.builtin.StartJobAndWait</Class-Name>
            <Param name="queue" value="controller_queue"/>
            <Param name="workflow_name" value="constant:WTTH_IMS_DELETE"/>
            <Param name="destination0" value="services_JOB_ID"/>
            <Param name="outputvar0" value="wtth_result_code"/>
            <Param name="variable0" value="JOB_ID"/>
            <Param name="destination1" value="telephone_number"/>
            <Param name="outputvar1" value="wtth_result_desc"/>
            <Param name="variable1" value="telephone_number"/>
            <Param name="destination2" value="pwd_value"/>
            <Param name="variable2" value="pwd_value"/>
            <Param name="destination3" value="action_Name"/>
            <Param name="variable3" value="delete"/>
            <Param name="destination4" value="geo_id"/>
            <Param name="variable4" value="geo_id"/>
            <Param name="destination5" value="service_class"/>
            <Param name="variable5" value="service_class"/>
            <Param name="destination6" value="account_number"/>
            <Param name="variable6" value="account_number"/>
         </Action>
         <Next-Node>PutMessage</Next-Node>
      </Process-Node>
      <Process-Node inactive="true">
         <Name>PutMessage</Name>
         <Action>
            <Class-Name>com.hp.ov.activator.mwfm.component.builtin.PutMessage</Class-Name>
            <Param name="message" value="Ya acabe el baja!!! %s"/>
            <Param name="queue" value="MOD_ACABE"/>
            <Param name="param0" value="action_Name"/>
         </Action>
         <Next-Node>Equal</Next-Node>
      </Process-Node>
      <Rule-Node disablePersistence="true">
         <Name>Equal</Name>
         <Action>
            <Class-Name>com.hp.ov.activator.mwfm.component.builtin.Equal</Class-Name>
            <Param name="op1" value="constant:0"/>
            <Param name="op2" value="wtth_result_code"/>
         </Action>
         <True-Next-Node>StartJobAndWait1</True-Next-Node>
         <False-Next-Node>Log2</False-Next-Node>
      </Rule-Node>
      <Process-Node>
         <Name>StartJobAndWait1</Name>
         <Action>
            <Class-Name>com.hp.ov.activator.mwfm.component.builtin.StartJobAndWait</Class-Name>
            <Param name="queue" value="controller_queue"/>
            <Param name="workflow_name" value="constant:WTTH_IMS_CREATE"/>
            <Param name="destination0" value="services_JOB_ID"/>
            <Param name="outputvar0" value="wtth_result_code"/>
            <Param name="variable0" value="JOB_ID"/>
            <Param name="destination1" value="telephone_number"/>
            <Param name="outputvar1" value="wtth_result_desc"/>
            <Param name="variable1" value="telephone_number_new"/>
            <Param name="destination2" value="pwd_value"/>
            <Param name="variable2" value="pwd_value"/>
            <Param name="destination3" value="action_Name"/>
            <Param name="variable3" value="create"/>
            <Param name="destination4" value="geo_id"/>
            <Param name="variable4" value="geo_id"/>
            <Param name="destination5" value="service_class"/>
            <Param name="variable5" value="service_class"/>
         </Action>
         <Next-Node>Equal1</Next-Node>
      </Process-Node>
      <Rule-Node disablePersistence="true">
         <Name>Equal1</Name>
         <Action>
            <Class-Name>com.hp.ov.activator.mwfm.component.builtin.Equal</Class-Name>
            <Param name="op1" value="constant:0"/>
            <Param name="op2" value="wtth_result_code"/>
         </Action>
         <True-Next-Node>VariableMapper3</True-Next-Node>
         <False-Next-Node>Log21</False-Next-Node>
      </Rule-Node>
      <Process-Node disablePersistence="true">
         <Name>VariableMapper3</Name>
         <Description></Description>
         <State></State>
         <Action>
            <Class-Name>com.hp.ov.activator.mwfm.component.builtin.VariableMapper</Class-Name>
            <Param name="wtth_result_desc" value="DO_Modification Succesfully!!!"/>
         </Action>
         <Next-Node>ExecSQLStatement</Next-Node>
      </Process-Node>
      <Process-Node>
         <Name>ExecSQLStatement</Name>
         <Action>
            <Class-Name>com.hp.ov.activator.mwfm.component.builtin.ExecSQLStatement</Class-Name>
            <Param name="statement" value="UPDATE GENSERV_SERVICE_PARAMS SET PARAM_VALUE = ? WHERE CUSTOMER_ID = ? AND PARAM_VALUE = ?"/>
            <Param name="param0" value="telephone_number_new"/>
            <Param name="param1" value="account_number"/>
            <Param name="param2" value="telephone_number"/>
         </Action>
         <Next-Node>ExecSQLStatement1</Next-Node>
      </Process-Node>
      <Process-Node>
         <Name>ExecSQLStatement1</Name>
         <Action>
            <Class-Name>com.hp.ov.activator.mwfm.component.builtin.ExecSQLStatement</Class-Name>
            <Param name="statement" value="UPDATE GENSERV_SERVICE_PARAMS SET PARAM_VALUE = ? WHERE CUSTOMER_ID = ? AND PARAM_VALUE = ?"/>
            <Param name="param0" value="geo_id"/>
            <Param name="param1" value="account_number"/>
            <Param name="param2" value="geo_id_old"/>
         </Action>
         <Next-Node>ExecSQLStatement2</Next-Node>
      </Process-Node>
      <Process-Node>
         <Name>ExecSQLStatement2</Name>
         <Action>
            <Class-Name>com.hp.ov.activator.mwfm.component.builtin.ExecSQLStatement</Class-Name>
            <Param name="statement" value="UPDATE GENSERV_SERVICE_PARAMS SET PARAM_VALUE = ? WHERE CUSTOMER_ID = ? AND PARAM_VALUE = ?"/>
            <Param name="param0" value="service_wo"/>
            <Param name="param1" value="account_number"/>
            <Param name="param2" value="service_wo_old"/>
         </Action>
         <Next-Node>Log211</Next-Node>
      </Process-Node>
      <Process-Node>
         <Name>Log211</Name>
         <Description></Description>
         <State></State>
         <Action>
            <Class-Name>com.hp.ov.activator.mwfm.component.builtin.Log</Class-Name>
            <Param name="component_name" value="variable:WORKFLOW_NAME"/>
            <Param name="log_level" value="INFORMATIVE"/>
            <Param name="log_manager" value="WTTH_log_manager"/>
            <Param name="log_message" value="Modification successfully! wtth_desc: %s"/>
            <Param name="param0" value="wtth_result_desc"/>
         </Action>
         <Next-Node>DoNothing</Next-Node>
      </Process-Node>
      <Process-Node disablePersistence="true">
         <Name>DoNothing</Name>
         <Action>
            <Class-Name>com.hp.ov.activator.mwfm.component.builtin.DoNothing</Class-Name>
         </Action>
      </Process-Node>
      <Process-Node>
         <Name>Log21</Name>
         <Description></Description>
         <State></State>
         <Action>
            <Class-Name>com.hp.ov.activator.mwfm.component.builtin.Log</Class-Name>
            <Param name="component_name" value="variable:WORKFLOW_NAME"/>
            <Param name="log_level" value="ERROR"/>
            <Param name="log_manager" value="WTTH_log_manager"/>
            <Param name="log_message" value="Error al momento de dar el alta durante la modificacion: Code: %s ----------- Desc %s"/>
            <Param name="param0" value="wtth_result_code"/>
            <Param name="param1" value="wtth_result_desc"/>
         </Action>
      </Process-Node>
      <Process-Node>
         <Name>Log2</Name>
         <Description></Description>
         <State></State>
         <Action>
            <Class-Name>com.hp.ov.activator.mwfm.component.builtin.Log</Class-Name>
            <Param name="component_name" value="variable:WORKFLOW_NAME"/>
            <Param name="log_level" value="ERROR"/>
            <Param name="log_manager" value="WTTH_log_manager"/>
            <Param name="log_message" value="Error al momento de dar la baja durante la modificacion: Code: %s ----------- Desc %s"/>
            <Param name="param0" value="wtth_result_code"/>
            <Param name="param1" value="wtth_result_desc"/>
         </Action>
      </Process-Node>
      <Process-Node>
         <Name>PutMessage3</Name>
         <Action>
            <Class-Name>com.hp.ov.activator.mwfm.component.builtin.PutMessage</Class-Name>
            <Param name="message" value="Modification successfully! wtth_code: %s"/>
            <Param name="queue" value="SSW_WTTH"/>
            <Param name="param0" value="wtth_result_code"/>
         </Action>
         <Next-Node>DoNothing</Next-Node>
      </Process-Node>
      <Process-Node>
         <Name>PutMessage5</Name>
         <Action>
            <Class-Name>com.hp.ov.activator.mwfm.component.builtin.PutMessage</Class-Name>
            <Param name="message" value="Error en la baja: %s ----------- %s"/>
            <Param name="queue" value="SSW_WTTH_MOD"/>
            <Param name="param0" value="wtth_result_code"/>
            <Param name="param1" value="wtth_result_desc"/>
         </Action>
      </Process-Node>
      <Process-Node>
         <Name>PutMessage6</Name>
         <Action>
            <Class-Name>com.hp.ov.activator.mwfm.component.builtin.PutMessage</Class-Name>
            <Param name="message" value="Error en la alta: %s ----------- %s"/>
            <Param name="queue" value="SSW_WTTH_MOD"/>
            <Param name="param0" value="wtth_result_code"/>
            <Param name="param1" value="wtth_result_desc"/>
         </Action>
      </Process-Node>
   </Nodes>
   <Error-Handler>
      <Name>SyncHandler1</Name>
      <Class-Name>com.hp.ov.activator.mwfm.component.builtin.SyncHandler</Class-Name>
      <Param name="job_id" value="controller_JOB_ID"/>
      <Param name="queue" value="constant:controller__mod_queue"/>
      <Param name="variable0" value="wtth_result_code"/>
      <Param name="variable1" value="wtth_result_desc"/>
   </Error-Handler>
   <End-Handler>
      <Name>SyncHandler</Name>
      <Class-Name>com.hp.ov.activator.mwfm.component.builtin.SyncHandler</Class-Name>
      <Param name="job_id" value="controller_JOB_ID"/>
      <Param name="queue" value="constant:controller_mod_queue"/>
      <Param name="variable0" value="wtth_result_code"/>
      <Param name="variable1" value="wtth_result_desc"/>
   </End-Handler>
   <Case-Packet>
      <Variable name="ANNOTATION" type="String"/>
      <Variable name="BREAK_POINT" type="String"/>
      <Variable name="DEFAULT_ROLE" type="String"/>
      <Variable name="EMPTY_STRING" type="String"/>
      <Variable name="ETC" type="String"/>
      <Variable name="EX_STEP_NAME" type="String"/>
      <Variable name="FILE_URL_PREFIX" type="String"/>
      <Variable name="HOST_NAME" type="String"/>
      <Variable name="JOB_ID" type="Integer"/>
      <Variable name="KILLED" type="Boolean"/>
      <Variable name="KILL_ROLE" type="String"/>
      <Variable name="MACRO_OUTPUT" type="Object"/>
      <Variable name="MASTER_CHILD_JOBS" type="Object"/>
      <Variable name="MUTEX" type="Boolean"/>
      <Variable name="NULL" type="Object"/>
      <Variable name="PRIORITY" type="Integer"/>
      <Variable name="RESERVATIONS" type="Object"/>
      <Variable name="RET_TEXT" type="String"/>
      <Variable name="RET_VALUE" type="Integer"/>
      <Variable name="RUNTIME" type="Object"/>
      <Variable name="SCHEDULED_INFO" type="Object"/>
      <Variable name="SERVICE_ID" type="String"/>
      <Variable name="SOLUTION_ETC" type="String"/>
      <Variable name="SOLUTION_NAME" type="String"/>
      <Variable name="SOLUTION_VAR" type="String"/>
      <Variable name="SOR_ID" type="Integer"/>
      <Variable name="START_ROLE" type="String"/>
      <Variable name="START_TIME" type="Integer"/>
      <Variable name="STATUS" type="String"/>
      <Variable name="STEP_NAME" type="String"/>
      <Variable name="SUBSTEP" type="String"/>
      <Variable name="THROW_EXCEP" type="Boolean"/>
      <Variable name="TIMEOUT" type="Boolean"/>
      <Variable name="TRACE_ROLE" type="String"/>
      <Variable name="UNIQUE_WORKFLOW" type="Integer"/>
      <Variable name="VAR" type="String"/>
      <Variable name="WORKFLOW_EXCEPTION" type="Object"/>
      <Variable name="WORKFLOW_EXECUTION_STATUS" type="String"/>
      <Variable name="WORKFLOW_NAME" type="String"/>
      <Variable name="WORKFLOW_ORDER_ID" type="String"/>
      <Variable name="WORKFLOW_STATE" type="String"/>
      <Variable name="WORKFLOW_TYPE" type="String"/>
      <Variable name="WORKFLOW_VERSION" type="Integer"/>
      <Variable name="account_number" type="String"/>
      <Variable name="action_Name" type="String"/>
      <Variable name="activation_description" type="String"/>
      <Variable name="activation_major_code" type="Integer"/>
      <Variable name="activation_minor_code" type="Integer"/>
      <Variable name="aqui" type="String"/>
      <Variable name="controller_JOB_ID" type="Integer"/>
      <Variable name="create" type="String"/>
      <Variable name="delete" type="String"/>
      <Variable name="error_obj" type="Object"/>
      <Variable name="geo_id" type="String"/>
      <Variable name="geo_id_old" type="String"/>
      <Variable name="message_url" type="String"/>
      <Variable name="module_name" type="String"/>
      <Variable name="params_array" type="Object"/>
      <Variable name="params_elemt" type="Object"/>
      <Variable name="params_obj" type="Object"/>
      <Variable name="params_remaining" type="Object"/>
      <Variable name="pwd_value" type="String"/>
      <Variable name="service_class" type="String"/>
      <Variable name="service_id" type="String"/>
      <Variable name="service_wo" type="String"/>
      <Variable name="service_wo_old" type="String"/>
      <Variable name="skip_activation" type="Boolean"/>
      <Variable name="telephone_number" type="String"/>
      <Variable name="telephone_number_new" type="String"/>
      <Variable name="wtth_result_code" type="Integer"/>
      <Variable name="wtth_result_desc" type="String"/>
      <Variable name="wtth_rollback_result_code" type="String"/>
      <Variable name="wtth_rollback_result_desc" type="String"/>
   </Case-Packet>
   <Initial-Case-Packet>
      <Variable-Value name="FILE_URL_PREFIX" value="file:///"/>
      <Variable-Value name="SOLUTION_NAME" value="WTTH"/>
      <Variable-Value name="WORKFLOW_NAME" value="WTTH_IMS_MOD"/>
      <Variable-Value name="WORKFLOW_VERSION" value="-1"/>
      <Variable-Value name="aqui" value="sync"/>
   </Initial-Case-Packet>
   <Coordinates>
      <Position>
         <Name>DoNothing</Name>
         <X>1378</X>
         <Y>118</Y>
         <Width>61</Width>
         <Height>48</Height>
      </Position>
      <Position>
         <Name>Equal</Name>
         <X>728</X>
         <Y>39</Y>
         <Width>56</Width>
         <Height>24</Height>
      </Position>
      <Position>
         <Name>Equal1</Name>
         <X>924</X>
         <Y>37</Y>
         <Width>62</Width>
         <Height>24</Height>
      </Position>
      <Position>
         <Name>Equal2</Name>
         <X>152</X>
         <Y>93</Y>
         <Width>62</Width>
         <Height>24</Height>
      </Position>
      <Position>
         <Name>ExecSQLStatement</Name>
         <X>1073</X>
         <Y>25</Y>
         <Width>102</Width>
         <Height>48</Height>
      </Position>
      <Position>
         <Name>ExecSQLStatement1</Name>
         <X>1177</X>
         <Y>25</Y>
         <Width>108</Width>
         <Height>48</Height>
      </Position>
      <Position>
         <Name>ExecSQLStatement2</Name>
         <X>1177</X>
         <Y>80</Y>
         <Width>108</Width>
         <Height>48</Height>
      </Position>
      <Position>
         <Name>ForEach1</Name>
         <X>243</X>
         <Y>85</Y>
         <Width>75</Width>
         <Height>24</Height>
      </Position>
      <Position>
         <Name>GenericJavaHashMap1</Name>
         <X>218</X>
         <Y>2</Y>
         <Width>119</Width>
         <Height>48</Height>
      </Position>
      <Position>
         <Name>GenericJavaHashMap21</Name>
         <X>353</X>
         <Y>73</Y>
         <Width>125</Width>
         <Height>48</Height>
      </Position>
      <Position>
         <Name>Log</Name>
         <X>150</X>
         <Y>143</Y>
         <Width>61</Width>
         <Height>48</Height>
      </Position>
      <Position>
         <Name>Log2</Name>
         <X>709</X>
         <Y>122</Y>
         <Width>61</Width>
         <Height>48</Height>
      </Position>
      <Position>
         <Name>Log21</Name>
         <X>925</X>
         <Y>117</Y>
         <Width>61</Width>
         <Height>48</Height>
      </Position>
      <Position>
         <Name>Log211</Name>
         <X>1308</X>
         <Y>80</Y>
         <Width>61</Width>
         <Height>48</Height>
      </Position>
      <Position>
         <Name>PutMessage</Name>
         <X>635</X>
         <Y>26</Y>
         <Width>68</Width>
         <Height>48</Height>
      </Position>
      <Position>
         <Name>PutMessage3</Name>
         <X>1379</X>
         <Y>15</Y>
         <Width>74</Width>
         <Height>48</Height>
      </Position>
      <Position>
         <Name>PutMessage5</Name>
         <X>803</X>
         <Y>134</Y>
         <Width>74</Width>
         <Height>48</Height>
      </Position>
      <Position>
         <Name>PutMessage6</Name>
         <X>864</X>
         <Y>194</Y>
         <Width>74</Width>
         <Height>48</Height>
      </Position>
      <Position>
         <Name>QueryInventory21</Name>
         <X>32</X>
         <Y>81</Y>
         <Width>100</Width>
         <Height>48</Height>
      </Position>
      <Position>
         <Name>StartJobAndWait</Name>
         <X>527</X>
         <Y>27</Y>
         <Width>92</Width>
         <Height>48</Height>
      </Position>
      <Position>
         <Name>StartJobAndWait1</Name>
         <X>814</X>
         <Y>26</Y>
         <Width>98</Width>
         <Height>48</Height>
      </Position>
      <Position>
         <Name>VariableMapper</Name>
         <X>40</X>
         <Y>14</Y>
         <Width>84</Width>
         <Height>48</Height>
      </Position>
      <Position>
         <Name>VariableMapper2</Name>
         <X>135</X>
         <Y>207</Y>
         <Width>90</Width>
         <Height>48</Height>
      </Position>
      <Position>
         <Name>VariableMapper3</Name>
         <X>985</X>
         <Y>28</Y>
         <Width>90</Width>
         <Height>48</Height>
      </Position>
      <Arrows>
         <Name>DoNothing</Name>
         <True-Arrow>
            <Type>0</Type>
            <DeltaX>0</DeltaX>
            <DeltaY>0</DeltaY>
         </True-Arrow>
         <False-Arrow>
            <Type>0</Type>
            <DeltaX>0</DeltaX>
            <DeltaY>0</DeltaY>
         </False-Arrow>
      </Arrows>
      <Arrows>
         <Name>Equal</Name>
         <True-Arrow>
            <Type>0</Type>
            <DeltaX>0</DeltaX>
            <DeltaY>0</DeltaY>
         </True-Arrow>
         <False-Arrow>
            <Type>0</Type>
            <DeltaX>0</DeltaX>
            <DeltaY>0</DeltaY>
         </False-Arrow>
      </Arrows>
      <Arrows>
         <Name>Equal1</Name>
         <True-Arrow>
            <Type>0</Type>
            <DeltaX>0</DeltaX>
            <DeltaY>0</DeltaY>
         </True-Arrow>
         <False-Arrow>
            <Type>0</Type>
            <DeltaX>0</DeltaX>
            <DeltaY>0</DeltaY>
         </False-Arrow>
      </Arrows>
      <Arrows>
         <Name>Equal2</Name>
         <True-Arrow>
            <Type>0</Type>
            <DeltaX>0</DeltaX>
            <DeltaY>0</DeltaY>
         </True-Arrow>
         <False-Arrow>
            <Type>0</Type>
            <DeltaX>0</DeltaX>
            <DeltaY>0</DeltaY>
         </False-Arrow>
      </Arrows>
      <Arrows>
         <Name>ExecSQLStatement</Name>
         <True-Arrow>
            <Type>0</Type>
            <DeltaX>0</DeltaX>
            <DeltaY>0</DeltaY>
         </True-Arrow>
         <False-Arrow>
            <Type>0</Type>
            <DeltaX>0</DeltaX>
            <DeltaY>0</DeltaY>
         </False-Arrow>
      </Arrows>
      <Arrows>
         <Name>ExecSQLStatement1</Name>
         <True-Arrow>
            <Type>0</Type>
            <DeltaX>0</DeltaX>
            <DeltaY>0</DeltaY>
         </True-Arrow>
         <False-Arrow>
            <Type>0</Type>
            <DeltaX>0</DeltaX>
            <DeltaY>0</DeltaY>
         </False-Arrow>
      </Arrows>
      <Arrows>
         <Name>ExecSQLStatement2</Name>
         <True-Arrow>
            <Type>0</Type>
            <DeltaX>0</DeltaX>
            <DeltaY>0</DeltaY>
         </True-Arrow>
         <False-Arrow>
            <Type>0</Type>
            <DeltaX>0</DeltaX>
            <DeltaY>0</DeltaY>
         </False-Arrow>
      </Arrows>
      <Arrows>
         <Name>ForEach1</Name>
         <True-Arrow>
            <Type>0</Type>
            <DeltaX>0</DeltaX>
            <DeltaY>0</DeltaY>
         </True-Arrow>
         <False-Arrow>
            <Type>0</Type>
            <DeltaX>0</DeltaX>
            <DeltaY>0</DeltaY>
         </False-Arrow>
      </Arrows>
      <Arrows>
         <Name>GenericJavaHashMap1</Name>
         <True-Arrow>
            <Type>0</Type>
            <DeltaX>0</DeltaX>
            <DeltaY>0</DeltaY>
         </True-Arrow>
         <False-Arrow>
            <Type>0</Type>
            <DeltaX>0</DeltaX>
            <DeltaY>0</DeltaY>
         </False-Arrow>
      </Arrows>
      <Arrows>
         <Name>GenericJavaHashMap21</Name>
         <True-Arrow>
            <Type>0</Type>
            <DeltaX>0</DeltaX>
            <DeltaY>0</DeltaY>
         </True-Arrow>
         <False-Arrow>
            <Type>0</Type>
            <DeltaX>0</DeltaX>
            <DeltaY>0</DeltaY>
         </False-Arrow>
      </Arrows>
      <Arrows>
         <Name>Log</Name>
         <True-Arrow>
            <Type>0</Type>
            <DeltaX>0</DeltaX>
            <DeltaY>0</DeltaY>
         </True-Arrow>
         <False-Arrow>
            <Type>0</Type>
            <DeltaX>0</DeltaX>
            <DeltaY>0</DeltaY>
         </False-Arrow>
      </Arrows>
      <Arrows>
         <Name>Log2</Name>
         <True-Arrow>
            <Type>0</Type>
            <DeltaX>0</DeltaX>
            <DeltaY>0</DeltaY>
         </True-Arrow>
         <False-Arrow>
            <Type>0</Type>
            <DeltaX>0</DeltaX>
            <DeltaY>0</DeltaY>
         </False-Arrow>
      </Arrows>
      <Arrows>
         <Name>Log21</Name>
         <True-Arrow>
            <Type>0</Type>
            <DeltaX>0</DeltaX>
            <DeltaY>0</DeltaY>
         </True-Arrow>
         <False-Arrow>
            <Type>0</Type>
            <DeltaX>0</DeltaX>
            <DeltaY>0</DeltaY>
         </False-Arrow>
      </Arrows>
      <Arrows>
         <Name>Log211</Name>
         <True-Arrow>
            <Type>0</Type>
            <DeltaX>0</DeltaX>
            <DeltaY>0</DeltaY>
         </True-Arrow>
         <False-Arrow>
            <Type>0</Type>
            <DeltaX>0</DeltaX>
            <DeltaY>0</DeltaY>
         </False-Arrow>
      </Arrows>
      <Arrows>
         <Name>PutMessage</Name>
         <True-Arrow>
            <Type>0</Type>
            <DeltaX>0</DeltaX>
            <DeltaY>0</DeltaY>
         </True-Arrow>
         <False-Arrow>
            <Type>0</Type>
            <DeltaX>0</DeltaX>
            <DeltaY>0</DeltaY>
         </False-Arrow>
      </Arrows>
      <Arrows>
         <Name>PutMessage3</Name>
         <True-Arrow>
            <Type>0</Type>
            <DeltaX>0</DeltaX>
            <DeltaY>0</DeltaY>
         </True-Arrow>
         <False-Arrow>
            <Type>0</Type>
            <DeltaX>0</DeltaX>
            <DeltaY>0</DeltaY>
         </False-Arrow>
      </Arrows>
      <Arrows>
         <Name>PutMessage5</Name>
         <True-Arrow>
            <Type>0</Type>
            <DeltaX>0</DeltaX>
            <DeltaY>0</DeltaY>
         </True-Arrow>
         <False-Arrow>
            <Type>0</Type>
            <DeltaX>0</DeltaX>
            <DeltaY>0</DeltaY>
         </False-Arrow>
      </Arrows>
      <Arrows>
         <Name>PutMessage6</Name>
         <True-Arrow>
            <Type>0</Type>
            <DeltaX>0</DeltaX>
            <DeltaY>0</DeltaY>
         </True-Arrow>
         <False-Arrow>
            <Type>0</Type>
            <DeltaX>0</DeltaX>
            <DeltaY>0</DeltaY>
         </False-Arrow>
      </Arrows>
      <Arrows>
         <Name>QueryInventory21</Name>
         <True-Arrow>
            <Type>0</Type>
            <DeltaX>0</DeltaX>
            <DeltaY>0</DeltaY>
         </True-Arrow>
         <False-Arrow>
            <Type>0</Type>
            <DeltaX>0</DeltaX>
            <DeltaY>0</DeltaY>
         </False-Arrow>
      </Arrows>
      <Arrows>
         <Name>StartJobAndWait</Name>
         <True-Arrow>
            <Type>0</Type>
            <DeltaX>0</DeltaX>
            <DeltaY>0</DeltaY>
         </True-Arrow>
         <False-Arrow>
            <Type>0</Type>
            <DeltaX>0</DeltaX>
            <DeltaY>0</DeltaY>
         </False-Arrow>
      </Arrows>
      <Arrows>
         <Name>StartJobAndWait1</Name>
         <True-Arrow>
            <Type>0</Type>
            <DeltaX>0</DeltaX>
            <DeltaY>0</DeltaY>
         </True-Arrow>
         <False-Arrow>
            <Type>0</Type>
            <DeltaX>0</DeltaX>
            <DeltaY>0</DeltaY>
         </False-Arrow>
      </Arrows>
      <Arrows>
         <Name>VariableMapper</Name>
         <True-Arrow>
            <Type>0</Type>
            <DeltaX>0</DeltaX>
            <DeltaY>0</DeltaY>
         </True-Arrow>
         <False-Arrow>
            <Type>0</Type>
            <DeltaX>0</DeltaX>
            <DeltaY>0</DeltaY>
         </False-Arrow>
      </Arrows>
      <Arrows>
         <Name>VariableMapper2</Name>
         <True-Arrow>
            <Type>0</Type>
            <DeltaX>0</DeltaX>
            <DeltaY>0</DeltaY>
         </True-Arrow>
         <False-Arrow>
            <Type>0</Type>
            <DeltaX>0</DeltaX>
            <DeltaY>0</DeltaY>
         </False-Arrow>
      </Arrows>
      <Arrows>
         <Name>VariableMapper3</Name>
         <True-Arrow>
            <Type>0</Type>
            <DeltaX>0</DeltaX>
            <DeltaY>0</DeltaY>
         </True-Arrow>
         <False-Arrow>
            <Type>0</Type>
            <DeltaX>0</DeltaX>
            <DeltaY>0</DeltaY>
         </False-Arrow>
      </Arrows>
   </Coordinates>
</Workflow>