<?xml version="1.0" encoding="UTF-8"?>
<!DOCTYPE Workflow SYSTEM "workflow.dtd">

<Workflow Init-On-Startup="false" Unique="false" auditEnabled="true" auditStateChangeEvent="false" autoAuditEnabled="true" disablePersistence="false" statEnabled="true">
   <Name>WTTH_DEACT_CALL_FEATURES</Name>
   <Solution>WTTH</Solution>
   <Description>Get Code City of Telephone Number</Description>
   <Start-Node>VariableMapper21</Start-Node>
   <Nodes>
      <Process-Node disablePersistence="true">
         <Name>VariableMapper21</Name>
         <Action>
            <Class-Name>com.hp.ov.activator.mwfm.component.builtin.VariableMapper</Class-Name>
            <Param name="action_type" value="IMS"/>
            <Param name="moduleName" value="http_sender_wtth"/>
            <Param name="ssw_id" value="1"/>
            <Param name="template_type" value="DEACT"/>
         </Action>
         <Next-Node>Log1</Next-Node>
      </Process-Node>
      <Process-Node>
         <Name>Log1</Name>
         <Action>
            <Class-Name>com.hp.ov.activator.mwfm.component.builtin.Log</Class-Name>
            <Param name="component_name" value="variable:WORKFLOW_NAME"/>
            <Param name="log_level" value="INFORMATIVE"/>
            <Param name="log_manager" value="WTTH_log_manager"/>
            <Param name="log_message" value="XML - Message: %s"/>
            <Param name="param0" value="xml_message"/>
         </Action>
         <Next-Node>Java21</Next-Node>
      </Process-Node>
      <Process-Node>
         <Name>Java21</Name>
         <Action>
            <Class-Name>com.hp.ov.activator.mwfm.component.builtin.JavaNode</Class-Name>
            <Param name="javafile" value="constant:check_telephone_call_features.jtp"/>
            <Param name="method" value="constant:validateNumber"/>
            <Param name="output_var" value="valido"/>
            <Param name="strict_scope" value="false"/>
            <Param name="use_solution_dir" value="constant:true"/>
            <Param name="arg0" value="telephone_number"/>
         </Action>
         <Next-Node>IsTrue1</Next-Node>
      </Process-Node>
      <Rule-Node disablePersistence="true">
         <Name>IsTrue1</Name>
         <Action>
            <Class-Name>com.hp.ov.activator.mwfm.component.builtin.IsTrue</Class-Name>
            <Param name="op1" value="valido"/>
         </Action>
         <True-Next-Node>NumberTelephone11</True-Next-Node>
         <False-Next-Node>Log21</False-Next-Node>
      </Rule-Node>
      <Process-Node disablePersistence="true">
         <Name>NumberTelephone11</Name>
         <Description>Get only the Telephone Number</Description>
         <Action>
            <Class-Name>com.hp.ov.activator.mwfm.component.builtin.JavaNode</Class-Name>
            <Param name="in_scope" value="telephone_number"/>
            <Param name="javacode" value="constant:public String toTelephone() {return telephone_number.substring(7);}"/>
            <Param name="method" value="constant:toTelephone"/>
            <Param name="output_var" value="COP_value"/>
         </Action>
         <Next-Node>VariableMapper31</Next-Node>
      </Process-Node>
      <Process-Node disablePersistence="true">
         <Name>VariableMapper31</Name>
         <Action>
            <Class-Name>com.hp.ov.activator.mwfm.component.builtin.VariableMapper</Class-Name>
            <Param name="xml_text" value="%FILE_URL_PREFIX%%SOLUTION_ETC%\template_files\WTTHColombia\XMLs\SALIDAS_callfeatures\WTTH_%template_type%_%feature_code%.xml"/>
            <Param name="xsl_template" value="%FILE_URL_PREFIX%%SOLUTION_ETC%/template_files/WTTH_%template_type%_MODSBR_CALLFEATURES.xsl"/>
         </Action>
         <Next-Node>TransformXML</Next-Node>
      </Process-Node>
      <Process-Node disablePersistence="true">
         <Name>TransformXML</Name>
         <Action>
            <Class-Name>com.hp.ov.activator.mwfm.component.builtin.TransformXML</Class-Name>
            <Param name="output_var" value="output_result"/>
            <Param name="use_solution_dir" value="constant:false"/>
            <Param name="xsl_url" value="xsl_template"/>
         </Action>
         <Next-Node>Log31</Next-Node>
      </Process-Node>
      <Process-Node>
         <Name>Log31</Name>
         <Action>
            <Class-Name>com.hp.ov.activator.mwfm.component.builtin.Log</Class-Name>
            <Param name="component_name" value="variable:WORKFLOW_NAME"/>
            <Param name="log_level" value="INFORMATIVE"/>
            <Param name="log_manager" value="WTTH_log_manager"/>
            <Param name="log_message" value="xml enviado: %s"/>
            <Param name="param0" value="output_result"/>
         </Action>
         <Next-Node>HTTPRequest11</Next-Node>
      </Process-Node>
      <Process-Node>
         <Name>HTTPRequest11</Name>
         <Action>
            <Class-Name>com.hp.ov.activator.mwfm.component.builtin.HTTPRequest</Class-Name>
            <Param name="module" value="moduleName"/>
            <Param name="request" value="output_result"/>
            <Param name="request_type" value="constant:POST"/>
            <Param name="response" value="ws_response"/>
            <Param name="throw_excep" value="constant:false"/>
         </Action>
         <Next-Node>SSW Available11</Next-Node>
      </Process-Node>
      <Rule-Node disablePersistence="true">
         <Name>SSW Available11</Name>
         <Description>Quite el RET_VALUE</Description>
         <Action>
            <Class-Name>com.hp.ov.activator.mwfm.component.builtin.Equal</Class-Name>
            <Param name="op1" value="RET_VALUE"/>
            <Param name="op2" value="constant:0"/>
         </Action>
         <True-Next-Node>Log311</True-Next-Node>
         <False-Next-Node>VariableMapper741</False-Next-Node>
      </Rule-Node>
      <Process-Node>
         <Name>Log311</Name>
         <Action>
            <Class-Name>com.hp.ov.activator.mwfm.component.builtin.Log</Class-Name>
            <Param name="component_name" value="variable:WORKFLOW_NAME"/>
            <Param name="log_level" value="INFORMATIVE"/>
            <Param name="log_manager" value="WTTH_log_manager"/>
            <Param name="log_message" value="xml response: %s"/>
            <Param name="param0" value="ws_response"/>
         </Action>
         <Next-Node>MapResult211</Next-Node>
      </Process-Node>
      <Process-Node disablePersistence="true">
         <Name>MapResult211</Name>
         <Action>
            <Class-Name>com.hp.ov.activator.mwfm.component.builtin.VariableMapper</Class-Name>
            <Param name="last_result_code" value="/SOAP-ENV:Envelope/SOAP-ENV:Body/m:MOD_SBRResponse/m:Result/m:ResultCode"/>
            <Param name="last_result_desc" value="/SOAP-ENV:Envelope/SOAP-ENV:Body/m:MOD_SBRResponse/m:Result/m:ResultDesc"/>
         </Action>
         <Next-Node>XMLMapper111</Next-Node>
      </Process-Node>
      <Process-Node disablePersistence="true">
         <Name>XMLMapper111</Name>
         <Action>
            <Class-Name>com.hp.ov.activator.mwfm.component.builtin.XMLMapper</Class-Name>
            <Param name="fault_code" value="/SOAP-ENV:Envelope/SOAP-ENV:Body/SOAP-ENV:Fault/faultcode"/>
            <Param name="fault_string" value="/SOAP-ENV:Envelope/SOAP-ENV:Body/SOAP-ENV:Fault/faultstring"/>
            <Param name="ignore_missing_tags" value="true"/>
            <Param name="result_code" value="last_result_code"/>
            <Param name="result_desc" value="last_result_desc"/>
            <Param name="validate" value="false"/>
            <Param name="xml_var" value="ws_response"/>
         </Action>
         <Next-Node>Log3111</Next-Node>
      </Process-Node>
      <Process-Node>
         <Name>Log3111</Name>
         <Action>
            <Class-Name>com.hp.ov.activator.mwfm.component.builtin.Log</Class-Name>
            <Param name="component_name" value="variable:WORKFLOW_NAME"/>
            <Param name="log_level" value="INFORMATIVE"/>
            <Param name="log_manager" value="WTTH_log_manager"/>
            <Param name="log_message" value="ResultCode: %s, ResultDesc: %s"/>
            <Param name="param0" value="result_code"/>
            <Param name="param1" value="result_desc"/>
         </Action>
         <Next-Node>Equal51</Next-Node>
      </Process-Node>
      <Rule-Node disablePersistence="true">
         <Name>Equal51</Name>
         <Description>quite el result_code</Description>
         <Action>
            <Class-Name>com.hp.ov.activator.mwfm.component.builtin.Equal</Class-Name>
            <Param name="op1" value="result_code"/>
            <Param name="op2" value="constant:"/>
         </Action>
         <True-Next-Node>VariableMapper81</True-Next-Node>
         <False-Next-Node>MapDataOK?11</False-Next-Node>
      </Rule-Node>
      <Process-Node disablePersistence="true">
         <Name>VariableMapper81</Name>
         <Action>
            <Class-Name>com.hp.ov.activator.mwfm.component.builtin.VariableMapper</Class-Name>
            <Param name="result_code" value="%fault_code%"/>
            <Param name="result_desc" value="%fault_string%"/>
         </Action>
         <Next-Node>VariableMapper7311</Next-Node>
      </Process-Node>
      <Process-Node disablePersistence="true">
         <Name>VariableMapper7311</Name>
         <Action>
            <Class-Name>com.hp.ov.activator.mwfm.component.builtin.VariableMapper</Class-Name>
            <Param name="template_type" value="ACT"/>
            <Param name="wtth_result_code" value="%result_code%"/>
            <Param name="wtth_result_desc" value="%result_desc%"/>
         </Action>
         <Next-Node>Log311121</Next-Node>
      </Process-Node>
      <Process-Node>
         <Name>Log311121</Name>
         <Action>
            <Class-Name>com.hp.ov.activator.mwfm.component.builtin.Log</Class-Name>
            <Param name="component_name" value="variable:WORKFLOW_NAME"/>
            <Param name="log_level" value="INFORMATIVE"/>
            <Param name="log_manager" value="WTTH_log_manager"/>
            <Param name="log_message" value="Hubo un error al enviar el comando. %s ----- %s. Iniciando Rollback modsbr: %s"/>
            <Param name="param0" value="result_code"/>
            <Param name="param1" value="result_desc"/>
            <Param name="param2" value="method_counter_call"/>
            <Param name="param3" value="method_counter_modsbr"/>
         </Action>
      </Process-Node>
      <Rule-Node disablePersistence="true">
         <Name>MapDataOK?11</Name>
         <Description>result code = 0?</Description>
         <Action>
            <Class-Name>com.hp.ov.activator.mwfm.component.builtin.Equal</Class-Name>
            <Param name="op1" value="result_code"/>
            <Param name="op2" value="constant:0"/>
         </Action>
         <True-Next-Node>Log31111</True-Next-Node>
         <False-Next-Node>VariableMapper7311</False-Next-Node>
      </Rule-Node>
      <Process-Node>
         <Name>Log31111</Name>
         <Action>
            <Class-Name>com.hp.ov.activator.mwfm.component.builtin.Log</Class-Name>
            <Param name="component_name" value="variable:WORKFLOW_NAME"/>
            <Param name="log_level" value="INFORMATIVE"/>
            <Param name="log_manager" value="WTTH_log_manager"/>
            <Param name="log_message" value="Deactivate Successfully. Cause: %s"/>
            <Param name="param0" value="result_desc"/>
         </Action>
         <Next-Node>MapSSW9.11</Next-Node>
      </Process-Node>
      <Process-Node disablePersistence="true">
         <Name>MapSSW9.11</Name>
         <Description>Map Variables for activate Softswitch</Description>
         <Action>
            <Class-Name>com.hp.ov.activator.mwfm.component.builtin.VariableMapper</Class-Name>
            <Param name="wtth_result_code" value="0"/>
            <Param name="wtth_result_desc" value="DO_%action_Name% Successfully!!!"/>
         </Action>
         <Next-Node>Add11</Next-Node>
      </Process-Node>
      <Process-Node disablePersistence="true">
         <Name>Add11</Name>
         <Action>
            <Class-Name>com.hp.ov.activator.mwfm.component.builtin.Add</Class-Name>
            <Param name="op0" value="method_counter_modsbr"/>
            <Param name="op1" value="constant:1"/>
         </Action>
      </Process-Node>
      <Process-Node disablePersistence="true">
         <Name>VariableMapper741</Name>
         <Action>
            <Class-Name>com.hp.ov.activator.mwfm.component.builtin.VariableMapper</Class-Name>
            <Param name="wtth_result_code" value="105"/>
            <Param name="wtth_result_desc" value="UNDO_OK_No conection to the network element in the module %moduleName%. RET_VALUE: %RET_VALUE%"/>
         </Action>
      </Process-Node>
      <Process-Node>
         <Name>Log21</Name>
         <Action>
            <Class-Name>com.hp.ov.activator.mwfm.component.builtin.Log</Class-Name>
            <Param name="component_name" value="variable:WORKFLOW_NAME"/>
            <Param name="log_level" value="ERROR"/>
            <Param name="log_manager" value="WTTH_log_manager"/>
            <Param name="log_message" value="No se pudo crear el CF: %s por que el número enviado esta incorrecto. Teléfono: %s"/>
            <Param name="param0" value="feature_code"/>
            <Param name="param1" value="telephone_number"/>
         </Action>
      </Process-Node>
   </Nodes>
   <Error-Handler>
      <Name>SyncHandler</Name>
      <Class-Name>com.hp.ov.activator.mwfm.component.builtin.SyncHandler</Class-Name>
      <Param name="job_id" value="controller_JOB_ID"/>
      <Param name="queue" value="constant:controller_queue"/>
      <Param name="variable0" value="wtth_result_code"/>
   </Error-Handler>
   <End-Handler>
      <Name>SyncHandler1</Name>
      <Class-Name>com.hp.ov.activator.mwfm.component.builtin.SyncHandler</Class-Name>
      <Param name="job_id" value="controller_JOB_ID"/>
      <Param name="queue" value="constant:controller_queue"/>
      <Param name="variable0" value="wtth_result_code"/>
   </End-Handler>
   <Case-Packet>
      <Variable name="ABBRNUMBER_value" type="String"/>
      <Variable name="AGCFName_value" type="String"/>
      <Variable name="ANNOTATION" type="String"/>
      <Variable name="BREAK_POINT" type="String"/>
      <Variable name="CBABLV_value" type="String"/>
      <Variable name="COP_value" type="String"/>
      <Variable name="CSIMPU_value" type="String"/>
      <Variable name="CWPATTERN_value" type="String"/>
      <Variable name="DEFAULT_ROLE" type="String"/>
      <Variable name="DESTIMPU_value" type="String"/>
      <Variable name="DIMPU_value" type="String"/>
      <Variable name="EMPTY_STRING" type="String"/>
      <Variable name="ETC" type="String"/>
      <Variable name="EX_STEP_NAME" type="String"/>
      <Variable name="FILE_URL_PREFIX" type="String"/>
      <Variable name="FTIMPU_value" type="String"/>
      <Variable name="GMODE_value" type="String"/>
      <Variable name="HLIIMPU_value" type="String"/>
      <Variable name="HOST_NAME" type="String"/>
      <Variable name="JOB_ID" type="Integer"/>
      <Variable name="KILLED" type="Boolean"/>
      <Variable name="KILL_ROLE" type="String"/>
      <Variable name="MACRO_OUTPUT" type="Object"/>
      <Variable name="MASTER_CHILD_JOBS" type="Object"/>
      <Variable name="MUTEX" type="Boolean"/>
      <Variable name="NULL" type="Object"/>
      <Variable name="PATTERN_value" type="String"/>
      <Variable name="PRIORITY" type="Integer"/>
      <Variable name="PUI_value" type="String"/>
      <Variable name="RESERVATIONS" type="Object"/>
      <Variable name="RET_TEXT" type="String"/>
      <Variable name="RET_VALUE" type="Integer"/>
      <Variable name="RUNTIME" type="Object"/>
      <Variable name="SCHEDULED_INFO" type="Object"/>
      <Variable name="SERVICE_ID" type="String"/>
      <Variable name="SIIMPU_value" type="String"/>
      <Variable name="SIMPU_value" type="String"/>
      <Variable name="SOLUTION_ETC" type="String"/>
      <Variable name="SOLUTION_NAME" type="String"/>
      <Variable name="SOLUTION_VAR" type="String"/>
      <Variable name="SOR_ID" type="Integer"/>
      <Variable name="START_ROLE" type="String"/>
      <Variable name="START_TIME" type="Integer"/>
      <Variable name="STATUS" type="String"/>
      <Variable name="STEP_NAME" type="String"/>
      <Variable name="SUBSTEP" type="String"/>
      <Variable name="THROW_EXCEP" type="Boolean"/>
      <Variable name="TIMEOUT" type="Boolean"/>
      <Variable name="TPTY_value" type="String"/>
      <Variable name="TRACE_ROLE" type="String"/>
      <Variable name="UNIQUE_WORKFLOW" type="Integer"/>
      <Variable name="VAR" type="String"/>
      <Variable name="WORKFLOW_EXCEPTION" type="Object"/>
      <Variable name="WORKFLOW_EXECUTION_STATUS" type="String"/>
      <Variable name="WORKFLOW_NAME" type="String"/>
      <Variable name="WORKFLOW_ORDER_ID" type="String"/>
      <Variable name="WORKFLOW_STATE" type="String"/>
      <Variable name="WORKFLOW_TYPE" type="String"/>
      <Variable name="WORKFLOW_VERSION" type="Integer"/>
      <Variable name="action_Name" type="String"/>
      <Variable name="action_type" type="String"/>
      <Variable name="activation_description" type="String"/>
      <Variable name="activation_major_code" type="Integer"/>
      <Variable name="activation_minor_code" type="Integer"/>
      <Variable name="ad_info" type="String"/>
      <Variable name="aditional_array" type="Object"/>
      <Variable name="aditional_array_remaining" type="Object"/>
      <Variable name="aditional_element" type="Object"/>
      <Variable name="aditional_info" type="String"/>
      <Variable name="aditional_info_remaining" type="Object"/>
      <Variable name="aditional_val" type="Object"/>
      <Variable name="array_index" type="Integer"/>
      <Variable name="authurl" type="String"/>
      <Variable name="ciy_code" type="String"/>
      <Variable name="controller_JOB_ID" type="Integer"/>
      <Variable name="country_code" type="String"/>
      <Variable name="enabled" type="String"/>
      <Variable name="fault_code" type="String"/>
      <Variable name="fault_string" type="String"/>
      <Variable name="feature_code" type="String"/>
      <Variable name="feature_element" type="Object"/>
      <Variable name="feature_element_remaining" type="Object"/>
      <Variable name="features" type="Object"/>
      <Variable name="flag" type="Boolean"/>
      <Variable name="geo_id" type="String"/>
      <Variable name="last_result_code" type="String"/>
      <Variable name="last_result_desc" type="String"/>
      <Variable name="message_url" type="String"/>
      <Variable name="method_counter_call" type="Integer"/>
      <Variable name="method_counter_modsbr" type="Integer"/>
      <Variable name="moduleName" type="String"/>
      <Variable name="module_name" type="String"/>
      <Variable name="net_send" type="Object"/>
      <Variable name="output_request" type="String"/>
      <Variable name="output_result" type="String"/>
      <Variable name="params_val" type="Object"/>
      <Variable name="passw" type="String"/>
      <Variable name="passwd" type="String"/>
      <Variable name="password" type="String"/>
      <Variable name="password_enc" type="String"/>
      <Variable name="provisioned" type="String"/>
      <Variable name="result_code" type="String"/>
      <Variable name="result_desc" type="String"/>
      <Variable name="service_class" type="String"/>
      <Variable name="skip_activation" type="Boolean"/>
      <Variable name="ssw_id" type="String"/>
      <Variable name="telephone" type="String"/>
      <Variable name="telephone_WO_c" type="String"/>
      <Variable name="telephone_full" type="String"/>
      <Variable name="telephone_number" type="String"/>
      <Variable name="telephone_number_feature" type="String"/>
      <Variable name="template_obj" type="Object"/>
      <Variable name="template_type" type="String"/>
      <Variable name="user" type="String"/>
      <Variable name="username" type="String"/>
      <Variable name="valido" type="Boolean"/>
      <Variable name="which_xml" type="String"/>
      <Variable name="ws_response" type="String"/>
      <Variable name="wtth_result_code" type="String"/>
      <Variable name="wtth_result_desc" type="String"/>
      <Variable name="xml_message" type="String"/>
      <Variable name="xml_text" type="String"/>
      <Variable name="xsl_template" type="String"/>
   </Case-Packet>
   <Initial-Case-Packet>
      <Variable-Value name="FILE_URL_PREFIX" value="file:///"/>
      <Variable-Value name="SOLUTION_NAME" value="WTTH"/>
      <Variable-Value name="WORKFLOW_NAME" value="WTTH_DEACT_CALL_FEATURES"/>
      <Variable-Value name="WORKFLOW_VERSION" value="-1"/>
      <Variable-Value name="flag" value="false"/>
      <Variable-Value name="method_counter_call" value="0"/>
      <Variable-Value name="method_counter_modsbr" value="0"/>
   </Initial-Case-Packet>
   <Coordinates>
      <Position>
         <Name>Add11</Name>
         <X>58</X>
         <Y>456</Y>
         <Width>61</Width>
         <Height>48</Height>
      </Position>
      <Position>
         <Name>Equal51</Name>
         <X>682</X>
         <Y>458</Y>
         <Width>68</Width>
         <Height>24</Height>
      </Position>
      <Position>
         <Name>HTTPRequest11</Name>
         <X>705</X>
         <Y>361</Y>
         <Width>87</Width>
         <Height>48</Height>
      </Position>
      <Position>
         <Name>IsTrue1</Name>
         <X>342</X>
         <Y>36</Y>
         <Width>67</Width>
         <Height>24</Height>
      </Position>
      <Position>
         <Name>Java21</Name>
         <X>241</X>
         <Y>20</Y>
         <Width>61</Width>
         <Height>48</Height>
      </Position>
      <Position>
         <Name>Log1</Name>
         <X>152</X>
         <Y>12</Y>
         <Width>61</Width>
         <Height>48</Height>
      </Position>
      <Position>
         <Name>Log21</Name>
         <X>459</X>
         <Y>24</Y>
         <Width>61</Width>
         <Height>48</Height>
      </Position>
      <Position>
         <Name>Log31</Name>
         <X>601</X>
         <Y>362</Y>
         <Width>61</Width>
         <Height>48</Height>
      </Position>
      <Position>
         <Name>Log311</Name>
         <X>968</X>
         <Y>368</Y>
         <Width>61</Width>
         <Height>48</Height>
      </Position>
      <Position>
         <Name>Log3111</Name>
         <X>768</X>
         <Y>448</Y>
         <Width>61</Width>
         <Height>48</Height>
      </Position>
      <Position>
         <Name>Log31111</Name>
         <X>429</X>
         <Y>454</Y>
         <Width>61</Width>
         <Height>48</Height>
      </Position>
      <Position>
         <Name>Log311121</Name>
         <X>571</X>
         <Y>583</Y>
         <Width>63</Width>
         <Height>48</Height>
      </Position>
      <Position>
         <Name>MapDataOK?11</Name>
         <X>551</X>
         <Y>460</Y>
         <Width>104</Width>
         <Height>24</Height>
      </Position>
      <Position>
         <Name>MapResult211</Name>
         <X>955</X>
         <Y>446</Y>
         <Width>78</Width>
         <Height>48</Height>
      </Position>
      <Position>
         <Name>MapSSW9.11</Name>
         <X>299</X>
         <Y>452</Y>
         <Width>74</Width>
         <Height>48</Height>
      </Position>
      <Position>
         <Name>NumberTelephone11</Name>
         <X>260</X>
         <Y>361</Y>
         <Width>109</Width>
         <Height>48</Height>
      </Position>
      <Position>
         <Name>SSW Available11</Name>
         <X>812</X>
         <Y>375</Y>
         <Width>110</Width>
         <Height>24</Height>
      </Position>
      <Position>
         <Name>TransformXML</Name>
         <X>492</X>
         <Y>361</Y>
         <Width>78</Width>
         <Height>48</Height>
      </Position>
      <Position>
         <Name>VariableMapper21</Name>
         <X>15</X>
         <Y>9</Y>
         <Width>96</Width>
         <Height>48</Height>
      </Position>
      <Position>
         <Name>VariableMapper31</Name>
         <X>383</X>
         <Y>362</Y>
         <Width>96</Width>
         <Height>48</Height>
      </Position>
      <Position>
         <Name>VariableMapper7311</Name>
         <X>549</X>
         <Y>508</Y>
         <Width>108</Width>
         <Height>48</Height>
      </Position>
      <Position>
         <Name>VariableMapper741</Name>
         <X>816</X>
         <Y>309</Y>
         <Width>102</Width>
         <Height>48</Height>
      </Position>
      <Position>
         <Name>VariableMapper81</Name>
         <X>668</X>
         <Y>508</Y>
         <Width>96</Width>
         <Height>48</Height>
      </Position>
      <Position>
         <Name>XMLMapper111</Name>
         <X>855</X>
         <Y>446</Y>
         <Width>83</Width>
         <Height>48</Height>
      </Position>
      <Arrows>
         <Name>Add11</Name>
         <True-Arrow>
            <Type>0</Type>
            <DeltaX>0</DeltaX>
            <DeltaY>0</DeltaY>
         </True-Arrow>
         <False-Arrow>
            <Type>0</Type>
            <DeltaX>0</DeltaX>
            <DeltaY>0</DeltaY>
         </False-Arrow>
      </Arrows>
      <Arrows>
         <Name>Equal51</Name>
         <True-Arrow>
            <Type>0</Type>
            <DeltaX>0</DeltaX>
            <DeltaY>0</DeltaY>
         </True-Arrow>
         <False-Arrow>
            <Type>0</Type>
            <DeltaX>0</DeltaX>
            <DeltaY>0</DeltaY>
         </False-Arrow>
      </Arrows>
      <Arrows>
         <Name>HTTPRequest11</Name>
         <True-Arrow>
            <Type>0</Type>
            <DeltaX>0</DeltaX>
            <DeltaY>0</DeltaY>
         </True-Arrow>
         <False-Arrow>
            <Type>0</Type>
            <DeltaX>0</DeltaX>
            <DeltaY>0</DeltaY>
         </False-Arrow>
      </Arrows>
      <Arrows>
         <Name>IsTrue1</Name>
         <True-Arrow>
            <Type>0</Type>
            <DeltaX>0</DeltaX>
            <DeltaY>0</DeltaY>
         </True-Arrow>
         <False-Arrow>
            <Type>0</Type>
            <DeltaX>0</DeltaX>
            <DeltaY>0</DeltaY>
         </False-Arrow>
      </Arrows>
      <Arrows>
         <Name>Java21</Name>
         <True-Arrow>
            <Type>0</Type>
            <DeltaX>0</DeltaX>
            <DeltaY>0</DeltaY>
         </True-Arrow>
         <False-Arrow>
            <Type>0</Type>
            <DeltaX>0</DeltaX>
            <DeltaY>0</DeltaY>
         </False-Arrow>
      </Arrows>
      <Arrows>
         <Name>Log1</Name>
         <True-Arrow>
            <Type>0</Type>
            <DeltaX>0</DeltaX>
            <DeltaY>0</DeltaY>
         </True-Arrow>
         <False-Arrow>
            <Type>0</Type>
            <DeltaX>0</DeltaX>
            <DeltaY>0</DeltaY>
         </False-Arrow>
      </Arrows>
      <Arrows>
         <Name>Log21</Name>
         <True-Arrow>
            <Type>0</Type>
            <DeltaX>0</DeltaX>
            <DeltaY>0</DeltaY>
         </True-Arrow>
         <False-Arrow>
            <Type>0</Type>
            <DeltaX>0</DeltaX>
            <DeltaY>0</DeltaY>
         </False-Arrow>
      </Arrows>
      <Arrows>
         <Name>Log31</Name>
         <True-Arrow>
            <Type>0</Type>
            <DeltaX>0</DeltaX>
            <DeltaY>0</DeltaY>
         </True-Arrow>
         <False-Arrow>
            <Type>0</Type>
            <DeltaX>0</DeltaX>
            <DeltaY>0</DeltaY>
         </False-Arrow>
      </Arrows>
      <Arrows>
         <Name>Log311</Name>
         <True-Arrow>
            <Type>0</Type>
            <DeltaX>0</DeltaX>
            <DeltaY>0</DeltaY>
         </True-Arrow>
         <False-Arrow>
            <Type>0</Type>
            <DeltaX>0</DeltaX>
            <DeltaY>0</DeltaY>
         </False-Arrow>
      </Arrows>
      <Arrows>
         <Name>Log3111</Name>
         <True-Arrow>
            <Type>0</Type>
            <DeltaX>0</DeltaX>
            <DeltaY>0</DeltaY>
         </True-Arrow>
         <False-Arrow>
            <Type>0</Type>
            <DeltaX>0</DeltaX>
            <DeltaY>0</DeltaY>
         </False-Arrow>
      </Arrows>
      <Arrows>
         <Name>Log31111</Name>
         <True-Arrow>
            <Type>0</Type>
            <DeltaX>0</DeltaX>
            <DeltaY>0</DeltaY>
         </True-Arrow>
         <False-Arrow>
            <Type>0</Type>
            <DeltaX>0</DeltaX>
            <DeltaY>0</DeltaY>
         </False-Arrow>
      </Arrows>
      <Arrows>
         <Name>Log311121</Name>
         <True-Arrow>
            <Type>0</Type>
            <DeltaX>0</DeltaX>
            <DeltaY>0</DeltaY>
         </True-Arrow>
         <False-Arrow>
            <Type>0</Type>
            <DeltaX>0</DeltaX>
            <DeltaY>0</DeltaY>
         </False-Arrow>
      </Arrows>
      <Arrows>
         <Name>MapDataOK?11</Name>
         <True-Arrow>
            <Type>0</Type>
            <DeltaX>0</DeltaX>
            <DeltaY>0</DeltaY>
         </True-Arrow>
         <False-Arrow>
            <Type>0</Type>
            <DeltaX>0</DeltaX>
            <DeltaY>0</DeltaY>
         </False-Arrow>
      </Arrows>
      <Arrows>
         <Name>MapResult211</Name>
         <True-Arrow>
            <Type>0</Type>
            <DeltaX>0</DeltaX>
            <DeltaY>0</DeltaY>
         </True-Arrow>
         <False-Arrow>
            <Type>0</Type>
            <DeltaX>0</DeltaX>
            <DeltaY>0</DeltaY>
         </False-Arrow>
      </Arrows>
      <Arrows>
         <Name>MapSSW9.11</Name>
         <True-Arrow>
            <Type>0</Type>
            <DeltaX>0</DeltaX>
            <DeltaY>0</DeltaY>
         </True-Arrow>
         <False-Arrow>
            <Type>0</Type>
            <DeltaX>0</DeltaX>
            <DeltaY>0</DeltaY>
         </False-Arrow>
      </Arrows>
      <Arrows>
         <Name>NumberTelephone11</Name>
         <True-Arrow>
            <Type>0</Type>
            <DeltaX>0</DeltaX>
            <DeltaY>0</DeltaY>
         </True-Arrow>
         <False-Arrow>
            <Type>0</Type>
            <DeltaX>0</DeltaX>
            <DeltaY>0</DeltaY>
         </False-Arrow>
      </Arrows>
      <Arrows>
         <Name>SSW Available11</Name>
         <True-Arrow>
            <Type>0</Type>
            <DeltaX>0</DeltaX>
            <DeltaY>0</DeltaY>
         </True-Arrow>
         <False-Arrow>
            <Type>0</Type>
            <DeltaX>0</DeltaX>
            <DeltaY>0</DeltaY>
         </False-Arrow>
      </Arrows>
      <Arrows>
         <Name>TransformXML</Name>
         <True-Arrow>
            <Type>0</Type>
            <DeltaX>0</DeltaX>
            <DeltaY>0</DeltaY>
         </True-Arrow>
         <False-Arrow>
            <Type>0</Type>
            <DeltaX>0</DeltaX>
            <DeltaY>0</DeltaY>
         </False-Arrow>
      </Arrows>
      <Arrows>
         <Name>VariableMapper21</Name>
         <True-Arrow>
            <Type>0</Type>
            <DeltaX>0</DeltaX>
            <DeltaY>0</DeltaY>
         </True-Arrow>
         <False-Arrow>
            <Type>0</Type>
            <DeltaX>0</DeltaX>
            <DeltaY>0</DeltaY>
         </False-Arrow>
      </Arrows>
      <Arrows>
         <Name>VariableMapper31</Name>
         <True-Arrow>
            <Type>0</Type>
            <DeltaX>0</DeltaX>
            <DeltaY>0</DeltaY>
         </True-Arrow>
         <False-Arrow>
            <Type>0</Type>
            <DeltaX>0</DeltaX>
            <DeltaY>0</DeltaY>
         </False-Arrow>
      </Arrows>
      <Arrows>
         <Name>VariableMapper7311</Name>
         <True-Arrow>
            <Type>0</Type>
            <DeltaX>0</DeltaX>
            <DeltaY>0</DeltaY>
         </True-Arrow>
         <False-Arrow>
            <Type>0</Type>
            <DeltaX>0</DeltaX>
            <DeltaY>0</DeltaY>
         </False-Arrow>
      </Arrows>
      <Arrows>
         <Name>VariableMapper741</Name>
         <True-Arrow>
            <Type>2</Type>
            <DeltaX>0</DeltaX>
            <DeltaY>0</DeltaY>
         </True-Arrow>
         <False-Arrow>
            <Type>0</Type>
            <DeltaX>0</DeltaX>
            <DeltaY>0</DeltaY>
         </False-Arrow>
      </Arrows>
      <Arrows>
         <Name>VariableMapper81</Name>
         <True-Arrow>
            <Type>0</Type>
            <DeltaX>0</DeltaX>
            <DeltaY>0</DeltaY>
         </True-Arrow>
         <False-Arrow>
            <Type>0</Type>
            <DeltaX>0</DeltaX>
            <DeltaY>0</DeltaY>
         </False-Arrow>
      </Arrows>
      <Arrows>
         <Name>XMLMapper111</Name>
         <True-Arrow>
            <Type>0</Type>
            <DeltaX>0</DeltaX>
            <DeltaY>0</DeltaY>
         </True-Arrow>
         <False-Arrow>
            <Type>0</Type>
            <DeltaX>0</DeltaX>
            <DeltaY>0</DeltaY>
         </False-Arrow>
      </Arrows>
   </Coordinates>
</Workflow>