<?xml version="1.0" encoding="UTF-8"?>
<!DOCTYPE Workflow SYSTEM "workflow.dtd">

<Workflow Init-On-Startup="false" Unique="false" auditEnabled="false" auditStateChangeEvent="false" autoAuditEnabled="true" disablePersistence="true" statEnabled="false">
   <Name>WTTH_DELETE_SERVICES</Name>
   <Solution>WTTH</Solution>
   <Description>DeleteNNC</Description>
   <Start-Node>PutMessage</Start-Node>
   <Nodes>
      <Process-Node inactive="true">
         <Name>PutMessage</Name>
         <Action>
            <Class-Name>com.hp.ov.activator.mwfm.component.builtin.PutMessage</Class-Name>
            <Param name="message" value="START %s account_number %s"/>
            <Param name="queue" value="variable:WORKFLOW_NAME"/>
            <Param name="param0" value="WORKFLOW_NAME"/>
            <Param name="param1" value="account_number"/>
         </Action>
         <Next-Node>LogStart</Next-Node>
      </Process-Node>
      <Process-Node>
         <Name>LogStart</Name>
         <Description></Description>
         <Action>
            <Class-Name>com.hp.ov.activator.mwfm.component.builtin.Log</Class-Name>
            <Param name="component_name" value="variable:WORKFLOW_NAME"/>
            <Param name="log_level" value="INFORMATIVE"/>
            <Param name="log_manager" value="WTTH_log_manager"/>
            <Param name="log_message" value="#################Start %s Action %s fixed_number %s JOB_ID %s#######################"/>
            <Param name="param0" value="WORKFLOW_NAME"/>
            <Param name="param1" value="action_name"/>
            <Param name="param2" value="fixed_telephone_number_new"/>
            <Param name="param3" value="controller_JOB_ID"/>
         </Action>
         <Next-Node>get Services</Next-Node>
      </Process-Node>
      <Process-Node>
         <Name>get Services</Name>
         <Action>
            <Class-Name>com.hp.ov.activator.mwfm.component.builtin.QueryInventory</Class-Name>
            <Param name="bean" value="constant:com.hpe.ov.activator.inventory.Services"/>
            <Param name="find_by_method" value="constant:findAll"/>
            <Param name="return_array" value="constant:true"/>
            <Param name="variable" value="services_obj"/>
            <Param name="where" value="constant:ACCOUNT_NUMBER = &apos;%s&apos;"/>
            <Param name="param0" value="account_number"/>
         </Action>
         <Next-Node>services?</Next-Node>
      </Process-Node>
      <Rule-Node disablePersistence="true">
         <Name>services?</Name>
         <Action>
            <Class-Name>com.hp.ov.activator.mwfm.component.builtin.Equal</Class-Name>
            <Param name="op1" value="services_obj#"/>
            <Param name="op2" value="constant:0"/>
         </Action>
         <True-Next-Node>mapError07</True-Next-Node>
         <False-Next-Node>LockTable1</False-Next-Node>
      </Rule-Node>
      <Process-Node disablePersistence="true">
         <Name>mapError07</Name>
         <Action>
            <Class-Name>com.hp.ov.activator.mwfm.component.builtin.VariableMapper</Class-Name>
            <Param name="wtth_result_code" value="7"/>
            <Param name="wtth_result_desc" value="Service was deleted before."/>
         </Action>
         <Next-Node>Error</Next-Node>
      </Process-Node>
      <Process-Node disablePersistence="true">
         <Name>Error</Name>
         <Action>
            <Class-Name>com.hp.ov.activator.mwfm.component.builtin.DoNothing</Class-Name>
         </Action>
         <Next-Node>UnlockTable11</Next-Node>
      </Process-Node>
      <Process-Node>
         <Name>UnlockTable11</Name>
         <Action>
            <Class-Name>com.hp.ov.activator.mwfm.component.builtin.ExecSQLStatement</Class-Name>
            <Param name="statement" value="delete from LOCK_FILE_TABLE_TMP"/>
         </Action>
         <Next-Node>printError</Next-Node>
      </Process-Node>
      <Process-Node inactive="true">
         <Name>printError</Name>
         <Action>
            <Class-Name>com.hp.ov.activator.mwfm.component.builtin.PutMessage</Class-Name>
            <Param name="message" value="error %s wtth_result_desc %s"/>
            <Param name="queue" value="variable:WORKFLOW_NAME"/>
            <Param name="param0" value="wtth_result_code"/>
            <Param name="param1" value="wtth_result_desc"/>
         </Action>
         <Next-Node>LogError</Next-Node>
      </Process-Node>
      <Process-Node>
         <Name>LogError</Name>
         <Action>
            <Class-Name>com.hp.ov.activator.mwfm.component.builtin.Log</Class-Name>
            <Param name="component_name" value="variable:WORKFLOW_NAME"/>
            <Param name="log_level" value="ERROR"/>
            <Param name="log_manager" value="WTTH_log_manager"/>
            <Param name="log_message" value="-action_name[%s] -fixed_number[%s] -wtth_result_code[%s] -wtth_result_desc[%s] -parent_JOB_ID[%s]"/>
            <Param name="param0" value="action_name"/>
            <Param name="param1" value="fixed_telephone_number_new"/>
            <Param name="param2" value="wtth_result_code"/>
            <Param name="param3" value="wtth_result_desc"/>
            <Param name="param4" value="controller_JOB_ID"/>
         </Action>
      </Process-Node>
      <Process-Node>
         <Name>LockTable1</Name>
         <Action>
            <Class-Name>com.hp.ov.activator.mwfm.component.builtin.StartJobAndWait</Class-Name>
            <Param name="throw_excep" value="constant:true"/>
            <Param name="workflow_name" value="constant:LOCK_FILE_TABLE"/>
            <Param name="destination0" value="services_JOB_ID"/>
            <Param name="variable0" value="JOB_ID"/>
         </Action>
         <Next-Node>IMS</Next-Node>
      </Process-Node>
      <Process-Node>
         <Name>IMS</Name>
         <Action>
            <Class-Name>com.hp.ov.activator.mwfm.component.builtin.StartJobAndWait</Class-Name>
            <Param name="queue" value="controller_queue"/>
            <Param name="workflow_name" value="constant:WTTH_IMS_DELETE"/>
            <Param name="destination0" value="services_JOB_ID"/>
            <Param name="outputvar0" value="wtth_result_code"/>
            <Param name="variable0" value="JOB_ID"/>
            <Param name="destination1" value="telephone_number"/>
            <Param name="outputvar1" value="wtth_result_desc"/>
            <Param name="variable1" value="fixed_telephone_number_new"/>
            <Param name="destination2" value="pwd_value"/>
            <Param name="variable2" value="password_customer"/>
            <Param name="destination3" value="action_Name"/>
            <Param name="variable3" value="action_name"/>
            <Param name="variable4" value="account_number"/>
            <Param name="destination5" value="geo_id"/>
            <Param name="variable5" value="geographical_location_id"/>
            <Param name="destination6" value="service_class"/>
            <Param name="variable6" value="service_id_new"/>
         </Action>
         <Next-Node>imsOK?</Next-Node>
      </Process-Node>
      <Rule-Node disablePersistence="true">
         <Name>imsOK?</Name>
         <Action>
            <Class-Name>com.hp.ov.activator.mwfm.component.builtin.Equal</Class-Name>
            <Param name="op1" value="wtth_result_code"/>
            <Param name="op2" value="constant:0"/>
         </Action>
         <True-Next-Node>NNC</True-Next-Node>
         <False-Next-Node>mapError01</False-Next-Node>
      </Rule-Node>
      <Process-Node>
         <Name>NNC</Name>
         <Action>
            <Class-Name>com.hp.ov.activator.mwfm.component.builtin.StartJobAndWait</Class-Name>
            <Param name="queue" value="controller_queue"/>
            <Param name="workflow_name" value="constant:WTTH_NNC_BAJA"/>
            <Param name="destination0" value="services_JOB_ID"/>
            <Param name="outputvar0" value="wtth_result_code"/>
            <Param name="variable0" value="JOB_ID"/>
            <Param name="destination1" value="customer_id"/>
            <Param name="outputvar1" value="wtth_result_desc"/>
            <Param name="variable1" value="fixed_telephone_number_new"/>
            <Param name="variable2" value="mobile_telephone_number_new"/>
            <Param name="variable3" value="action_name"/>
            <Param name="variable4" value="account_number"/>
         </Action>
         <Next-Node>NNCOK?</Next-Node>
      </Process-Node>
      <Rule-Node disablePersistence="true">
         <Name>NNCOK?</Name>
         <Action>
            <Class-Name>com.hp.ov.activator.mwfm.component.builtin.Equal</Class-Name>
            <Param name="op1" value="wtth_result_code"/>
            <Param name="op2" value="constant:0"/>
         </Action>
         <True-Next-Node>SR</True-Next-Node>
         <False-Next-Node>mapActionName</False-Next-Node>
      </Rule-Node>
      <Process-Node>
         <Name>SR</Name>
         <Action>
            <Class-Name>com.hp.ov.activator.mwfm.component.builtin.StartJobAndWait</Class-Name>
            <Param name="queue" value="controller_queue"/>
            <Param name="workflow_name" value="constant:WTTH_SR"/>
            <Param name="destination0" value="services_JOB_ID"/>
            <Param name="outputvar0" value="wtth_result_code"/>
            <Param name="variable0" value="JOB_ID"/>
            <Param name="variable1" value="fixed_telephone_number_new"/>
            <Param name="variable2" value="mobile_telephone_number_new"/>
            <Param name="variable3" value="action_name"/>
            <Param name="variable4" value="account_number"/>
         </Action>
         <Next-Node>SROK?</Next-Node>
      </Process-Node>
      <Rule-Node disablePersistence="true">
         <Name>SROK?</Name>
         <Action>
            <Class-Name>com.hp.ov.activator.mwfm.component.builtin.Equal</Class-Name>
            <Param name="op1" value="wtth_result_code"/>
            <Param name="op2" value="constant:0"/>
         </Action>
         <True-Next-Node>delete customer</True-Next-Node>
         <False-Next-Node>mapActionName1</False-Next-Node>
      </Rule-Node>
      <Process-Node>
         <Name>delete customer</Name>
         <Action>
            <Class-Name>com.hp.ov.activator.mwfm.component.builtin.ExecSQLStatement</Class-Name>
            <Param name="statement" value="delete from GENSERV_CUSTOMER where account_number = ?"/>
            <Param name="throw_excep" value="constant:false"/>
            <Param name="param0" value="account_number"/>
         </Action>
         <Next-Node>deleteOK?2</Next-Node>
      </Process-Node>
      <Rule-Node disablePersistence="true">
         <Name>deleteOK?2</Name>
         <Action>
            <Class-Name>com.hp.ov.activator.mwfm.component.builtin.WasPreviousNodeOK</Class-Name>
         </Action>
         <True-Next-Node>delete Service</True-Next-Node>
         <False-Next-Node>mapError09</False-Next-Node>
      </Rule-Node>
      <Process-Node>
         <Name>delete Service</Name>
         <Action>
            <Class-Name>com.hp.ov.activator.mwfm.component.builtin.ExecSQLStatement</Class-Name>
            <Param name="statement" value="delete from GENSERV_SERVICES where account_number = ?"/>
            <Param name="throw_excep" value="constant:false"/>
            <Param name="param0" value="account_number"/>
         </Action>
         <Next-Node>deleteOK?</Next-Node>
      </Process-Node>
      <Rule-Node disablePersistence="true">
         <Name>deleteOK?</Name>
         <Action>
            <Class-Name>com.hp.ov.activator.mwfm.component.builtin.WasPreviousNodeOK</Class-Name>
         </Action>
         <True-Next-Node>delete ServiceParam</True-Next-Node>
         <False-Next-Node>mapError10</False-Next-Node>
      </Rule-Node>
      <Process-Node>
         <Name>delete ServiceParam</Name>
         <Action>
            <Class-Name>com.hp.ov.activator.mwfm.component.builtin.ExecSQLStatement</Class-Name>
            <Param name="statement" value="delete from GENSERV_SERVICE_PARAMS where customer_id = ? and service_id =?"/>
            <Param name="throw_excep" value="constant:false"/>
            <Param name="param0" value="account_number"/>
            <Param name="param1" value="service_id_new"/>
         </Action>
         <Next-Node>deleteOK?1</Next-Node>
      </Process-Node>
      <Rule-Node disablePersistence="true">
         <Name>deleteOK?1</Name>
         <Action>
            <Class-Name>com.hp.ov.activator.mwfm.component.builtin.WasPreviousNodeOK</Class-Name>
         </Action>
         <True-Next-Node>UnlockTable1</True-Next-Node>
         <False-Next-Node>mapError08</False-Next-Node>
      </Rule-Node>
      <Process-Node>
         <Name>UnlockTable1</Name>
         <Action>
            <Class-Name>com.hp.ov.activator.mwfm.component.builtin.ExecSQLStatement</Class-Name>
            <Param name="statement" value="delete from LOCK_FILE_TABLE_TMP"/>
         </Action>
         <Next-Node>mapError00</Next-Node>
      </Process-Node>
      <Process-Node disablePersistence="true">
         <Name>mapError00</Name>
         <Action>
            <Class-Name>com.hp.ov.activator.mwfm.component.builtin.VariableMapper</Class-Name>
            <Param name="wtth_result_code" value="0"/>
            <Param name="wtth_result_desc" value="OK. Transaction executed succesful"/>
         </Action>
         <Next-Node>LogEnd</Next-Node>
      </Process-Node>
      <Process-Node>
         <Name>LogEnd</Name>
         <Action>
            <Class-Name>com.hp.ov.activator.mwfm.component.builtin.Log</Class-Name>
            <Param name="component_name" value="variable:WORKFLOW_NAME"/>
            <Param name="log_level" value="INFORMATIVE"/>
            <Param name="log_manager" value="WTTH_log_manager"/>
            <Param name="log_message" value="-action_name[%s] -fixed_number[%s] -wtth_result_code[%s] -wtth_result_desc[%s] -parent_JOB_ID[%s]"/>
            <Param name="param0" value="action_name"/>
            <Param name="param1" value="fixed_telephone_number_new"/>
            <Param name="param2" value="wtth_result_code"/>
            <Param name="param3" value="wtth_result_desc"/>
            <Param name="param4" value="controller_JOB_ID"/>
         </Action>
      </Process-Node>
      <Process-Node disablePersistence="true">
         <Name>mapError08</Name>
         <Action>
            <Class-Name>com.hp.ov.activator.mwfm.component.builtin.VariableMapper</Class-Name>
            <Param name="wtth_result_code" value="8"/>
            <Param name="wtth_result_desc" value="Cannot delete register in table services_params %RET_TEXT%"/>
         </Action>
         <Next-Node>mapActionName1</Next-Node>
      </Process-Node>
      <Process-Node disablePersistence="true">
         <Name>mapActionName1</Name>
         <Action>
            <Class-Name>com.hp.ov.activator.mwfm.component.builtin.VariableMapper</Class-Name>
            <Param name="action_name" value="CREATE"/>
         </Action>
         <Next-Node>NNCDel1</Next-Node>
      </Process-Node>
      <Process-Node>
         <Name>NNCDel1</Name>
         <Description>DeleteNNC</Description>
         <Action>
            <Class-Name>com.hp.ov.activator.mwfm.component.builtin.StartJobAndWait</Class-Name>
            <Param name="queue" value="controller_queue"/>
            <Param name="workflow_name" value="constant:WTTH_NNC_CREATE"/>
            <Param name="destination0" value="services_JOB_ID"/>
            <Param name="outputvar0" value="wtth_result_code"/>
            <Param name="variable0" value="JOB_ID"/>
            <Param name="variable1" value="fixed_telephone_number_new"/>
            <Param name="variable2" value="password_customer"/>
            <Param name="variable3" value="action_name"/>
            <Param name="variable4" value="account_number"/>
         </Action>
         <Next-Node>NNCDelOK?</Next-Node>
      </Process-Node>
      <Rule-Node disablePersistence="true">
         <Name>NNCDelOK?</Name>
         <Action>
            <Class-Name>com.hp.ov.activator.mwfm.component.builtin.Equal</Class-Name>
            <Param name="op1" value="wtth_result_code"/>
            <Param name="op2" value="constant:0"/>
         </Action>
         <True-Next-Node>IMS3</True-Next-Node>
         <False-Next-Node>mapError05</False-Next-Node>
      </Rule-Node>
      <Process-Node>
         <Name>IMS3</Name>
         <Action>
            <Class-Name>com.hp.ov.activator.mwfm.component.builtin.StartJobAndWait</Class-Name>
            <Param name="queue" value="controller_queue"/>
            <Param name="workflow_name" value="constant:WTTH_IMS_CREATE"/>
            <Param name="destination0" value="services_JOB_ID"/>
            <Param name="outputvar0" value="wtth_result_code"/>
            <Param name="variable0" value="JOB_ID"/>
            <Param name="destination1" value="telephone_number"/>
            <Param name="outputvar1" value="wtth_result_desc"/>
            <Param name="variable1" value="fixed_telephone_number_new"/>
            <Param name="destination2" value="pwd_value"/>
            <Param name="variable2" value="password_customer"/>
            <Param name="destination3" value="action_Name"/>
            <Param name="variable3" value="action_name"/>
            <Param name="variable4" value="account_number"/>
            <Param name="destination5" value="geo_id"/>
            <Param name="variable5" value="geographical_location_id"/>
            <Param name="destination6" value="service_class"/>
            <Param name="variable6" value="service_id_new"/>
         </Action>
         <Next-Node>IMSDelOK?_</Next-Node>
      </Process-Node>
      <Rule-Node disablePersistence="true">
         <Name>IMSDelOK?_</Name>
         <Action>
            <Class-Name>com.hp.ov.activator.mwfm.component.builtin.Equal</Class-Name>
            <Param name="op1" value="wtth_result_code"/>
            <Param name="op2" value="constant:0"/>
         </Action>
         <True-Next-Node>mapError03</True-Next-Node>
         <False-Next-Node>mapError06</False-Next-Node>
      </Rule-Node>
      <Process-Node disablePersistence="true">
         <Name>mapError03</Name>
         <Action>
            <Class-Name>com.hp.ov.activator.mwfm.component.builtin.VariableMapper</Class-Name>
            <Param name="wtth_result_desc" value="UNDO_OK.%wtth_result_desc_rb%"/>
         </Action>
         <Next-Node>Error</Next-Node>
      </Process-Node>
      <Process-Node disablePersistence="true">
         <Name>mapError06</Name>
         <Action>
            <Class-Name>com.hp.ov.activator.mwfm.component.builtin.VariableMapper</Class-Name>
            <Param name="wtth_result_desc" value="UNDO_NO_OK.%wtth_result_desc_rb%"/>
         </Action>
         <Next-Node>Error</Next-Node>
      </Process-Node>
      <Process-Node disablePersistence="true">
         <Name>mapError05</Name>
         <Action>
            <Class-Name>com.hp.ov.activator.mwfm.component.builtin.VariableMapper</Class-Name>
            <Param name="wtth_result_desc" value="UNDO_NO_OK.%wtth_result_desc%"/>
         </Action>
         <Next-Node>Error</Next-Node>
      </Process-Node>
      <Process-Node disablePersistence="true">
         <Name>mapError10</Name>
         <Action>
            <Class-Name>com.hp.ov.activator.mwfm.component.builtin.VariableMapper</Class-Name>
            <Param name="wtth_result_code" value="10"/>
            <Param name="wtth_result_desc" value="Cannot delete register in database %RET_TEXT%"/>
         </Action>
         <Next-Node>mapActionName1</Next-Node>
      </Process-Node>
      <Process-Node disablePersistence="true">
         <Name>mapError09</Name>
         <Action>
            <Class-Name>com.hp.ov.activator.mwfm.component.builtin.VariableMapper</Class-Name>
            <Param name="wtth_result_code" value="9"/>
            <Param name="wtth_result_desc" value="Cannot delete register in database %RET_TEXT%"/>
         </Action>
         <Next-Node>mapActionName1</Next-Node>
      </Process-Node>
      <Process-Node disablePersistence="true">
         <Name>mapActionName</Name>
         <Action>
            <Class-Name>com.hp.ov.activator.mwfm.component.builtin.VariableMapper</Class-Name>
            <Param name="action_name" value="CREATE"/>
            <Param name="wtth_result_code_rb" value="%wtth_result_code%"/>
            <Param name="wtth_result_desc_rb" value="%wtth_result_desc%"/>
         </Action>
         <Next-Node>IMS2</Next-Node>
      </Process-Node>
      <Process-Node>
         <Name>IMS2</Name>
         <Action>
            <Class-Name>com.hp.ov.activator.mwfm.component.builtin.StartJobAndWait</Class-Name>
            <Param name="queue" value="controller_queue"/>
            <Param name="workflow_name" value="constant:WTTH_IMS_CREATE"/>
            <Param name="destination0" value="services_JOB_ID"/>
            <Param name="outputvar0" value="wtth_result_code"/>
            <Param name="variable0" value="JOB_ID"/>
            <Param name="destination1" value="telephone_number"/>
            <Param name="outputvar1" value="wtth_result_desc"/>
            <Param name="variable1" value="fixed_telephone_number_new"/>
            <Param name="destination2" value="pwd_value"/>
            <Param name="variable2" value="password_customer"/>
            <Param name="destination3" value="action_Name"/>
            <Param name="variable3" value="action_name"/>
            <Param name="variable4" value="account_number"/>
            <Param name="destination5" value="geo_id"/>
            <Param name="variable5" value="geographical_location_id"/>
            <Param name="destination6" value="service_class"/>
            <Param name="variable6" value="service_id_new"/>
         </Action>
         <Next-Node>IMSDelOK?</Next-Node>
      </Process-Node>
      <Rule-Node disablePersistence="true">
         <Name>IMSDelOK?</Name>
         <Action>
            <Class-Name>com.hp.ov.activator.mwfm.component.builtin.Equal</Class-Name>
            <Param name="op1" value="wtth_result_code"/>
            <Param name="op2" value="constant:0"/>
         </Action>
         <True-Next-Node>mapError02</True-Next-Node>
         <False-Next-Node>mapError04</False-Next-Node>
      </Rule-Node>
      <Process-Node disablePersistence="true">
         <Name>mapError02</Name>
         <Action>
            <Class-Name>com.hp.ov.activator.mwfm.component.builtin.VariableMapper</Class-Name>
            <Param name="wtth_result_desc" value="UNDO_OK. %wtth_result_desc_rb%"/>
         </Action>
         <Next-Node>Error</Next-Node>
      </Process-Node>
      <Process-Node disablePersistence="true">
         <Name>mapError04</Name>
         <Action>
            <Class-Name>com.hp.ov.activator.mwfm.component.builtin.VariableMapper</Class-Name>
            <Param name="wtth_result_desc" value="UNDO_NO_OK.%wtth_result_desc_rb%"/>
         </Action>
         <Next-Node>Error</Next-Node>
      </Process-Node>
      <Process-Node disablePersistence="true" inactive="true">
         <Name>mapError01</Name>
         <Action>
            <Class-Name>com.hp.ov.activator.mwfm.component.builtin.VariableMapper</Class-Name>
            <Param name="wtth_result_code" value="%wtth_result_code%"/>
         </Action>
         <Next-Node>Error</Next-Node>
      </Process-Node>
      <Process-Node>
         <Name>PutMessage21</Name>
         <Action>
            <Class-Name>com.hp.ov.activator.mwfm.component.builtin.PutMessage</Class-Name>
            <Param name="message" value="wtth_result_code %s wtth_result_desc %s"/>
            <Param name="queue" value="variable:WORKFLOW_NAME"/>
            <Param name="param0" value="wtth_result_code"/>
            <Param name="param1" value="wtth_result_desc"/>
         </Action>
      </Process-Node>
      <Process-Node>
         <Name>QueryInventory1</Name>
         <Action>
            <Class-Name>com.hp.ov.activator.mwfm.component.builtin.QueryInventory</Class-Name>
            <Param name="bean" value="constant:com.hpe.ov.activator.inventory.ErrorHandling"/>
            <Param name="find_by_method" value="constant:findAll"/>
            <Param name="return_array" value="constant:true"/>
            <Param name="variable" value="error_handling_obj"/>
            <Param name="where" value="constant:ERROR_CODE = &apos;%s&apos;"/>
            <Param name="param0" value="wtth_result_code"/>
         </Action>
         <Next-Node>errorFound?1</Next-Node>
      </Process-Node>
      <Process-Node>
         <Name>QueryInventory11</Name>
         <Action>
            <Class-Name>com.hp.ov.activator.mwfm.component.builtin.QueryInventory</Class-Name>
            <Param name="bean" value="constant:com.hpe.ov.activator.inventory.ErrorHandling"/>
            <Param name="find_by_method" value="constant:findAll"/>
            <Param name="return_array" value="constant:true"/>
            <Param name="variable" value="error_handling_obj"/>
            <Param name="where" value="constant:ERROR_CODE = &apos;%s&apos;"/>
            <Param name="param0" value="wtth_result_code"/>
         </Action>
         <Next-Node>errorFound?11</Next-Node>
      </Process-Node>
      <Rule-Node disablePersistence="true">
         <Name>errorFound?1</Name>
         <Action>
            <Class-Name>com.hp.ov.activator.mwfm.component.builtin.Equal</Class-Name>
            <Param name="op1" value="error_handling_obj#"/>
            <Param name="op2" value="constant:0"/>
         </Action>
         <True-Next-Node>noMapErrorDesc1</True-Next-Node>
         <False-Next-Node>mapErrorDesc1</False-Next-Node>
      </Rule-Node>
      <Rule-Node disablePersistence="true">
         <Name>errorFound?11</Name>
         <Action>
            <Class-Name>com.hp.ov.activator.mwfm.component.builtin.Equal</Class-Name>
            <Param name="op1" value="error_handling_obj#"/>
            <Param name="op2" value="constant:0"/>
         </Action>
         <True-Next-Node>noMapErrorDesc11</True-Next-Node>
         <False-Next-Node>mapErrorDesc11</False-Next-Node>
      </Rule-Node>
      <Process-Node disablePersistence="true">
         <Name>mapErrorDesc1</Name>
         <Action>
            <Class-Name>com.hp.ov.activator.mwfm.component.builtin.VariableMapper</Class-Name>
            <Param name="wtth_result_desc" value="%error_handling_obj[0].errorDesc%"/>
         </Action>
         <Next-Node>UnlockTable11</Next-Node>
      </Process-Node>
      <Process-Node disablePersistence="true">
         <Name>mapErrorDesc11</Name>
         <Action>
            <Class-Name>com.hp.ov.activator.mwfm.component.builtin.VariableMapper</Class-Name>
            <Param name="wtth_result_desc" value="%error_handling_obj[0].errorDesc%"/>
         </Action>
         <Next-Node>PutMessage21</Next-Node>
      </Process-Node>
      <Process-Node disablePersistence="true">
         <Name>noMapErrorDesc1</Name>
         <Action>
            <Class-Name>com.hp.ov.activator.mwfm.component.builtin.VariableMapper</Class-Name>
            <Param name="wtth_result_desc" value="Error not Found"/>
         </Action>
         <Next-Node>UnlockTable11</Next-Node>
      </Process-Node>
      <Process-Node disablePersistence="true">
         <Name>noMapErrorDesc11</Name>
         <Action>
            <Class-Name>com.hp.ov.activator.mwfm.component.builtin.VariableMapper</Class-Name>
            <Param name="wtth_result_desc" value="Error not Found"/>
         </Action>
         <Next-Node>PutMessage21</Next-Node>
      </Process-Node>
   </Nodes>
   <Error-Handler>
      <Name>PutMessageHandler</Name>
      <Class-Name>com.hp.ov.activator.mwfm.component.builtin.PutMessageHandler</Class-Name>
      <Param name="message" value="variable:RET_TEXT"/>
      <Param name="queue" value="Errors"/>
   </Error-Handler>
   <Error-Handler>
      <Name>SyncHandler</Name>
      <Class-Name>com.hp.ov.activator.mwfm.component.builtin.SyncHandler</Class-Name>
      <Param name="job_id" value="controller_JOB_ID"/>
      <Param name="queue" value="constant:controller_queue"/>
      <Param name="variable0" value="wtth_result_code"/>
      <Param name="variable1" value="wtth_result_desc"/>
   </Error-Handler>
   <End-Handler>
      <Name>SyncHandler1</Name>
      <Class-Name>com.hp.ov.activator.mwfm.component.builtin.SyncHandler</Class-Name>
      <Param name="job_id" value="controller_JOB_ID"/>
      <Param name="queue" value="constant:controller_queue"/>
      <Param name="variable0" value="wtth_result_code"/>
      <Param name="variable1" value="wtth_result_desc"/>
   </End-Handler>
   <Case-Packet>
      <Variable name="ANNOTATION" type="String"/>
      <Variable name="BREAK_POINT" type="String"/>
      <Variable name="DEFAULT_ROLE" type="String"/>
      <Variable name="EMPTY_STRING" type="String"/>
      <Variable name="ETC" type="String"/>
      <Variable name="EX_STEP_NAME" type="String"/>
      <Variable name="FILE_URL_PREFIX" type="String"/>
      <Variable name="HOST_NAME" type="String"/>
      <Variable name="JOB_ID" type="Integer"/>
      <Variable name="KILLED" type="Boolean"/>
      <Variable name="KILL_ROLE" type="String"/>
      <Variable name="MACRO_OUTPUT" type="Object"/>
      <Variable name="MASTER_CHILD_JOBS" type="Object"/>
      <Variable name="MUTEX" type="Boolean"/>
      <Variable name="NULL" type="Object"/>
      <Variable name="PRIORITY" type="Integer"/>
      <Variable name="RESERVATIONS" type="Object"/>
      <Variable name="RET_TEXT" type="String"/>
      <Variable name="RET_VALUE" type="Integer"/>
      <Variable name="RUNTIME" type="Object"/>
      <Variable name="SCHEDULED_INFO" type="Object"/>
      <Variable name="SERVICE_ID" type="String"/>
      <Variable name="SOLUTION_ETC" type="String"/>
      <Variable name="SOLUTION_NAME" type="String"/>
      <Variable name="SOLUTION_VAR" type="String"/>
      <Variable name="SOR_ID" type="Integer"/>
      <Variable name="START_ROLE" type="String"/>
      <Variable name="START_TIME" type="Integer"/>
      <Variable name="STATUS" type="String"/>
      <Variable name="STEP_NAME" type="String"/>
      <Variable name="SUBSTEP" type="String"/>
      <Variable name="THROW_EXCEP" type="Boolean"/>
      <Variable name="TIMEOUT" type="Boolean"/>
      <Variable name="TRACE_ROLE" type="String"/>
      <Variable name="UNIQUE_WORKFLOW" type="Integer"/>
      <Variable name="VAR" type="String"/>
      <Variable name="WORKFLOW_EXCEPTION" type="Object"/>
      <Variable name="WORKFLOW_EXECUTION_STATUS" type="String"/>
      <Variable name="WORKFLOW_NAME" type="String"/>
      <Variable name="WORKFLOW_ORDER_ID" type="String"/>
      <Variable name="WORKFLOW_STATE" type="String"/>
      <Variable name="WORKFLOW_TYPE" type="String"/>
      <Variable name="WORKFLOW_VERSION" type="Integer"/>
      <Variable name="account_number" type="String"/>
      <Variable name="action_name" type="String"/>
      <Variable name="activation_description" type="String"/>
      <Variable name="activation_major_code" type="Integer"/>
      <Variable name="activation_minor_code" type="Integer"/>
      <Variable name="controller_JOB_ID" type="Integer"/>
      <Variable name="error_handling_obj" type="Object"/>
      <Variable name="fixed_telephone_number_new" type="String"/>
      <Variable name="geographical_location_id" type="String"/>
      <Variable name="message_url" type="String"/>
      <Variable name="mobile_telephone_number_new" type="String"/>
      <Variable name="module_name" type="String"/>
      <Variable name="password_customer" type="String"/>
      <Variable name="service_id_new" type="String"/>
      <Variable name="services_obj" type="Object"/>
      <Variable name="skip_activation" type="Boolean"/>
      <Variable name="wtth_result_code" type="Integer"/>
      <Variable name="wtth_result_code_rb" type="Integer"/>
      <Variable name="wtth_result_desc" type="String"/>
      <Variable name="wtth_result_desc_rb" type="String"/>
   </Case-Packet>
   <Initial-Case-Packet>
      <Variable-Value name="FILE_URL_PREFIX" value="file:///"/>
      <Variable-Value name="SOLUTION_NAME" value="WTTH"/>
      <Variable-Value name="WORKFLOW_NAME" value="WTTH_DELETE_SERVICES"/>
      <Variable-Value name="WORKFLOW_VERSION" value="-1"/>
   </Initial-Case-Packet>
   <Coordinates>
      <Position>
         <Name>Error</Name>
         <X>667</X>
         <Y>506</Y>
         <Width>61</Width>
         <Height>32</Height>
      </Position>
      <Position>
         <Name>IMS</Name>
         <X>573</X>
         <Y>111</Y>
         <Width>61</Width>
         <Height>32</Height>
      </Position>
      <Position>
         <Name>IMS2</Name>
         <X>883</X>
         <Y>228</Y>
         <Width>61</Width>
         <Height>32</Height>
      </Position>
      <Position>
         <Name>IMS3</Name>
         <X>1142</X>
         <Y>394</Y>
         <Width>61</Width>
         <Height>32</Height>
      </Position>
      <Position>
         <Name>IMSDelOK?</Name>
         <X>867</X>
         <Y>266</Y>
         <Width>92</Width>
         <Height>26</Height>
      </Position>
      <Position>
         <Name>IMSDelOK?_</Name>
         <X>1123</X>
         <Y>435</Y>
         <Width>99</Width>
         <Height>26</Height>
      </Position>
      <Position>
         <Name>LockTable1</Name>
         <X>489</X>
         <Y>111</Y>
         <Width>74</Width>
         <Height>32</Height>
      </Position>
      <Position>
         <Name>LogEnd</Name>
         <X>2213</X>
         <Y>111</Y>
         <Width>61</Width>
         <Height>32</Height>
      </Position>
      <Position>
         <Name>LogError</Name>
         <X>667</X>
         <Y>789</Y>
         <Width>61</Width>
         <Height>32</Height>
      </Position>
      <Position>
         <Name>LogStart</Name>
         <X>147</X>
         <Y>111</Y>
         <Width>61</Width>
         <Height>32</Height>
      </Position>
      <Position>
         <Name>NNC</Name>
         <X>764</X>
         <Y>111</Y>
         <Width>61</Width>
         <Height>32</Height>
      </Position>
      <Position>
         <Name>NNCDel1</Name>
         <X>1142</X>
         <Y>287</Y>
         <Width>61</Width>
         <Height>32</Height>
      </Position>
      <Position>
         <Name>NNCDelOK?</Name>
         <X>1125</X>
         <Y>354</Y>
         <Width>94</Width>
         <Height>26</Height>
      </Position>
      <Position>
         <Name>NNCOK?</Name>
         <X>875</X>
         <Y>114</Y>
         <Width>76</Width>
         <Height>26</Height>
      </Position>
      <Position>
         <Name>PutMessage</Name>
         <X>49</X>
         <Y>111</Y>
         <Width>78</Width>
         <Height>32</Height>
      </Position>
      <Position>
         <Name>PutMessage21</Name>
         <X>1973</X>
         <Y>415</Y>
         <Width>92</Width>
         <Height>32</Height>
      </Position>
      <Position>
         <Name>QueryInventory1</Name>
         <X>842</X>
         <Y>561</Y>
         <Width>104</Width>
         <Height>32</Height>
      </Position>
      <Position>
         <Name>QueryInventory11</Name>
         <X>1574</X>
         <Y>457</Y>
         <Width>111</Width>
         <Height>32</Height>
      </Position>
      <Position>
         <Name>SR</Name>
         <X>984</X>
         <Y>111</Y>
         <Width>61</Width>
         <Height>32</Height>
      </Position>
      <Position>
         <Name>SROK?</Name>
         <X>1138</X>
         <Y>114</Y>
         <Width>68</Width>
         <Height>26</Height>
      </Position>
      <Position>
         <Name>UnlockTable1</Name>
         <X>2003</X>
         <Y>111</Y>
         <Width>86</Width>
         <Height>32</Height>
      </Position>
      <Position>
         <Name>UnlockTable11</Name>
         <X>651</X>
         <Y>682</Y>
         <Width>93</Width>
         <Height>32</Height>
      </Position>
      <Position>
         <Name>delete Service</Name>
         <X>1497</X>
         <Y>111</Y>
         <Width>91</Width>
         <Height>32</Height>
      </Position>
      <Position>
         <Name>delete ServiceParam</Name>
         <X>1743</X>
         <Y>111</Y>
         <Width>128</Width>
         <Height>32</Height>
      </Position>
      <Position>
         <Name>delete customer</Name>
         <X>1238</X>
         <Y>111</Y>
         <Width>102</Width>
         <Height>32</Height>
      </Position>
      <Position>
         <Name>deleteOK?</Name>
         <X>1637</X>
         <Y>114</Y>
         <Width>87</Width>
         <Height>26</Height>
      </Position>
      <Position>
         <Name>deleteOK?1</Name>
         <X>1880</X>
         <Y>114</Y>
         <Width>94</Width>
         <Height>26</Height>
      </Position>
      <Position>
         <Name>deleteOK?2</Name>
         <X>1378</X>
         <Y>114</Y>
         <Width>94</Width>
         <Height>26</Height>
      </Position>
      <Position>
         <Name>errorFound?1</Name>
         <X>839</X>
         <Y>610</Y>
         <Width>107</Width>
         <Height>26</Height>
      </Position>
      <Position>
         <Name>errorFound?11</Name>
         <X>1705</X>
         <Y>409</Y>
         <Width>114</Width>
         <Height>26</Height>
      </Position>
      <Position>
         <Name>get Services</Name>
         <X>243</X>
         <Y>111</Y>
         <Width>80</Width>
         <Height>32</Height>
      </Position>
      <Position>
         <Name>imsOK?</Name>
         <X>661</X>
         <Y>114</Y>
         <Width>72</Width>
         <Height>26</Height>
      </Position>
      <Position>
         <Name>mapActionName</Name>
         <X>863</X>
         <Y>149</Y>
         <Width>103</Width>
         <Height>32</Height>
      </Position>
      <Position>
         <Name>mapActionName1</Name>
         <X>1118</X>
         <Y>234</Y>
         <Width>110</Width>
         <Height>32</Height>
      </Position>
      <Position>
         <Name>mapError00</Name>
         <X>2117</X>
         <Y>111</Y>
         <Width>78</Width>
         <Height>32</Height>
      </Position>
      <Position>
         <Name>mapError01</Name>
         <X>658</X>
         <Y>210</Y>
         <Width>78</Width>
         <Height>32</Height>
      </Position>
      <Position>
         <Name>mapError02</Name>
         <X>875</X>
         <Y>306</Y>
         <Width>78</Width>
         <Height>32</Height>
      </Position>
      <Position>
         <Name>mapError03</Name>
         <X>1134</X>
         <Y>470</Y>
         <Width>78</Width>
         <Height>32</Height>
      </Position>
      <Position>
         <Name>mapError04</Name>
         <X>739</X>
         <Y>263</Y>
         <Width>78</Width>
         <Height>32</Height>
      </Position>
      <Position>
         <Name>mapError05</Name>
         <X>875</X>
         <Y>351</Y>
         <Width>78</Width>
         <Height>32</Height>
      </Position>
      <Position>
         <Name>mapError06</Name>
         <X>875</X>
         <Y>432</Y>
         <Width>78</Width>
         <Height>32</Height>
      </Position>
      <Position>
         <Name>mapError07</Name>
         <X>345</X>
         <Y>236</Y>
         <Width>78</Width>
         <Height>32</Height>
      </Position>
      <Position>
         <Name>mapError08</Name>
         <X>1889</X>
         <Y>173</Y>
         <Width>78</Width>
         <Height>32</Height>
      </Position>
      <Position>
         <Name>mapError09</Name>
         <X>1387</X>
         <Y>171</Y>
         <Width>78</Width>
         <Height>32</Height>
      </Position>
      <Position>
         <Name>mapError10</Name>
         <X>1642</X>
         <Y>172</Y>
         <Width>78</Width>
         <Height>32</Height>
      </Position>
      <Position>
         <Name>mapErrorDesc1</Name>
         <X>845</X>
         <Y>647</Y>
         <Width>98</Width>
         <Height>32</Height>
      </Position>
      <Position>
         <Name>mapErrorDesc11</Name>
         <X>1698</X>
         <Y>512</Y>
         <Width>105</Width>
         <Height>32</Height>
      </Position>
      <Position>
         <Name>noMapErrorDesc1</Name>
         <X>1001</X>
         <Y>605</Y>
         <Width>111</Width>
         <Height>32</Height>
      </Position>
      <Position>
         <Name>noMapErrorDesc11</Name>
         <X>1846</X>
         <Y>399</Y>
         <Width>118</Width>
         <Height>32</Height>
      </Position>
      <Position>
         <Name>printError</Name>
         <X>665</X>
         <Y>735</Y>
         <Width>65</Width>
         <Height>32</Height>
      </Position>
      <Position>
         <Name>services?</Name>
         <X>342</X>
         <Y>114</Y>
         <Width>82</Width>
         <Height>26</Height>
      </Position>
      <Arrows>
         <Name>Error</Name>
         <True-Arrow>
            <Type>0</Type>
            <DeltaX>0</DeltaX>
            <DeltaY>0</DeltaY>
         </True-Arrow>
         <False-Arrow>
            <Type>0</Type>
            <DeltaX>0</DeltaX>
            <DeltaY>0</DeltaY>
         </False-Arrow>
      </Arrows>
      <Arrows>
         <Name>IMS</Name>
         <True-Arrow>
            <Type>0</Type>
            <DeltaX>0</DeltaX>
            <DeltaY>0</DeltaY>
         </True-Arrow>
         <False-Arrow>
            <Type>0</Type>
            <DeltaX>0</DeltaX>
            <DeltaY>0</DeltaY>
         </False-Arrow>
      </Arrows>
      <Arrows>
         <Name>IMS2</Name>
         <True-Arrow>
            <Type>0</Type>
            <DeltaX>0</DeltaX>
            <DeltaY>0</DeltaY>
         </True-Arrow>
         <False-Arrow>
            <Type>0</Type>
            <DeltaX>0</DeltaX>
            <DeltaY>0</DeltaY>
         </False-Arrow>
      </Arrows>
      <Arrows>
         <Name>IMS3</Name>
         <True-Arrow>
            <Type>0</Type>
            <DeltaX>0</DeltaX>
            <DeltaY>0</DeltaY>
         </True-Arrow>
         <False-Arrow>
            <Type>0</Type>
            <DeltaX>0</DeltaX>
            <DeltaY>0</DeltaY>
         </False-Arrow>
      </Arrows>
      <Arrows>
         <Name>IMSDelOK?</Name>
         <True-Arrow>
            <Type>0</Type>
            <DeltaX>0</DeltaX>
            <DeltaY>0</DeltaY>
         </True-Arrow>
         <False-Arrow>
            <Type>0</Type>
            <DeltaX>0</DeltaX>
            <DeltaY>0</DeltaY>
         </False-Arrow>
      </Arrows>
      <Arrows>
         <Name>IMSDelOK?_</Name>
         <True-Arrow>
            <Type>0</Type>
            <DeltaX>0</DeltaX>
            <DeltaY>0</DeltaY>
         </True-Arrow>
         <False-Arrow>
            <Type>0</Type>
            <DeltaX>0</DeltaX>
            <DeltaY>0</DeltaY>
         </False-Arrow>
      </Arrows>
      <Arrows>
         <Name>LockTable1</Name>
         <True-Arrow>
            <Type>0</Type>
            <DeltaX>0</DeltaX>
            <DeltaY>0</DeltaY>
         </True-Arrow>
         <False-Arrow>
            <Type>0</Type>
            <DeltaX>0</DeltaX>
            <DeltaY>0</DeltaY>
         </False-Arrow>
      </Arrows>
      <Arrows>
         <Name>LogEnd</Name>
         <True-Arrow>
            <Type>0</Type>
            <DeltaX>0</DeltaX>
            <DeltaY>0</DeltaY>
         </True-Arrow>
         <False-Arrow>
            <Type>0</Type>
            <DeltaX>0</DeltaX>
            <DeltaY>0</DeltaY>
         </False-Arrow>
      </Arrows>
      <Arrows>
         <Name>LogError</Name>
         <True-Arrow>
            <Type>0</Type>
            <DeltaX>0</DeltaX>
            <DeltaY>0</DeltaY>
         </True-Arrow>
         <False-Arrow>
            <Type>0</Type>
            <DeltaX>0</DeltaX>
            <DeltaY>0</DeltaY>
         </False-Arrow>
      </Arrows>
      <Arrows>
         <Name>LogStart</Name>
         <True-Arrow>
            <Type>0</Type>
            <DeltaX>0</DeltaX>
            <DeltaY>0</DeltaY>
         </True-Arrow>
         <False-Arrow>
            <Type>0</Type>
            <DeltaX>0</DeltaX>
            <DeltaY>0</DeltaY>
         </False-Arrow>
      </Arrows>
      <Arrows>
         <Name>NNC</Name>
         <True-Arrow>
            <Type>0</Type>
            <DeltaX>0</DeltaX>
            <DeltaY>0</DeltaY>
         </True-Arrow>
         <False-Arrow>
            <Type>0</Type>
            <DeltaX>0</DeltaX>
            <DeltaY>0</DeltaY>
         </False-Arrow>
      </Arrows>
      <Arrows>
         <Name>NNCDel1</Name>
         <True-Arrow>
            <Type>0</Type>
            <DeltaX>0</DeltaX>
            <DeltaY>0</DeltaY>
         </True-Arrow>
         <False-Arrow>
            <Type>0</Type>
            <DeltaX>0</DeltaX>
            <DeltaY>0</DeltaY>
         </False-Arrow>
      </Arrows>
      <Arrows>
         <Name>NNCDelOK?</Name>
         <True-Arrow>
            <Type>0</Type>
            <DeltaX>0</DeltaX>
            <DeltaY>0</DeltaY>
         </True-Arrow>
         <False-Arrow>
            <Type>0</Type>
            <DeltaX>0</DeltaX>
            <DeltaY>0</DeltaY>
         </False-Arrow>
      </Arrows>
      <Arrows>
         <Name>NNCOK?</Name>
         <True-Arrow>
            <Type>0</Type>
            <DeltaX>0</DeltaX>
            <DeltaY>0</DeltaY>
         </True-Arrow>
         <False-Arrow>
            <Type>0</Type>
            <DeltaX>0</DeltaX>
            <DeltaY>0</DeltaY>
         </False-Arrow>
      </Arrows>
      <Arrows>
         <Name>PutMessage</Name>
         <True-Arrow>
            <Type>0</Type>
            <DeltaX>0</DeltaX>
            <DeltaY>0</DeltaY>
         </True-Arrow>
         <False-Arrow>
            <Type>0</Type>
            <DeltaX>0</DeltaX>
            <DeltaY>0</DeltaY>
         </False-Arrow>
      </Arrows>
      <Arrows>
         <Name>PutMessage21</Name>
         <True-Arrow>
            <Type>0</Type>
            <DeltaX>0</DeltaX>
            <DeltaY>0</DeltaY>
         </True-Arrow>
         <False-Arrow>
            <Type>0</Type>
            <DeltaX>0</DeltaX>
            <DeltaY>0</DeltaY>
         </False-Arrow>
      </Arrows>
      <Arrows>
         <Name>QueryInventory1</Name>
         <True-Arrow>
            <Type>0</Type>
            <DeltaX>0</DeltaX>
            <DeltaY>0</DeltaY>
         </True-Arrow>
         <False-Arrow>
            <Type>0</Type>
            <DeltaX>0</DeltaX>
            <DeltaY>0</DeltaY>
         </False-Arrow>
      </Arrows>
      <Arrows>
         <Name>QueryInventory11</Name>
         <True-Arrow>
            <Type>0</Type>
            <DeltaX>0</DeltaX>
            <DeltaY>0</DeltaY>
         </True-Arrow>
         <False-Arrow>
            <Type>0</Type>
            <DeltaX>0</DeltaX>
            <DeltaY>0</DeltaY>
         </False-Arrow>
      </Arrows>
      <Arrows>
         <Name>SR</Name>
         <True-Arrow>
            <Type>0</Type>
            <DeltaX>0</DeltaX>
            <DeltaY>0</DeltaY>
         </True-Arrow>
         <False-Arrow>
            <Type>0</Type>
            <DeltaX>0</DeltaX>
            <DeltaY>0</DeltaY>
         </False-Arrow>
      </Arrows>
      <Arrows>
         <Name>SROK?</Name>
         <True-Arrow>
            <Type>0</Type>
            <DeltaX>0</DeltaX>
            <DeltaY>0</DeltaY>
         </True-Arrow>
         <False-Arrow>
            <Type>0</Type>
            <DeltaX>0</DeltaX>
            <DeltaY>0</DeltaY>
         </False-Arrow>
      </Arrows>
      <Arrows>
         <Name>UnlockTable1</Name>
         <True-Arrow>
            <Type>0</Type>
            <DeltaX>0</DeltaX>
            <DeltaY>0</DeltaY>
         </True-Arrow>
         <False-Arrow>
            <Type>0</Type>
            <DeltaX>0</DeltaX>
            <DeltaY>0</DeltaY>
         </False-Arrow>
      </Arrows>
      <Arrows>
         <Name>UnlockTable11</Name>
         <True-Arrow>
            <Type>0</Type>
            <DeltaX>0</DeltaX>
            <DeltaY>0</DeltaY>
         </True-Arrow>
         <False-Arrow>
            <Type>0</Type>
            <DeltaX>0</DeltaX>
            <DeltaY>0</DeltaY>
         </False-Arrow>
      </Arrows>
      <Arrows>
         <Name>delete Service</Name>
         <True-Arrow>
            <Type>0</Type>
            <DeltaX>0</DeltaX>
            <DeltaY>0</DeltaY>
         </True-Arrow>
         <False-Arrow>
            <Type>0</Type>
            <DeltaX>0</DeltaX>
            <DeltaY>0</DeltaY>
         </False-Arrow>
      </Arrows>
      <Arrows>
         <Name>delete ServiceParam</Name>
         <True-Arrow>
            <Type>0</Type>
            <DeltaX>0</DeltaX>
            <DeltaY>0</DeltaY>
         </True-Arrow>
         <False-Arrow>
            <Type>0</Type>
            <DeltaX>0</DeltaX>
            <DeltaY>0</DeltaY>
         </False-Arrow>
      </Arrows>
      <Arrows>
         <Name>delete customer</Name>
         <True-Arrow>
            <Type>0</Type>
            <DeltaX>0</DeltaX>
            <DeltaY>0</DeltaY>
         </True-Arrow>
         <False-Arrow>
            <Type>0</Type>
            <DeltaX>0</DeltaX>
            <DeltaY>0</DeltaY>
         </False-Arrow>
      </Arrows>
      <Arrows>
         <Name>deleteOK?</Name>
         <True-Arrow>
            <Type>0</Type>
            <DeltaX>0</DeltaX>
            <DeltaY>0</DeltaY>
         </True-Arrow>
         <False-Arrow>
            <Type>0</Type>
            <DeltaX>0</DeltaX>
            <DeltaY>0</DeltaY>
         </False-Arrow>
      </Arrows>
      <Arrows>
         <Name>deleteOK?1</Name>
         <True-Arrow>
            <Type>0</Type>
            <DeltaX>0</DeltaX>
            <DeltaY>0</DeltaY>
         </True-Arrow>
         <False-Arrow>
            <Type>0</Type>
            <DeltaX>0</DeltaX>
            <DeltaY>0</DeltaY>
         </False-Arrow>
      </Arrows>
      <Arrows>
         <Name>deleteOK?2</Name>
         <True-Arrow>
            <Type>0</Type>
            <DeltaX>0</DeltaX>
            <DeltaY>0</DeltaY>
         </True-Arrow>
         <False-Arrow>
            <Type>0</Type>
            <DeltaX>0</DeltaX>
            <DeltaY>0</DeltaY>
         </False-Arrow>
      </Arrows>
      <Arrows>
         <Name>errorFound?1</Name>
         <True-Arrow>
            <Type>0</Type>
            <DeltaX>0</DeltaX>
            <DeltaY>0</DeltaY>
         </True-Arrow>
         <False-Arrow>
            <Type>0</Type>
            <DeltaX>0</DeltaX>
            <DeltaY>0</DeltaY>
         </False-Arrow>
      </Arrows>
      <Arrows>
         <Name>errorFound?11</Name>
         <True-Arrow>
            <Type>0</Type>
            <DeltaX>0</DeltaX>
            <DeltaY>0</DeltaY>
         </True-Arrow>
         <False-Arrow>
            <Type>0</Type>
            <DeltaX>0</DeltaX>
            <DeltaY>0</DeltaY>
         </False-Arrow>
      </Arrows>
      <Arrows>
         <Name>get Services</Name>
         <True-Arrow>
            <Type>0</Type>
            <DeltaX>0</DeltaX>
            <DeltaY>0</DeltaY>
         </True-Arrow>
         <False-Arrow>
            <Type>0</Type>
            <DeltaX>0</DeltaX>
            <DeltaY>0</DeltaY>
         </False-Arrow>
      </Arrows>
      <Arrows>
         <Name>imsOK?</Name>
         <True-Arrow>
            <Type>0</Type>
            <DeltaX>0</DeltaX>
            <DeltaY>0</DeltaY>
         </True-Arrow>
         <False-Arrow>
            <Type>0</Type>
            <DeltaX>0</DeltaX>
            <DeltaY>0</DeltaY>
         </False-Arrow>
      </Arrows>
      <Arrows>
         <Name>mapActionName</Name>
         <True-Arrow>
            <Type>0</Type>
            <DeltaX>0</DeltaX>
            <DeltaY>0</DeltaY>
         </True-Arrow>
         <False-Arrow>
            <Type>0</Type>
            <DeltaX>0</DeltaX>
            <DeltaY>0</DeltaY>
         </False-Arrow>
      </Arrows>
      <Arrows>
         <Name>mapActionName1</Name>
         <True-Arrow>
            <Type>0</Type>
            <DeltaX>0</DeltaX>
            <DeltaY>0</DeltaY>
         </True-Arrow>
         <False-Arrow>
            <Type>0</Type>
            <DeltaX>0</DeltaX>
            <DeltaY>0</DeltaY>
         </False-Arrow>
      </Arrows>
      <Arrows>
         <Name>mapError00</Name>
         <True-Arrow>
            <Type>0</Type>
            <DeltaX>0</DeltaX>
            <DeltaY>0</DeltaY>
         </True-Arrow>
         <False-Arrow>
            <Type>0</Type>
            <DeltaX>0</DeltaX>
            <DeltaY>0</DeltaY>
         </False-Arrow>
      </Arrows>
      <Arrows>
         <Name>mapError01</Name>
         <True-Arrow>
            <Type>0</Type>
            <DeltaX>0</DeltaX>
            <DeltaY>0</DeltaY>
         </True-Arrow>
         <False-Arrow>
            <Type>0</Type>
            <DeltaX>0</DeltaX>
            <DeltaY>0</DeltaY>
         </False-Arrow>
      </Arrows>
      <Arrows>
         <Name>mapError02</Name>
         <True-Arrow>
            <Type>2</Type>
            <DeltaX>0</DeltaX>
            <DeltaY>0</DeltaY>
         </True-Arrow>
         <False-Arrow>
            <Type>0</Type>
            <DeltaX>0</DeltaX>
            <DeltaY>0</DeltaY>
         </False-Arrow>
      </Arrows>
      <Arrows>
         <Name>mapError03</Name>
         <True-Arrow>
            <Type>2</Type>
            <DeltaX>0</DeltaX>
            <DeltaY>0</DeltaY>
         </True-Arrow>
         <False-Arrow>
            <Type>0</Type>
            <DeltaX>0</DeltaX>
            <DeltaY>0</DeltaY>
         </False-Arrow>
      </Arrows>
      <Arrows>
         <Name>mapError04</Name>
         <True-Arrow>
            <Type>2</Type>
            <DeltaX>0</DeltaX>
            <DeltaY>0</DeltaY>
         </True-Arrow>
         <False-Arrow>
            <Type>0</Type>
            <DeltaX>0</DeltaX>
            <DeltaY>0</DeltaY>
         </False-Arrow>
      </Arrows>
      <Arrows>
         <Name>mapError05</Name>
         <True-Arrow>
            <Type>2</Type>
            <DeltaX>0</DeltaX>
            <DeltaY>0</DeltaY>
         </True-Arrow>
         <False-Arrow>
            <Type>0</Type>
            <DeltaX>0</DeltaX>
            <DeltaY>0</DeltaY>
         </False-Arrow>
      </Arrows>
      <Arrows>
         <Name>mapError06</Name>
         <True-Arrow>
            <Type>2</Type>
            <DeltaX>0</DeltaX>
            <DeltaY>0</DeltaY>
         </True-Arrow>
         <False-Arrow>
            <Type>0</Type>
            <DeltaX>0</DeltaX>
            <DeltaY>0</DeltaY>
         </False-Arrow>
      </Arrows>
      <Arrows>
         <Name>mapError07</Name>
         <True-Arrow>
            <Type>3</Type>
            <DeltaX>0</DeltaX>
            <DeltaY>0</DeltaY>
         </True-Arrow>
         <False-Arrow>
            <Type>0</Type>
            <DeltaX>0</DeltaX>
            <DeltaY>0</DeltaY>
         </False-Arrow>
      </Arrows>
      <Arrows>
         <Name>mapError08</Name>
         <True-Arrow>
            <Type>3</Type>
            <DeltaX>0</DeltaX>
            <DeltaY>0</DeltaY>
         </True-Arrow>
         <False-Arrow>
            <Type>0</Type>
            <DeltaX>0</DeltaX>
            <DeltaY>0</DeltaY>
         </False-Arrow>
      </Arrows>
      <Arrows>
         <Name>mapError09</Name>
         <True-Arrow>
            <Type>3</Type>
            <DeltaX>0</DeltaX>
            <DeltaY>0</DeltaY>
         </True-Arrow>
         <False-Arrow>
            <Type>0</Type>
            <DeltaX>0</DeltaX>
            <DeltaY>0</DeltaY>
         </False-Arrow>
      </Arrows>
      <Arrows>
         <Name>mapError10</Name>
         <True-Arrow>
            <Type>3</Type>
            <DeltaX>0</DeltaX>
            <DeltaY>0</DeltaY>
         </True-Arrow>
         <False-Arrow>
            <Type>0</Type>
            <DeltaX>0</DeltaX>
            <DeltaY>0</DeltaY>
         </False-Arrow>
      </Arrows>
      <Arrows>
         <Name>mapErrorDesc1</Name>
         <True-Arrow>
            <Type>0</Type>
            <DeltaX>0</DeltaX>
            <DeltaY>0</DeltaY>
         </True-Arrow>
         <False-Arrow>
            <Type>0</Type>
            <DeltaX>0</DeltaX>
            <DeltaY>0</DeltaY>
         </False-Arrow>
      </Arrows>
      <Arrows>
         <Name>mapErrorDesc11</Name>
         <True-Arrow>
            <Type>2</Type>
            <DeltaX>0</DeltaX>
            <DeltaY>0</DeltaY>
         </True-Arrow>
         <False-Arrow>
            <Type>0</Type>
            <DeltaX>0</DeltaX>
            <DeltaY>0</DeltaY>
         </False-Arrow>
      </Arrows>
      <Arrows>
         <Name>noMapErrorDesc1</Name>
         <True-Arrow>
            <Type>3</Type>
            <DeltaX>0</DeltaX>
            <DeltaY>0</DeltaY>
         </True-Arrow>
         <False-Arrow>
            <Type>0</Type>
            <DeltaX>0</DeltaX>
            <DeltaY>0</DeltaY>
         </False-Arrow>
      </Arrows>
      <Arrows>
         <Name>noMapErrorDesc11</Name>
         <True-Arrow>
            <Type>0</Type>
            <DeltaX>0</DeltaX>
            <DeltaY>0</DeltaY>
         </True-Arrow>
         <False-Arrow>
            <Type>0</Type>
            <DeltaX>0</DeltaX>
            <DeltaY>0</DeltaY>
         </False-Arrow>
      </Arrows>
      <Arrows>
         <Name>printError</Name>
         <True-Arrow>
            <Type>0</Type>
            <DeltaX>0</DeltaX>
            <DeltaY>0</DeltaY>
         </True-Arrow>
         <False-Arrow>
            <Type>0</Type>
            <DeltaX>0</DeltaX>
            <DeltaY>0</DeltaY>
         </False-Arrow>
      </Arrows>
      <Arrows>
         <Name>services?</Name>
         <True-Arrow>
            <Type>0</Type>
            <DeltaX>0</DeltaX>
            <DeltaY>0</DeltaY>
         </True-Arrow>
         <False-Arrow>
            <Type>0</Type>
            <DeltaX>0</DeltaX>
            <DeltaY>0</DeltaY>
         </False-Arrow>
      </Arrows>
      <State-Circle>
         <Name>UNDEFINED</Name>
         <X>80</X>
         <Y>80</Y>
         <Radius>40</Radius>
         <Color>-16776961</Color>
      </State-Circle>
   </Coordinates>
</Workflow>