<?xml version="1.0" encoding="UTF-8"?>
<!DOCTYPE Workflow SYSTEM "workflow.dtd">

<Workflow Init-On-Startup="false" Unique="false" auditEnabled="true" auditStateChangeEvent="false" autoAuditEnabled="true" disablePersistence="false" statEnabled="true">
   <Name>WTTH_IMS_ACTIVATE-SUSPEND</Name>
   <Solution>WTTH</Solution>
   <Description>Search Credentials for activate SSW</Description>
   <Start-Node>VariableMapper6</Start-Node>
   <Nodes>
      <Process-Node disablePersistence="true">
         <Name>VariableMapper6</Name>
         <Action>
            <Class-Name>com.hp.ov.activator.mwfm.component.builtin.VariableMapper</Class-Name>
            <Param name="action_type" value="IMS"/>
            <Param name="moduleName" value="http_sender_wtth"/>
            <Param name="rollback" value="0"/>
            <Param name="service_id" value="WTH"/>
            <Param name="ssw_id" value="1"/>
         </Action>
         <Next-Node>VariableMapper1</Next-Node>
      </Process-Node>
      <Process-Node disablePersistence="true" inactive="true">
         <Name>VariableMapper1</Name>
         <Action>
            <Class-Name>com.hp.ov.activator.mwfm.component.builtin.VariableMapper</Class-Name>
            <Param name="action_Name" value="REACTIVATE"/>
            <Param name="action_type" value="IMS"/>
            <Param name="moduleName" value="http_sender_wtth"/>
            <Param name="rollback" value="0"/>
            <Param name="service_class" value="WTH"/>
            <Param name="ssw_id" value="1"/>
            <Param name="telephone_number" value="+5717423662"/>
         </Action>
         <Next-Node>PutMessage2</Next-Node>
      </Process-Node>
      <Process-Node inactive="true">
         <Name>PutMessage2</Name>
         <Action>
            <Class-Name>com.hp.ov.activator.mwfm.component.builtin.PutMessage</Class-Name>
            <Param name="message" value="Account_number: %s. Telephone: %s"/>
            <Param name="queue" value="Revisar_aqui"/>
            <Param name="param0" value="account_number"/>
            <Param name="param1" value="telephone_number"/>
         </Action>
         <Next-Node>Equal</Next-Node>
      </Process-Node>
      <Rule-Node disablePersistence="true">
         <Name>Equal</Name>
         <Action>
            <Class-Name>com.hp.ov.activator.mwfm.component.builtin.Equal</Class-Name>
            <Param name="op1" value="action_Name"/>
            <Param name="op2" value="constant:SUSPEND"/>
         </Action>
         <True-Next-Node>VariableMapper</True-Next-Node>
         <False-Next-Node>VariableMapper2</False-Next-Node>
      </Rule-Node>
      <Process-Node disablePersistence="true">
         <Name>VariableMapper</Name>
         <Action>
            <Class-Name>com.hp.ov.activator.mwfm.component.builtin.VariableMapper</Class-Name>
            <Param name="OUTRST_value" value="1"/>
            <Param name="param_table" value="S"/>
         </Action>
         <Next-Node>QueryInventory1</Next-Node>
      </Process-Node>
      <Process-Node>
         <Name>QueryInventory1</Name>
         <Action>
            <Class-Name>com.hp.ov.activator.mwfm.component.builtin.QueryInventory</Class-Name>
            <Param name="bean" value="constant:com.hpe.ov.activator.inventory.ServiceParams"/>
            <Param name="find_by_method" value="constant:findAll"/>
            <Param name="return_array" value="constant:true"/>
            <Param name="variable" value="services_obj"/>
            <Param name="where" value="constant:CUSTOMER_ID = &apos;%s&apos; AND PARAM_VALUE = &apos;%s&apos;"/>
            <Param name="param0" value="account_number"/>
            <Param name="param1" value="telephone_number"/>
         </Action>
         <Next-Node>Equal2</Next-Node>
      </Process-Node>
      <Rule-Node disablePersistence="true">
         <Name>Equal2</Name>
         <Action>
            <Class-Name>com.hp.ov.activator.mwfm.component.builtin.Equal</Class-Name>
            <Param name="op1" value="services_obj#"/>
            <Param name="op2" value="constant:0"/>
         </Action>
         <True-Next-Node>MapSSW9.11122</True-Next-Node>
         <False-Next-Node>SearchZystem11</False-Next-Node>
      </Rule-Node>
      <Process-Node disablePersistence="true">
         <Name>MapSSW9.11122</Name>
         <Description>Map Variables for activate Softswitch</Description>
         <Action>
            <Class-Name>com.hp.ov.activator.mwfm.component.builtin.VariableMapper</Class-Name>
            <Param name="wtth_result_code" value="179"/>
            <Param name="wtth_result_desc" value="UNDO_OK The telephone number and the account number in the database aren´t the same in the request. Please check that telephone number %telephone_number% corresponds to the account number %account_number%."/>
         </Action>
         <Next-Node>DoNothing</Next-Node>
      </Process-Node>
      <Process-Node disablePersistence="true">
         <Name>DoNothing</Name>
         <Action>
            <Class-Name>com.hp.ov.activator.mwfm.component.builtin.DoNothing</Class-Name>
         </Action>
      </Process-Node>
      <Process-Node>
         <Name>SearchZystem11</Name>
         <Description>Search Credentials for activate SSW</Description>
         <Action>
            <Class-Name>com.hp.ov.activator.mwfm.component.builtin.QueryInventory</Class-Name>
            <Param name="bean" value="constant:com.hpe.ov.activator.inventory.NetworkElement"/>
            <Param name="find_by_method" value="constant:findByNetworkelementid"/>
            <Param name="return_array" value="constant:true"/>
            <Param name="variable" value="net_send"/>
            <Param name="key_value0" value="ssw_id"/>
         </Action>
         <Next-Node>Zystem?11</Next-Node>
      </Process-Node>
      <Rule-Node disablePersistence="true">
         <Name>Zystem?11</Name>
         <Description>Params for Activate SSW finded?</Description>
         <Action>
            <Class-Name>com.hp.ov.activator.mwfm.component.builtin.Equal</Class-Name>
            <Param name="op1" value="net_send#"/>
            <Param name="op2" value="constant:0"/>
         </Action>
         <True-Next-Node>MapSSW9.111</True-Next-Node>
         <False-Next-Node>MapSSW1211</False-Next-Node>
      </Rule-Node>
      <Process-Node disablePersistence="true">
         <Name>MapSSW9.111</Name>
         <Description>Map Variables for activate Softswitch</Description>
         <Action>
            <Class-Name>com.hp.ov.activator.mwfm.component.builtin.VariableMapper</Class-Name>
            <Param name="wtth_result_code" value="171"/>
            <Param name="wtth_result_desc" value="UNDO_OK Network element not found for WTTH"/>
         </Action>
         <Next-Node>DoNothing</Next-Node>
      </Process-Node>
      <Process-Node disablePersistence="true">
         <Name>MapSSW1211</Name>
         <Description>Credentials Map</Description>
         <Action>
            <Class-Name>com.hp.ov.activator.mwfm.component.builtin.VariableMapper</Class-Name>
            <Param name="authurl" value="ims.claro.com.co"/>
            <Param name="password_enc" value="%net_send[0].password%"/>
            <Param name="user" value="%net_send[0].userName%"/>
         </Action>
         <Next-Node>Decrypt11</Next-Node>
      </Process-Node>
      <Process-Node disablePersistence="true">
         <Name>Decrypt11</Name>
         <Action>
            <Class-Name>com.hp.ov.activator.mwfm.component.builtin.Decrypt</Class-Name>
            <Param name="decrypted_text" value="passwd"/>
            <Param name="encrypted_text" value="password_enc"/>
         </Action>
         <Next-Node>PutMessage111</Next-Node>
      </Process-Node>
      <Process-Node inactive="true">
         <Name>PutMessage111</Name>
         <Action>
            <Class-Name>com.hp.ov.activator.mwfm.component.builtin.PutMessage</Class-Name>
            <Param name="message" value="contraseña : %s"/>
            <Param name="queue" value="passwordsito"/>
            <Param name="param0" value="passwd"/>
         </Action>
         <Next-Node>QueryMap11</Next-Node>
      </Process-Node>
      <Process-Node>
         <Name>QueryMap11</Name>
         <Description>Query to mapping plugins and templates</Description>
         <Action>
            <Class-Name>com.hp.ov.activator.mwfm.component.builtin.QueryInventory</Class-Name>
            <Param name="bean" value="constant:com.hpe.ov.activator.inventory.ActionTemplates"/>
            <Param name="find_by_method" value="constant:findAll"/>
            <Param name="return_array" value="constant:true"/>
            <Param name="variable" value="template_obj"/>
            <Param name="where" value="constant:service = &apos;%s&apos; and ACTION_NAME = &apos;%s&apos;"/>
            <Param name="param0" value="action_type"/>
            <Param name="param1" value="action_Name"/>
         </Action>
         <Next-Node>Equal21</Next-Node>
      </Process-Node>
      <Rule-Node disablePersistence="true">
         <Name>Equal21</Name>
         <Action>
            <Class-Name>com.hp.ov.activator.mwfm.component.builtin.Equal</Class-Name>
            <Param name="op1" value="template_obj"/>
            <Param name="op2" value="constant:0"/>
         </Action>
         <True-Next-Node>MapSSW9.1111</True-Next-Node>
         <False-Next-Node>VariableMapper51</False-Next-Node>
      </Rule-Node>
      <Process-Node disablePersistence="true">
         <Name>MapSSW9.1111</Name>
         <Description>Map Variables for activate Softswitch</Description>
         <Action>
            <Class-Name>com.hp.ov.activator.mwfm.component.builtin.VariableMapper</Class-Name>
            <Param name="wtth_result_code" value="172"/>
            <Param name="wtth_result_desc" value="UNDO_OK Template not found for %action_Name%"/>
         </Action>
         <Next-Node>DoNothing</Next-Node>
      </Process-Node>
      <Process-Node disablePersistence="true">
         <Name>VariableMapper51</Name>
         <Action>
            <Class-Name>com.hp.ov.activator.mwfm.component.builtin.VariableMapper</Class-Name>
            <Param name="authurl" value="ims.claro.com.co"/>
            <Param name="password" value="%passwd%"/>
            <Param name="telephone_full" value="%telephone_number%"/>
            <Param name="username" value="%net_send[0].userName%"/>
         </Action>
         <Next-Node>PutMessage131</Next-Node>
      </Process-Node>
      <Process-Node inactive="true">
         <Name>PutMessage131</Name>
         <Action>
            <Class-Name>com.hp.ov.activator.mwfm.component.builtin.PutMessage</Class-Name>
            <Param name="message" value="Objetos: %s. Template: %s"/>
            <Param name="queue" value="exito_methods"/>
            <Param name="param0" value="methods_obj#"/>
            <Param name="param1" value="template_obj[0].templateName"/>
         </Action>
         <Next-Node>VariableMapper41</Next-Node>
      </Process-Node>
      <Process-Node disablePersistence="true">
         <Name>VariableMapper41</Name>
         <Action>
            <Class-Name>com.hp.ov.activator.mwfm.component.builtin.VariableMapper</Class-Name>
            <Param name="which_xml" value="%template_obj[0].templateName%"/>
         </Action>
         <Next-Node>VariableMapper31</Next-Node>
      </Process-Node>
      <Process-Node disablePersistence="true">
         <Name>VariableMapper31</Name>
         <Action>
            <Class-Name>com.hp.ov.activator.mwfm.component.builtin.VariableMapper</Class-Name>
            <Param name="xsl_template" value="%FILE_URL_PREFIX%%SOLUTION_ETC%/template_files/%template_obj[0].templateName%.xsl"/>
         </Action>
         <Next-Node>PutMessage41</Next-Node>
      </Process-Node>
      <Process-Node inactive="true">
         <Name>PutMessage41</Name>
         <Action>
            <Class-Name>com.hp.ov.activator.mwfm.component.builtin.PutMessage</Class-Name>
            <Param name="message" value="which: %s method_counter: %s"/>
            <Param name="queue" value="which_one"/>
            <Param name="param0" value="which_xml"/>
            <Param name="param1" value="method_counter"/>
         </Action>
         <Next-Node>TransformXML1</Next-Node>
      </Process-Node>
      <Process-Node disablePersistence="true">
         <Name>TransformXML1</Name>
         <Action>
            <Class-Name>com.hp.ov.activator.mwfm.component.builtin.TransformXML</Class-Name>
            <Param name="output_var" value="output_result"/>
            <Param name="use_solution_dir" value="constant:false"/>
            <Param name="xsl_url" value="xsl_template"/>
         </Action>
         <Next-Node>Log</Next-Node>
      </Process-Node>
      <Process-Node>
         <Name>Log</Name>
         <Action>
            <Class-Name>com.hp.ov.activator.mwfm.component.builtin.Log</Class-Name>
            <Param name="component_name" value="variable:WORKFLOW_NAME"/>
            <Param name="log_level" value="INFORMATIVE"/>
            <Param name="log_manager" value="WTTH_log_manager"/>
            <Param name="log_message" value="XML Enviado: %s"/>
            <Param name="param0" value="output_result"/>
         </Action>
         <Next-Node>HTTPRequest11</Next-Node>
      </Process-Node>
      <Process-Node>
         <Name>HTTPRequest11</Name>
         <Action>
            <Class-Name>com.hp.ov.activator.mwfm.component.builtin.HTTPRequest</Class-Name>
            <Param name="module" value="moduleName"/>
            <Param name="request" value="output_result"/>
            <Param name="request_type" value="constant:POST"/>
            <Param name="response" value="ws_response"/>
            <Param name="throw_excep" value="constant:false"/>
         </Action>
         <Next-Node>SSW Available11</Next-Node>
      </Process-Node>
      <Rule-Node disablePersistence="true">
         <Name>SSW Available11</Name>
         <Action>
            <Class-Name>com.hp.ov.activator.mwfm.component.builtin.Equal</Class-Name>
            <Param name="op1" value="RET_VALUE"/>
            <Param name="op2" value="constant:0"/>
         </Action>
         <True-Next-Node>Log1</True-Next-Node>
         <False-Next-Node>MapSSW9.1112</False-Next-Node>
      </Rule-Node>
      <Process-Node>
         <Name>Log1</Name>
         <Action>
            <Class-Name>com.hp.ov.activator.mwfm.component.builtin.Log</Class-Name>
            <Param name="component_name" value="variable:WORKFLOW_NAME"/>
            <Param name="log_level" value="INFORMATIVE"/>
            <Param name="log_manager" value="WTTH_log_manager"/>
            <Param name="log_message" value="XML Respuesta: %s"/>
            <Param name="param0" value="ws_response"/>
         </Action>
         <Next-Node>MapResult211</Next-Node>
      </Process-Node>
      <Process-Node disablePersistence="true">
         <Name>MapResult211</Name>
         <Action>
            <Class-Name>com.hp.ov.activator.mwfm.component.builtin.VariableMapper</Class-Name>
            <Param name="last_result_code" value="/SOAP-ENV:Envelope/SOAP-ENV:Body/m:MOD_SBRResponse/m:Result/m:ResultCode"/>
            <Param name="last_result_desc" value="/SOAP-ENV:Envelope/SOAP-ENV:Body/m:MOD_SBRResponse/m:Result/m:ResultDesc"/>
         </Action>
         <Next-Node>XMLMapper111</Next-Node>
      </Process-Node>
      <Process-Node disablePersistence="true">
         <Name>XMLMapper111</Name>
         <Action>
            <Class-Name>com.hp.ov.activator.mwfm.component.builtin.XMLMapper</Class-Name>
            <Param name="fault_code" value="/SOAP-ENV:Envelope/SOAP-ENV:Body/SOAP-ENV:Fault/faultcode"/>
            <Param name="fault_string" value="/SOAP-ENV:Envelope/SOAP-ENV:Body/SOAP-ENV:Fault/faultstring"/>
            <Param name="ignore_missing_tags" value="true"/>
            <Param name="result_code" value="last_result_code"/>
            <Param name="result_desc" value="last_result_desc"/>
            <Param name="validate" value="false"/>
            <Param name="xml_var" value="ws_response"/>
         </Action>
         <Next-Node>Log11</Next-Node>
      </Process-Node>
      <Process-Node>
         <Name>Log11</Name>
         <Action>
            <Class-Name>com.hp.ov.activator.mwfm.component.builtin.Log</Class-Name>
            <Param name="component_name" value="variable:WORKFLOW_NAME"/>
            <Param name="log_level" value="INFORMATIVE"/>
            <Param name="log_manager" value="WTTH_log_manager"/>
            <Param name="log_message" value="ResultCode: %s, ResultDesc: %s"/>
            <Param name="param0" value="result_code"/>
            <Param name="param1" value="result_desc"/>
         </Action>
         <Next-Node>Equal51</Next-Node>
      </Process-Node>
      <Rule-Node disablePersistence="true">
         <Name>Equal51</Name>
         <Action>
            <Class-Name>com.hp.ov.activator.mwfm.component.builtin.Equal</Class-Name>
            <Param name="op1" value="result_code"/>
            <Param name="op2" value="constant:"/>
         </Action>
         <True-Next-Node>VariableMapper81</True-Next-Node>
         <False-Next-Node>MapDataOK?11</False-Next-Node>
      </Rule-Node>
      <Process-Node disablePersistence="true">
         <Name>VariableMapper81</Name>
         <Action>
            <Class-Name>com.hp.ov.activator.mwfm.component.builtin.VariableMapper</Class-Name>
            <Param name="result_code" value="%fault_code%"/>
            <Param name="result_desc" value="%fault_string%"/>
         </Action>
         <Next-Node>PutMessage161</Next-Node>
      </Process-Node>
      <Process-Node inactive="true">
         <Name>PutMessage161</Name>
         <Action>
            <Class-Name>com.hp.ov.activator.mwfm.component.builtin.PutMessage</Class-Name>
            <Param name="message" value="Hubo un error al enviar el comando. %s ----- %s"/>
            <Param name="queue" value="SSW_WTTH"/>
            <Param name="param0" value="result_code"/>
            <Param name="param1" value="result_desc"/>
         </Action>
         <Next-Node>VariableMapper5</Next-Node>
      </Process-Node>
      <Process-Node disablePersistence="true">
         <Name>VariableMapper5</Name>
         <Action>
            <Class-Name>com.hp.ov.activator.mwfm.component.builtin.VariableMapper</Class-Name>
            <Param name="wtth_result_code" value="%result_code%"/>
            <Param name="wtth_result_desc" value="%result_desc%"/>
         </Action>
         <Next-Node>MapSSW9.11121</Next-Node>
      </Process-Node>
      <Process-Node disablePersistence="true" inactive="true">
         <Name>MapSSW9.11121</Name>
         <Description>Map Variables for activate Softswitch</Description>
         <Action>
            <Class-Name>com.hp.ov.activator.mwfm.component.builtin.VariableMapper</Class-Name>
            <Param name="wtth_result_desc" value="UNDO_NO_OK %wtth_result_desc%"/>
         </Action>
         <Next-Node>DoNothing</Next-Node>
      </Process-Node>
      <Rule-Node disablePersistence="true">
         <Name>MapDataOK?11</Name>
         <Description>result code = 0?</Description>
         <Action>
            <Class-Name>com.hp.ov.activator.mwfm.component.builtin.Equal</Class-Name>
            <Param name="op1" value="result_code"/>
            <Param name="op2" value="constant:0"/>
         </Action>
         <True-Next-Node>ExecSQLStatement</True-Next-Node>
         <False-Next-Node>PutMessage161</False-Next-Node>
      </Rule-Node>
      <Process-Node>
         <Name>ExecSQLStatement</Name>
         <Action>
            <Class-Name>com.hp.ov.activator.mwfm.component.builtin.ExecSQLStatement</Class-Name>
            <Param name="statement" value="UPDATE GENSERV_SERVICES SET ACCOUNT_STATUS = ? WHERE SERVICE_ID = ? AND CUSTOMER_ID = ?"/>
            <Param name="throw_excep" value="constant:false"/>
            <Param name="param0" value="param_table"/>
            <Param name="param1" value="service_id"/>
            <Param name="param2" value="account_number"/>
         </Action>
         <Next-Node>Log111</Next-Node>
      </Process-Node>
      <Process-Node>
         <Name>Log111</Name>
         <Action>
            <Class-Name>com.hp.ov.activator.mwfm.component.builtin.Log</Class-Name>
            <Param name="component_name" value="variable:WORKFLOW_NAME"/>
            <Param name="log_level" value="INFORMATIVE"/>
            <Param name="log_manager" value="WTTH_log_manager"/>
            <Param name="log_message" value="Modification Successfully. Cause: %s"/>
            <Param name="param0" value="result_desc"/>
         </Action>
         <Next-Node>MapSSW9.11</Next-Node>
      </Process-Node>
      <Process-Node disablePersistence="true">
         <Name>MapSSW9.11</Name>
         <Description>Map Variables for activate Softswitch</Description>
         <Action>
            <Class-Name>com.hp.ov.activator.mwfm.component.builtin.VariableMapper</Class-Name>
            <Param name="wtth_result_code" value="0"/>
            <Param name="wtth_result_desc" value="DO_%action_Name% Successfully!!!"/>
         </Action>
         <Next-Node>Log2.11</Next-Node>
      </Process-Node>
      <Process-Node inactive="true">
         <Name>Log2.11</Name>
         <Action>
            <Class-Name>com.hp.ov.activator.mwfm.component.builtin.Log</Class-Name>
            <Param name="component_name" value="variable:SOLUTION_NAME"/>
            <Param name="log_level" value="INFORMATIVE"/>
            <Param name="log_manager" value="Docsis_log_manager"/>
            <Param name="log_message" value="Information: Result Code: %s"/>
            <Param name="param0" value="docsis_result_code"/>
         </Action>
         <Next-Node>DoNothing11</Next-Node>
      </Process-Node>
      <Process-Node disablePersistence="true">
         <Name>DoNothing11</Name>
         <Action>
            <Class-Name>com.hp.ov.activator.mwfm.component.builtin.DoNothing</Class-Name>
         </Action>
         <Next-Node>EndWorkFlowTime11</Next-Node>
      </Process-Node>
      <Process-Node disablePersistence="true">
         <Name>EndWorkFlowTime11</Name>
         <Action>
            <Class-Name>com.hp.ov.activator.mwfm.component.builtin.DateConverter</Class-Name>
            <Param name="in_current_time" value="0"/>
            <Param name="result" value="end_wf_time"/>
            <Param name="return_date_millis" value="0"/>
         </Action>
         <Next-Node>Assign21</Next-Node>
      </Process-Node>
      <Process-Node disablePersistence="true">
         <Name>Assign21</Name>
         <Action>
            <Class-Name>com.hp.ov.activator.mwfm.component.builtin.Assign</Class-Name>
            <Param name="value" value="end_wf_time"/>
            <Param name="variable" value="end_wf_millis"/>
         </Action>
         <Next-Node>Multiply11</Next-Node>
      </Process-Node>
      <Process-Node disablePersistence="true">
         <Name>Multiply11</Name>
         <Action>
            <Class-Name>com.hp.ov.activator.mwfm.component.builtin.Multiply</Class-Name>
            <Param name="op0" value="difference_start_end_time"/>
            <Param name="op1" value="START_TIME"/>
         </Action>
         <Next-Node>Add11</Next-Node>
      </Process-Node>
      <Process-Node disablePersistence="true">
         <Name>Add11</Name>
         <Action>
            <Class-Name>com.hp.ov.activator.mwfm.component.builtin.Add</Class-Name>
            <Param name="op0" value="difference_start_end_time"/>
            <Param name="op1" value="end_wf_millis"/>
         </Action>
         <Next-Node>Log12</Next-Node>
      </Process-Node>
      <Process-Node>
         <Name>Log12</Name>
         <Action>
            <Class-Name>com.hp.ov.activator.mwfm.component.builtin.Log</Class-Name>
            <Param name="component_name" value="variable:WORKFLOW_NAME"/>
            <Param name="log_level" value="INFORMATIVE"/>
            <Param name="log_manager" value="WTTH_log_manager"/>
            <Param name="log_message" value="Transaction SUSPEND IMS full time: %s"/>
            <Param name="param0" value="difference_start_end_time"/>
         </Action>
      </Process-Node>
      <Process-Node disablePersistence="true">
         <Name>MapSSW9.1112</Name>
         <Description>Map Variables for activate Softswitch</Description>
         <Action>
            <Class-Name>com.hp.ov.activator.mwfm.component.builtin.VariableMapper</Class-Name>
            <Param name="wtth_result_code" value="173"/>
            <Param name="wtth_result_desc" value="UNDO_OK No conection for %moduleName%"/>
         </Action>
         <Next-Node>DoNothing</Next-Node>
      </Process-Node>
      <Process-Node disablePersistence="true">
         <Name>VariableMapper2</Name>
         <Action>
            <Class-Name>com.hp.ov.activator.mwfm.component.builtin.VariableMapper</Class-Name>
            <Param name="OUTRST_value" value="0"/>
            <Param name="param_table" value="0"/>
         </Action>
         <Next-Node>QueryInventory1</Next-Node>
      </Process-Node>
      <Process-Node>
         <Name>MsgHTTP11</Name>
         <Description>Message to Activate Softswitch</Description>
         <Action>
            <Class-Name>com.hp.ov.activator.mwfm.component.builtin.PutMessage</Class-Name>
            <Param name="message" value="%s - XML Respuesta: %s"/>
            <Param name="queue" value="SSW_WTTH"/>
            <Param name="param0" value="account_number"/>
            <Param name="param1" value="ws_response"/>
         </Action>
         <Next-Node>MapResult211</Next-Node>
      </Process-Node>
      <Process-Node>
         <Name>MsgSSW1511</Name>
         <Description>Message to Activate Softswitch</Description>
         <Action>
            <Class-Name>com.hp.ov.activator.mwfm.component.builtin.PutMessage</Class-Name>
            <Param name="message" value="%s - ResultCode: %s, ResultDesc: %s"/>
            <Param name="queue" value="SSW_WTTH"/>
            <Param name="param0" value="account_number"/>
            <Param name="param1" value="result_code"/>
            <Param name="param2" value="result_desc"/>
         </Action>
         <Next-Node>Equal51</Next-Node>
      </Process-Node>
      <Process-Node>
         <Name>MsgSSW711</Name>
         <Description>Message to Activate Softswitch</Description>
         <Action>
            <Class-Name>com.hp.ov.activator.mwfm.component.builtin.PutMessage</Class-Name>
            <Param name="message" value="Activation Successfully. Cause: %s"/>
            <Param name="queue" value="SSW_WTTH"/>
            <Param name="param0" value="result_code"/>
         </Action>
         <Next-Node>MapSSW9.11</Next-Node>
      </Process-Node>
      <Process-Node>
         <Name>MsgXML11</Name>
         <Description>Message to Activate Softswitch</Description>
         <Action>
            <Class-Name>com.hp.ov.activator.mwfm.component.builtin.PutMessage</Class-Name>
            <Param name="message" value="XML Enviado: %s"/>
            <Param name="queue" value="SSW_WTTH"/>
            <Param name="param0" value="output_result"/>
         </Action>
         <Next-Node>HTTPRequest11</Next-Node>
      </Process-Node>
      <Process-Node>
         <Name>PutMessage</Name>
         <Action>
            <Class-Name>com.hp.ov.activator.mwfm.component.builtin.PutMessage</Class-Name>
            <Param name="message" value="Actualizar: service_id: %s. account_number: %s. param_table: %s"/>
            <Param name="queue" value="Actualizar"/>
            <Param name="param0" value="service_id"/>
            <Param name="param1" value="account_number"/>
            <Param name="param2" value="param_table"/>
         </Action>
         <Next-Node>ExecSQLStatement</Next-Node>
      </Process-Node>
   </Nodes>
   <Error-Handler>
      <Name>SyncHandler</Name>
      <Class-Name>com.hp.ov.activator.mwfm.component.builtin.SyncHandler</Class-Name>
      <Param name="job_id" value="controller_JOB_ID"/>
      <Param name="queue" value="constant:controller_queue"/>
      <Param name="variable0" value="wtth_result_code"/>
      <Param name="variable1" value="wtth_result_desc"/>
   </Error-Handler>
   <End-Handler>
      <Name>SyncHandler1</Name>
      <Class-Name>com.hp.ov.activator.mwfm.component.builtin.SyncHandler</Class-Name>
      <Param name="job_id" value="controller_JOB_ID"/>
      <Param name="queue" value="constant:controller_queue"/>
      <Param name="variable0" value="wtth_result_code"/>
      <Param name="variable1" value="wtth_result_desc"/>
   </End-Handler>
   <Case-Packet>
      <Variable name="ANNOTATION" type="String"/>
      <Variable name="BREAK_POINT" type="String"/>
      <Variable name="DEFAULT_ROLE" type="String"/>
      <Variable name="EMPTY_STRING" type="String"/>
      <Variable name="ETC" type="String"/>
      <Variable name="EX_STEP_NAME" type="String"/>
      <Variable name="FILE_URL_PREFIX" type="String"/>
      <Variable name="HOST_NAME" type="String"/>
      <Variable name="JOB_ID" type="Integer"/>
      <Variable name="KILLED" type="Boolean"/>
      <Variable name="KILL_ROLE" type="String"/>
      <Variable name="MACRO_OUTPUT" type="Object"/>
      <Variable name="MASTER_CHILD_JOBS" type="Object"/>
      <Variable name="MUTEX" type="Boolean"/>
      <Variable name="NULL" type="Object"/>
      <Variable name="OUTRST_value" type="String"/>
      <Variable name="PRIORITY" type="Integer"/>
      <Variable name="RESERVATIONS" type="Object"/>
      <Variable name="RET_TEXT" type="String"/>
      <Variable name="RET_VALUE" type="Integer"/>
      <Variable name="RUNTIME" type="Object"/>
      <Variable name="SCHEDULED_INFO" type="Object"/>
      <Variable name="SERVICE_ID" type="String"/>
      <Variable name="SOLUTION_ETC" type="String"/>
      <Variable name="SOLUTION_NAME" type="String"/>
      <Variable name="SOLUTION_VAR" type="String"/>
      <Variable name="SOR_ID" type="Integer"/>
      <Variable name="START_ROLE" type="String"/>
      <Variable name="START_TIME" type="Integer"/>
      <Variable name="STATUS" type="String"/>
      <Variable name="STEP_NAME" type="String"/>
      <Variable name="SUBSTEP" type="String"/>
      <Variable name="THROW_EXCEP" type="Boolean"/>
      <Variable name="TIMEOUT" type="Boolean"/>
      <Variable name="TRACE_ROLE" type="String"/>
      <Variable name="UNIQUE_WORKFLOW" type="Integer"/>
      <Variable name="VAR" type="String"/>
      <Variable name="WORKFLOW_EXCEPTION" type="Object"/>
      <Variable name="WORKFLOW_EXECUTION_STATUS" type="String"/>
      <Variable name="WORKFLOW_NAME" type="String"/>
      <Variable name="WORKFLOW_ORDER_ID" type="String"/>
      <Variable name="WORKFLOW_STATE" type="String"/>
      <Variable name="WORKFLOW_TYPE" type="String"/>
      <Variable name="WORKFLOW_VERSION" type="Integer"/>
      <Variable name="account_number" type="String"/>
      <Variable name="action_Name" type="String"/>
      <Variable name="action_type" type="String"/>
      <Variable name="activate_JOB_ID" type="String"/>
      <Variable name="activation_description" type="String"/>
      <Variable name="activation_major_code" type="Integer"/>
      <Variable name="activation_minor_code" type="Integer"/>
      <Variable name="authurl" type="String"/>
      <Variable name="controller_JOB_ID" type="Integer"/>
      <Variable name="difference_start_end_time" type="Integer"/>
      <Variable name="docsis_result_code" type="String"/>
      <Variable name="end_wf_millis" type="Integer"/>
      <Variable name="end_wf_time" type="String"/>
      <Variable name="fault_code" type="String"/>
      <Variable name="fault_string" type="String"/>
      <Variable name="last_result_code" type="String"/>
      <Variable name="last_result_desc" type="String"/>
      <Variable name="message_url" type="String"/>
      <Variable name="method_counter" type="Integer"/>
      <Variable name="moduleName" type="String"/>
      <Variable name="module_name" type="String"/>
      <Variable name="net_send" type="Object"/>
      <Variable name="output_result" type="String"/>
      <Variable name="outr" type="String"/>
      <Variable name="param_table" type="String"/>
      <Variable name="passwd" type="String"/>
      <Variable name="password" type="String"/>
      <Variable name="password_enc" type="String"/>
      <Variable name="result_code" type="String"/>
      <Variable name="result_desc" type="String"/>
      <Variable name="rollback" type="String"/>
      <Variable name="service_class" type="String"/>
      <Variable name="service_id" type="String"/>
      <Variable name="services_JOB_ID" type="String"/>
      <Variable name="services_obj" type="Object"/>
      <Variable name="skip_activation" type="Boolean"/>
      <Variable name="ssw_id" type="String"/>
      <Variable name="telephone_full" type="String"/>
      <Variable name="telephone_number" type="String"/>
      <Variable name="template_obj" type="Object"/>
      <Variable name="user" type="String"/>
      <Variable name="username" type="String"/>
      <Variable name="validate_result" type="String"/>
      <Variable name="which_xml" type="String"/>
      <Variable name="ws_response" type="String"/>
      <Variable name="wtth_result_code" type="String"/>
      <Variable name="wtth_result_desc" type="String"/>
      <Variable name="xsl_template" type="String"/>
   </Case-Packet>
   <Initial-Case-Packet>
      <Variable-Value name="FILE_URL_PREFIX" value="file:///"/>
      <Variable-Value name="SOLUTION_NAME" value="WTTH"/>
      <Variable-Value name="WORKFLOW_NAME" value="WTTH_IMS_ACTIVATE-SUSPEND"/>
      <Variable-Value name="WORKFLOW_VERSION" value="-1"/>
      <Variable-Value name="difference_start_end_time" value="-1"/>
   </Initial-Case-Packet>
   <Coordinates>
      <Position>
         <Name>Add11</Name>
         <X>839</X>
         <Y>747</Y>
         <Width>61</Width>
         <Height>48</Height>
      </Position>
      <Position>
         <Name>Assign21</Name>
         <X>728</X>
         <Y>669</Y>
         <Width>61</Width>
         <Height>48</Height>
      </Position>
      <Position>
         <Name>Decrypt11</Name>
         <X>1057</X>
         <Y>76</Y>
         <Width>61</Width>
         <Height>48</Height>
      </Position>
      <Position>
         <Name>DoNothing</Name>
         <X>445</X>
         <Y>253</Y>
         <Width>61</Width>
         <Height>48</Height>
      </Position>
      <Position>
         <Name>DoNothing11</Name>
         <X>594</X>
         <Y>676</Y>
         <Width>72</Width>
         <Height>48</Height>
      </Position>
      <Position>
         <Name>EndWorkFlowTime11</Name>
         <X>706</X>
         <Y>751</Y>
         <Width>109</Width>
         <Height>48</Height>
      </Position>
      <Position>
         <Name>Equal</Name>
         <X>226</X>
         <Y>21</Y>
         <Width>56</Width>
         <Height>24</Height>
      </Position>
      <Position>
         <Name>Equal2</Name>
         <X>502</X>
         <Y>24</Y>
         <Width>62</Width>
         <Height>24</Height>
      </Position>
      <Position>
         <Name>Equal21</Name>
         <X>617</X>
         <Y>265</Y>
         <Width>68</Width>
         <Height>24</Height>
      </Position>
      <Position>
         <Name>Equal51</Name>
         <X>235</X>
         <Y>541</Y>
         <Width>68</Width>
         <Height>24</Height>
      </Position>
      <Position>
         <Name>ExecSQLStatement</Name>
         <X>204</X>
         <Y>674</Y>
         <Width>102</Width>
         <Height>48</Height>
      </Position>
      <Position>
         <Name>HTTPRequest11</Name>
         <X>703</X>
         <Y>488</Y>
         <Width>87</Width>
         <Height>48</Height>
      </Position>
      <Position>
         <Name>Log</Name>
         <X>817</X>
         <Y>552</Y>
         <Width>61</Width>
         <Height>48</Height>
      </Position>
      <Position>
         <Name>Log1</Name>
         <X>600</X>
         <Y>574</Y>
         <Width>61</Width>
         <Height>48</Height>
      </Position>
      <Position>
         <Name>Log11</Name>
         <X>390</X>
         <Y>523</Y>
         <Width>61</Width>
         <Height>48</Height>
      </Position>
      <Position>
         <Name>Log111</Name>
         <X>327</X>
         <Y>671</Y>
         <Width>61</Width>
         <Height>48</Height>
      </Position>
      <Position>
         <Name>Log12</Name>
         <X>838</X>
         <Y>822</Y>
         <Width>61</Width>
         <Height>48</Height>
      </Position>
      <Position>
         <Name>Log2.11</Name>
         <X>496</X>
         <Y>669</Y>
         <Width>61</Width>
         <Height>48</Height>
      </Position>
      <Position>
         <Name>MapDataOK?11</Name>
         <X>113</X>
         <Y>593</Y>
         <Width>104</Width>
         <Height>24</Height>
      </Position>
      <Position>
         <Name>MapResult211</Name>
         <X>492</X>
         <Y>579</Y>
         <Width>78</Width>
         <Height>48</Height>
      </Position>
      <Position>
         <Name>MapSSW1211</Name>
         <X>940</X>
         <Y>76</Y>
         <Width>76</Width>
         <Height>48</Height>
      </Position>
      <Position>
         <Name>MapSSW9.11</Name>
         <X>399</X>
         <Y>671</Y>
         <Width>74</Width>
         <Height>48</Height>
      </Position>
      <Position>
         <Name>MapSSW9.111</Name>
         <X>796</X>
         <Y>145</Y>
         <Width>80</Width>
         <Height>48</Height>
      </Position>
      <Position>
         <Name>MapSSW9.1111</Name>
         <X>522</X>
         <Y>205</Y>
         <Width>86</Width>
         <Height>48</Height>
      </Position>
      <Position>
         <Name>MapSSW9.1112</Name>
         <X>432</X>
         <Y>419</Y>
         <Width>86</Width>
         <Height>48</Height>
      </Position>
      <Position>
         <Name>MapSSW9.11121</Name>
         <X>248</X>
         <Y>390</Y>
         <Width>92</Width>
         <Height>48</Height>
      </Position>
      <Position>
         <Name>MapSSW9.11122</Name>
         <X>490</X>
         <Y>77</Y>
         <Width>92</Width>
         <Height>48</Height>
      </Position>
      <Position>
         <Name>MsgHTTP11</Name>
         <X>740</X>
         <Y>600</Y>
         <Width>66</Width>
         <Height>48</Height>
      </Position>
      <Position>
         <Name>MsgSSW1511</Name>
         <X>339</X>
         <Y>447</Y>
         <Width>75</Width>
         <Height>48</Height>
      </Position>
      <Position>
         <Name>MsgSSW711</Name>
         <X>307</X>
         <Y>595</Y>
         <Width>69</Width>
         <Height>48</Height>
      </Position>
      <Position>
         <Name>MsgXML11</Name>
         <X>813</X>
         <Y>488</Y>
         <Width>61</Width>
         <Height>48</Height>
      </Position>
      <Position>
         <Name>Multiply11</Name>
         <X>834</X>
         <Y>669</Y>
         <Width>61</Width>
         <Height>48</Height>
      </Position>
      <Position>
         <Name>PutMessage</Name>
         <X>17</X>
         <Y>591</Y>
         <Width>68</Width>
         <Height>48</Height>
      </Position>
      <Position>
         <Name>PutMessage111</Name>
         <X>955</X>
         <Y>170</Y>
         <Width>86</Width>
         <Height>48</Height>
      </Position>
      <Position>
         <Name>PutMessage131</Name>
         <X>522</X>
         <Y>383</Y>
         <Width>86</Width>
         <Height>48</Height>
      </Position>
      <Position>
         <Name>PutMessage161</Name>
         <X>122</X>
         <Y>461</Y>
         <Width>86</Width>
         <Height>48</Height>
      </Position>
      <Position>
         <Name>PutMessage2</Name>
         <X>129</X>
         <Y>12</Y>
         <Width>74</Width>
         <Height>48</Height>
      </Position>
      <Position>
         <Name>PutMessage41</Name>
         <X>923</X>
         <Y>383</Y>
         <Width>80</Width>
         <Height>48</Height>
      </Position>
      <Position>
         <Name>QueryInventory1</Name>
         <X>396</X>
         <Y>13</Y>
         <Width>94</Width>
         <Height>48</Height>
      </Position>
      <Position>
         <Name>QueryMap11</Name>
         <X>713</X>
         <Y>253</Y>
         <Width>72</Width>
         <Height>48</Height>
      </Position>
      <Position>
         <Name>SSW Available11</Name>
         <X>567</X>
         <Y>500</Y>
         <Width>110</Width>
         <Height>24</Height>
      </Position>
      <Position>
         <Name>SearchZystem11</Name>
         <X>736</X>
         <Y>15</Y>
         <Width>90</Width>
         <Height>48</Height>
      </Position>
      <Position>
         <Name>TransformXML1</Name>
         <X>921</X>
         <Y>488</Y>
         <Width>84</Width>
         <Height>48</Height>
      </Position>
      <Position>
         <Name>VariableMapper</Name>
         <X>213</X>
         <Y>73</Y>
         <Width>84</Width>
         <Height>48</Height>
      </Position>
      <Position>
         <Name>VariableMapper1</Name>
         <X>15</X>
         <Y>12</Y>
         <Width>90</Width>
         <Height>48</Height>
      </Position>
      <Position>
         <Name>VariableMapper2</Name>
         <X>293</X>
         <Y>10</Y>
         <Width>90</Width>
         <Height>48</Height>
      </Position>
      <Position>
         <Name>VariableMapper31</Name>
         <X>795</X>
         <Y>383</Y>
         <Width>96</Width>
         <Height>48</Height>
      </Position>
      <Position>
         <Name>VariableMapper41</Name>
         <X>685</X>
         <Y>383</Y>
         <Width>96</Width>
         <Height>48</Height>
      </Position>
      <Position>
         <Name>VariableMapper5</Name>
         <X>123</X>
         <Y>388</Y>
         <Width>90</Width>
         <Height>48</Height>
      </Position>
      <Position>
         <Name>VariableMapper51</Name>
         <X>517</X>
         <Y>310</Y>
         <Width>96</Width>
         <Height>48</Height>
      </Position>
      <Position>
         <Name>VariableMapper6</Name>
         <X>23</X>
         <Y>90</Y>
         <Width>90</Width>
         <Height>48</Height>
      </Position>
      <Position>
         <Name>VariableMapper81</Name>
         <X>221</X>
         <Y>461</Y>
         <Width>96</Width>
         <Height>48</Height>
      </Position>
      <Position>
         <Name>XMLMapper111</Name>
         <X>393</X>
         <Y>584</Y>
         <Width>83</Width>
         <Height>48</Height>
      </Position>
      <Position>
         <Name>Zystem?11</Name>
         <X>795</X>
         <Y>88</Y>
         <Width>82</Width>
         <Height>24</Height>
      </Position>
      <Arrows>
         <Name>Add11</Name>
         <True-Arrow>
            <Type>0</Type>
            <DeltaX>0</DeltaX>
            <DeltaY>0</DeltaY>
         </True-Arrow>
         <False-Arrow>
            <Type>0</Type>
            <DeltaX>0</DeltaX>
            <DeltaY>0</DeltaY>
         </False-Arrow>
      </Arrows>
      <Arrows>
         <Name>Assign21</Name>
         <True-Arrow>
            <Type>0</Type>
            <DeltaX>0</DeltaX>
            <DeltaY>0</DeltaY>
         </True-Arrow>
         <False-Arrow>
            <Type>0</Type>
            <DeltaX>0</DeltaX>
            <DeltaY>0</DeltaY>
         </False-Arrow>
      </Arrows>
      <Arrows>
         <Name>Decrypt11</Name>
         <True-Arrow>
            <Type>3</Type>
            <DeltaX>0</DeltaX>
            <DeltaY>0</DeltaY>
         </True-Arrow>
         <False-Arrow>
            <Type>0</Type>
            <DeltaX>0</DeltaX>
            <DeltaY>0</DeltaY>
         </False-Arrow>
      </Arrows>
      <Arrows>
         <Name>DoNothing</Name>
         <True-Arrow>
            <Type>0</Type>
            <DeltaX>0</DeltaX>
            <DeltaY>0</DeltaY>
         </True-Arrow>
         <False-Arrow>
            <Type>0</Type>
            <DeltaX>0</DeltaX>
            <DeltaY>0</DeltaY>
         </False-Arrow>
      </Arrows>
      <Arrows>
         <Name>DoNothing11</Name>
         <True-Arrow>
            <Type>0</Type>
            <DeltaX>0</DeltaX>
            <DeltaY>0</DeltaY>
         </True-Arrow>
         <False-Arrow>
            <Type>0</Type>
            <DeltaX>0</DeltaX>
            <DeltaY>0</DeltaY>
         </False-Arrow>
      </Arrows>
      <Arrows>
         <Name>EndWorkFlowTime11</Name>
         <True-Arrow>
            <Type>0</Type>
            <DeltaX>0</DeltaX>
            <DeltaY>0</DeltaY>
         </True-Arrow>
         <False-Arrow>
            <Type>0</Type>
            <DeltaX>0</DeltaX>
            <DeltaY>0</DeltaY>
         </False-Arrow>
      </Arrows>
      <Arrows>
         <Name>Equal</Name>
         <True-Arrow>
            <Type>0</Type>
            <DeltaX>0</DeltaX>
            <DeltaY>0</DeltaY>
         </True-Arrow>
         <False-Arrow>
            <Type>0</Type>
            <DeltaX>0</DeltaX>
            <DeltaY>0</DeltaY>
         </False-Arrow>
      </Arrows>
      <Arrows>
         <Name>Equal2</Name>
         <True-Arrow>
            <Type>0</Type>
            <DeltaX>0</DeltaX>
            <DeltaY>0</DeltaY>
         </True-Arrow>
         <False-Arrow>
            <Type>0</Type>
            <DeltaX>0</DeltaX>
            <DeltaY>0</DeltaY>
         </False-Arrow>
      </Arrows>
      <Arrows>
         <Name>Equal21</Name>
         <True-Arrow>
            <Type>2</Type>
            <DeltaX>0</DeltaX>
            <DeltaY>0</DeltaY>
         </True-Arrow>
         <False-Arrow>
            <Type>2</Type>
            <DeltaX>0</DeltaX>
            <DeltaY>0</DeltaY>
         </False-Arrow>
      </Arrows>
      <Arrows>
         <Name>Equal51</Name>
         <True-Arrow>
            <Type>0</Type>
            <DeltaX>0</DeltaX>
            <DeltaY>0</DeltaY>
         </True-Arrow>
         <False-Arrow>
            <Type>2</Type>
            <DeltaX>0</DeltaX>
            <DeltaY>0</DeltaY>
         </False-Arrow>
      </Arrows>
      <Arrows>
         <Name>ExecSQLStatement</Name>
         <True-Arrow>
            <Type>0</Type>
            <DeltaX>0</DeltaX>
            <DeltaY>0</DeltaY>
         </True-Arrow>
         <False-Arrow>
            <Type>0</Type>
            <DeltaX>0</DeltaX>
            <DeltaY>0</DeltaY>
         </False-Arrow>
      </Arrows>
      <Arrows>
         <Name>HTTPRequest11</Name>
         <True-Arrow>
            <Type>0</Type>
            <DeltaX>0</DeltaX>
            <DeltaY>0</DeltaY>
         </True-Arrow>
         <False-Arrow>
            <Type>0</Type>
            <DeltaX>0</DeltaX>
            <DeltaY>0</DeltaY>
         </False-Arrow>
      </Arrows>
      <Arrows>
         <Name>Log</Name>
         <True-Arrow>
            <Type>0</Type>
            <DeltaX>0</DeltaX>
            <DeltaY>0</DeltaY>
         </True-Arrow>
         <False-Arrow>
            <Type>0</Type>
            <DeltaX>0</DeltaX>
            <DeltaY>0</DeltaY>
         </False-Arrow>
      </Arrows>
      <Arrows>
         <Name>Log1</Name>
         <True-Arrow>
            <Type>0</Type>
            <DeltaX>0</DeltaX>
            <DeltaY>0</DeltaY>
         </True-Arrow>
         <False-Arrow>
            <Type>0</Type>
            <DeltaX>0</DeltaX>
            <DeltaY>0</DeltaY>
         </False-Arrow>
      </Arrows>
      <Arrows>
         <Name>Log11</Name>
         <True-Arrow>
            <Type>0</Type>
            <DeltaX>0</DeltaX>
            <DeltaY>0</DeltaY>
         </True-Arrow>
         <False-Arrow>
            <Type>0</Type>
            <DeltaX>0</DeltaX>
            <DeltaY>0</DeltaY>
         </False-Arrow>
      </Arrows>
      <Arrows>
         <Name>Log111</Name>
         <True-Arrow>
            <Type>0</Type>
            <DeltaX>0</DeltaX>
            <DeltaY>0</DeltaY>
         </True-Arrow>
         <False-Arrow>
            <Type>0</Type>
            <DeltaX>0</DeltaX>
            <DeltaY>0</DeltaY>
         </False-Arrow>
      </Arrows>
      <Arrows>
         <Name>Log12</Name>
         <True-Arrow>
            <Type>0</Type>
            <DeltaX>0</DeltaX>
            <DeltaY>0</DeltaY>
         </True-Arrow>
         <False-Arrow>
            <Type>0</Type>
            <DeltaX>0</DeltaX>
            <DeltaY>0</DeltaY>
         </False-Arrow>
      </Arrows>
      <Arrows>
         <Name>Log2.11</Name>
         <True-Arrow>
            <Type>0</Type>
            <DeltaX>0</DeltaX>
            <DeltaY>0</DeltaY>
         </True-Arrow>
         <False-Arrow>
            <Type>0</Type>
            <DeltaX>0</DeltaX>
            <DeltaY>0</DeltaY>
         </False-Arrow>
      </Arrows>
      <Arrows>
         <Name>MapDataOK?11</Name>
         <True-Arrow>
            <Type>0</Type>
            <DeltaX>0</DeltaX>
            <DeltaY>0</DeltaY>
         </True-Arrow>
         <False-Arrow>
            <Type>0</Type>
            <DeltaX>0</DeltaX>
            <DeltaY>0</DeltaY>
         </False-Arrow>
      </Arrows>
      <Arrows>
         <Name>MapResult211</Name>
         <True-Arrow>
            <Type>0</Type>
            <DeltaX>0</DeltaX>
            <DeltaY>0</DeltaY>
         </True-Arrow>
         <False-Arrow>
            <Type>0</Type>
            <DeltaX>0</DeltaX>
            <DeltaY>0</DeltaY>
         </False-Arrow>
      </Arrows>
      <Arrows>
         <Name>MapSSW1211</Name>
         <True-Arrow>
            <Type>0</Type>
            <DeltaX>0</DeltaX>
            <DeltaY>0</DeltaY>
         </True-Arrow>
         <False-Arrow>
            <Type>0</Type>
            <DeltaX>0</DeltaX>
            <DeltaY>0</DeltaY>
         </False-Arrow>
      </Arrows>
      <Arrows>
         <Name>MapSSW9.11</Name>
         <True-Arrow>
            <Type>0</Type>
            <DeltaX>0</DeltaX>
            <DeltaY>0</DeltaY>
         </True-Arrow>
         <False-Arrow>
            <Type>0</Type>
            <DeltaX>0</DeltaX>
            <DeltaY>0</DeltaY>
         </False-Arrow>
      </Arrows>
      <Arrows>
         <Name>MapSSW9.111</Name>
         <True-Arrow>
            <Type>2</Type>
            <DeltaX>0</DeltaX>
            <DeltaY>0</DeltaY>
         </True-Arrow>
         <False-Arrow>
            <Type>0</Type>
            <DeltaX>0</DeltaX>
            <DeltaY>0</DeltaY>
         </False-Arrow>
      </Arrows>
      <Arrows>
         <Name>MapSSW9.1111</Name>
         <True-Arrow>
            <Type>2</Type>
            <DeltaX>0</DeltaX>
            <DeltaY>0</DeltaY>
         </True-Arrow>
         <False-Arrow>
            <Type>0</Type>
            <DeltaX>0</DeltaX>
            <DeltaY>0</DeltaY>
         </False-Arrow>
      </Arrows>
      <Arrows>
         <Name>MapSSW9.1112</Name>
         <True-Arrow>
            <Type>0</Type>
            <DeltaX>0</DeltaX>
            <DeltaY>0</DeltaY>
         </True-Arrow>
         <False-Arrow>
            <Type>0</Type>
            <DeltaX>0</DeltaX>
            <DeltaY>0</DeltaY>
         </False-Arrow>
      </Arrows>
      <Arrows>
         <Name>MapSSW9.11121</Name>
         <True-Arrow>
            <Type>3</Type>
            <DeltaX>0</DeltaX>
            <DeltaY>0</DeltaY>
         </True-Arrow>
         <False-Arrow>
            <Type>0</Type>
            <DeltaX>0</DeltaX>
            <DeltaY>0</DeltaY>
         </False-Arrow>
      </Arrows>
      <Arrows>
         <Name>MapSSW9.11122</Name>
         <True-Arrow>
            <Type>0</Type>
            <DeltaX>0</DeltaX>
            <DeltaY>0</DeltaY>
         </True-Arrow>
         <False-Arrow>
            <Type>0</Type>
            <DeltaX>0</DeltaX>
            <DeltaY>0</DeltaY>
         </False-Arrow>
      </Arrows>
      <Arrows>
         <Name>MsgHTTP11</Name>
         <True-Arrow>
            <Type>0</Type>
            <DeltaX>0</DeltaX>
            <DeltaY>0</DeltaY>
         </True-Arrow>
         <False-Arrow>
            <Type>0</Type>
            <DeltaX>0</DeltaX>
            <DeltaY>0</DeltaY>
         </False-Arrow>
      </Arrows>
      <Arrows>
         <Name>MsgSSW1511</Name>
         <True-Arrow>
            <Type>0</Type>
            <DeltaX>0</DeltaX>
            <DeltaY>0</DeltaY>
         </True-Arrow>
         <False-Arrow>
            <Type>0</Type>
            <DeltaX>0</DeltaX>
            <DeltaY>0</DeltaY>
         </False-Arrow>
      </Arrows>
      <Arrows>
         <Name>MsgSSW711</Name>
         <True-Arrow>
            <Type>0</Type>
            <DeltaX>0</DeltaX>
            <DeltaY>0</DeltaY>
         </True-Arrow>
         <False-Arrow>
            <Type>0</Type>
            <DeltaX>0</DeltaX>
            <DeltaY>0</DeltaY>
         </False-Arrow>
      </Arrows>
      <Arrows>
         <Name>MsgXML11</Name>
         <True-Arrow>
            <Type>0</Type>
            <DeltaX>0</DeltaX>
            <DeltaY>0</DeltaY>
         </True-Arrow>
         <False-Arrow>
            <Type>0</Type>
            <DeltaX>0</DeltaX>
            <DeltaY>0</DeltaY>
         </False-Arrow>
      </Arrows>
      <Arrows>
         <Name>Multiply11</Name>
         <True-Arrow>
            <Type>0</Type>
            <DeltaX>0</DeltaX>
            <DeltaY>0</DeltaY>
         </True-Arrow>
         <False-Arrow>
            <Type>0</Type>
            <DeltaX>0</DeltaX>
            <DeltaY>0</DeltaY>
         </False-Arrow>
      </Arrows>
      <Arrows>
         <Name>PutMessage</Name>
         <True-Arrow>
            <Type>0</Type>
            <DeltaX>0</DeltaX>
            <DeltaY>0</DeltaY>
         </True-Arrow>
         <False-Arrow>
            <Type>0</Type>
            <DeltaX>0</DeltaX>
            <DeltaY>0</DeltaY>
         </False-Arrow>
      </Arrows>
      <Arrows>
         <Name>PutMessage111</Name>
         <True-Arrow>
            <Type>3</Type>
            <DeltaX>0</DeltaX>
            <DeltaY>0</DeltaY>
         </True-Arrow>
         <False-Arrow>
            <Type>0</Type>
            <DeltaX>0</DeltaX>
            <DeltaY>0</DeltaY>
         </False-Arrow>
      </Arrows>
      <Arrows>
         <Name>PutMessage131</Name>
         <True-Arrow>
            <Type>0</Type>
            <DeltaX>0</DeltaX>
            <DeltaY>0</DeltaY>
         </True-Arrow>
         <False-Arrow>
            <Type>0</Type>
            <DeltaX>0</DeltaX>
            <DeltaY>0</DeltaY>
         </False-Arrow>
      </Arrows>
      <Arrows>
         <Name>PutMessage161</Name>
         <True-Arrow>
            <Type>0</Type>
            <DeltaX>0</DeltaX>
            <DeltaY>0</DeltaY>
         </True-Arrow>
         <False-Arrow>
            <Type>0</Type>
            <DeltaX>0</DeltaX>
            <DeltaY>0</DeltaY>
         </False-Arrow>
      </Arrows>
      <Arrows>
         <Name>PutMessage2</Name>
         <True-Arrow>
            <Type>0</Type>
            <DeltaX>0</DeltaX>
            <DeltaY>0</DeltaY>
         </True-Arrow>
         <False-Arrow>
            <Type>0</Type>
            <DeltaX>0</DeltaX>
            <DeltaY>0</DeltaY>
         </False-Arrow>
      </Arrows>
      <Arrows>
         <Name>PutMessage41</Name>
         <True-Arrow>
            <Type>0</Type>
            <DeltaX>0</DeltaX>
            <DeltaY>0</DeltaY>
         </True-Arrow>
         <False-Arrow>
            <Type>0</Type>
            <DeltaX>0</DeltaX>
            <DeltaY>0</DeltaY>
         </False-Arrow>
      </Arrows>
      <Arrows>
         <Name>QueryInventory1</Name>
         <True-Arrow>
            <Type>0</Type>
            <DeltaX>0</DeltaX>
            <DeltaY>0</DeltaY>
         </True-Arrow>
         <False-Arrow>
            <Type>0</Type>
            <DeltaX>0</DeltaX>
            <DeltaY>0</DeltaY>
         </False-Arrow>
      </Arrows>
      <Arrows>
         <Name>QueryMap11</Name>
         <True-Arrow>
            <Type>0</Type>
            <DeltaX>0</DeltaX>
            <DeltaY>0</DeltaY>
         </True-Arrow>
         <False-Arrow>
            <Type>0</Type>
            <DeltaX>0</DeltaX>
            <DeltaY>0</DeltaY>
         </False-Arrow>
      </Arrows>
      <Arrows>
         <Name>SSW Available11</Name>
         <True-Arrow>
            <Type>0</Type>
            <DeltaX>0</DeltaX>
            <DeltaY>0</DeltaY>
         </True-Arrow>
         <False-Arrow>
            <Type>2</Type>
            <DeltaX>0</DeltaX>
            <DeltaY>0</DeltaY>
         </False-Arrow>
      </Arrows>
      <Arrows>
         <Name>SearchZystem11</Name>
         <True-Arrow>
            <Type>2</Type>
            <DeltaX>0</DeltaX>
            <DeltaY>0</DeltaY>
         </True-Arrow>
         <False-Arrow>
            <Type>0</Type>
            <DeltaX>0</DeltaX>
            <DeltaY>0</DeltaY>
         </False-Arrow>
      </Arrows>
      <Arrows>
         <Name>TransformXML1</Name>
         <True-Arrow>
            <Type>0</Type>
            <DeltaX>0</DeltaX>
            <DeltaY>0</DeltaY>
         </True-Arrow>
         <False-Arrow>
            <Type>0</Type>
            <DeltaX>0</DeltaX>
            <DeltaY>0</DeltaY>
         </False-Arrow>
      </Arrows>
      <Arrows>
         <Name>VariableMapper</Name>
         <True-Arrow>
            <Type>2</Type>
            <DeltaX>0</DeltaX>
            <DeltaY>0</DeltaY>
         </True-Arrow>
         <False-Arrow>
            <Type>0</Type>
            <DeltaX>0</DeltaX>
            <DeltaY>0</DeltaY>
         </False-Arrow>
      </Arrows>
      <Arrows>
         <Name>VariableMapper1</Name>
         <True-Arrow>
            <Type>0</Type>
            <DeltaX>0</DeltaX>
            <DeltaY>0</DeltaY>
         </True-Arrow>
         <False-Arrow>
            <Type>0</Type>
            <DeltaX>0</DeltaX>
            <DeltaY>0</DeltaY>
         </False-Arrow>
      </Arrows>
      <Arrows>
         <Name>VariableMapper2</Name>
         <True-Arrow>
            <Type>0</Type>
            <DeltaX>0</DeltaX>
            <DeltaY>0</DeltaY>
         </True-Arrow>
         <False-Arrow>
            <Type>0</Type>
            <DeltaX>0</DeltaX>
            <DeltaY>0</DeltaY>
         </False-Arrow>
      </Arrows>
      <Arrows>
         <Name>VariableMapper31</Name>
         <True-Arrow>
            <Type>0</Type>
            <DeltaX>0</DeltaX>
            <DeltaY>0</DeltaY>
         </True-Arrow>
         <False-Arrow>
            <Type>0</Type>
            <DeltaX>0</DeltaX>
            <DeltaY>0</DeltaY>
         </False-Arrow>
      </Arrows>
      <Arrows>
         <Name>VariableMapper41</Name>
         <True-Arrow>
            <Type>0</Type>
            <DeltaX>0</DeltaX>
            <DeltaY>0</DeltaY>
         </True-Arrow>
         <False-Arrow>
            <Type>0</Type>
            <DeltaX>0</DeltaX>
            <DeltaY>0</DeltaY>
         </False-Arrow>
      </Arrows>
      <Arrows>
         <Name>VariableMapper5</Name>
         <True-Arrow>
            <Type>0</Type>
            <DeltaX>0</DeltaX>
            <DeltaY>0</DeltaY>
         </True-Arrow>
         <False-Arrow>
            <Type>0</Type>
            <DeltaX>0</DeltaX>
            <DeltaY>0</DeltaY>
         </False-Arrow>
      </Arrows>
      <Arrows>
         <Name>VariableMapper51</Name>
         <True-Arrow>
            <Type>0</Type>
            <DeltaX>0</DeltaX>
            <DeltaY>0</DeltaY>
         </True-Arrow>
         <False-Arrow>
            <Type>0</Type>
            <DeltaX>0</DeltaX>
            <DeltaY>0</DeltaY>
         </False-Arrow>
      </Arrows>
      <Arrows>
         <Name>VariableMapper6</Name>
         <True-Arrow>
            <Type>0</Type>
            <DeltaX>0</DeltaX>
            <DeltaY>0</DeltaY>
         </True-Arrow>
         <False-Arrow>
            <Type>0</Type>
            <DeltaX>0</DeltaX>
            <DeltaY>0</DeltaY>
         </False-Arrow>
      </Arrows>
      <Arrows>
         <Name>VariableMapper81</Name>
         <True-Arrow>
            <Type>0</Type>
            <DeltaX>0</DeltaX>
            <DeltaY>0</DeltaY>
         </True-Arrow>
         <False-Arrow>
            <Type>0</Type>
            <DeltaX>0</DeltaX>
            <DeltaY>0</DeltaY>
         </False-Arrow>
      </Arrows>
      <Arrows>
         <Name>XMLMapper111</Name>
         <True-Arrow>
            <Type>0</Type>
            <DeltaX>0</DeltaX>
            <DeltaY>0</DeltaY>
         </True-Arrow>
         <False-Arrow>
            <Type>0</Type>
            <DeltaX>0</DeltaX>
            <DeltaY>0</DeltaY>
         </False-Arrow>
      </Arrows>
      <Arrows>
         <Name>Zystem?11</Name>
         <True-Arrow>
            <Type>0</Type>
            <DeltaX>-181</DeltaX>
            <DeltaY>97</DeltaY>
         </True-Arrow>
         <False-Arrow>
            <Type>0</Type>
            <DeltaX>0</DeltaX>
            <DeltaY>0</DeltaY>
         </False-Arrow>
      </Arrows>
   </Coordinates>
</Workflow>