<?xml version="1.0" encoding="UTF-8"?>
<!DOCTYPE Workflow SYSTEM "workflow.dtd">

<Workflow Init-On-Startup="false" Unique="false" auditEnabled="true" auditStateChangeEvent="false" autoAuditEnabled="true" disablePersistence="false" statEnabled="true">
   <Name>WTTH_ACT_CALL_FEATURES</Name>
   <Solution>WTTH</Solution>
   <Description>Get Code City of Telephone Number</Description>
   <Start-Node>VariableMapper21</Start-Node>
   <Nodes>
      <Process-Node disablePersistence="true">
         <Name>VariableMapper21</Name>
         <Action>
            <Class-Name>com.hp.ov.activator.mwfm.component.builtin.VariableMapper</Class-Name>
            <Param name="action_type" value="IMS"/>
            <Param name="message_url" value="file:C:\HP\OpenView\ServiceActivator\solutions\WTTH\etc\template_files\call_features_example.xml"/>
            <Param name="moduleName" value="http_sender_wtth"/>
            <Param name="ssw_id" value="1"/>
            <Param name="template_type" value="ACT"/>
         </Action>
         <Next-Node>Log</Next-Node>
      </Process-Node>
      <Process-Node>
         <Name>Log</Name>
         <Action>
            <Class-Name>com.hp.ov.activator.mwfm.component.builtin.Log</Class-Name>
            <Param name="component_name" value="variable:WORKFLOW_NAME"/>
            <Param name="log_level" value="INFORMATIVE"/>
            <Param name="log_manager" value="WTTH_log_manager"/>
            <Param name="log_message" value="XML - Message: %s"/>
            <Param name="param0" value="xml_message"/>
         </Action>
         <Next-Node>Java2</Next-Node>
      </Process-Node>
      <Process-Node>
         <Name>Java2</Name>
         <Action>
            <Class-Name>com.hp.ov.activator.mwfm.component.builtin.JavaNode</Class-Name>
            <Param name="javafile" value="constant:check_telephone_call_features.jtp"/>
            <Param name="method" value="constant:validateNumber"/>
            <Param name="output_var" value="valido"/>
            <Param name="strict_scope" value="false"/>
            <Param name="use_solution_dir" value="constant:true"/>
            <Param name="arg0" value="telephone_number"/>
         </Action>
         <Next-Node>IsTrue</Next-Node>
      </Process-Node>
      <Rule-Node disablePersistence="true">
         <Name>IsTrue</Name>
         <Action>
            <Class-Name>com.hp.ov.activator.mwfm.component.builtin.IsTrue</Class-Name>
            <Param name="op1" value="valido"/>
         </Action>
         <True-Next-Node>NumberTelephone11</True-Next-Node>
         <False-Next-Node>Log2</False-Next-Node>
      </Rule-Node>
      <Process-Node disablePersistence="true">
         <Name>NumberTelephone11</Name>
         <Description>Get only the Telephone Number</Description>
         <Action>
            <Class-Name>com.hp.ov.activator.mwfm.component.builtin.JavaNode</Class-Name>
            <Param name="in_scope" value="telephone_number"/>
            <Param name="javacode" value="constant:public String toTelephone() {return telephone_number.substring(7);}"/>
            <Param name="method" value="constant:toTelephone"/>
            <Param name="output_var" value="COP_value"/>
         </Action>
         <Next-Node>Switch2</Next-Node>
      </Process-Node>
      <Switch-Node disablePersistence="true">
         <Name>Switch2</Name>
         <Action>
            <Class-Name>com.hp.ov.activator.mwfm.component.builtin.SwitchCase</Class-Name>
            <Param name="key" value="feature_code"/>
            <Param name="case0" value="constant:CALL_BARRING"/>
            <Param name="case1" value="constant:CfCFBL"/>
            <Param name="case2" value="constant:CfCFDA"/>
            <Param name="case3" value="constant:CfCFV"/>
            <Param name="case4" value="constant:CfCIDB"/>
            <Param name="case5" value="constant:CfCLI"/>
            <Param name="case6" value="constant:CfDRCW"/>
            <Param name="case7" value="constant:CfSCA"/>
            <Param name="case8" value="constant:CfSCF"/>
            <Param name="case9" value="constant:CfSCR"/>
            <Param name="case10" value="constant:CfSPCALL"/>
            <Param name="case11" value="constant:CfWL"/>
         </Action>
         <Switch name="case0">VariableMapper8</Switch>
         <Switch name="case1">VariableMapper9</Switch>
         <Switch name="case2">VariableMapper11</Switch>
         <Switch name="case3">VariableMapper10</Switch>
         <Switch name="case4">VariableMapper12</Switch>
         <Switch name="case5">VariableMapper13</Switch>
         <Switch name="case6">VariableMapper14</Switch>
         <Switch name="case7">VariableMapper15</Switch>
         <Switch name="case8">VariableMapper16</Switch>
         <Switch name="case9">VariableMapper15</Switch>
         <Switch name="case10">VariableMapper17</Switch>
         <Switch name="case11">VariableMapper18</Switch>
         <Default>VariableMapper7</Default>
      </Switch-Node>
      <Process-Node>
         <Name>Log2</Name>
         <Action>
            <Class-Name>com.hp.ov.activator.mwfm.component.builtin.Log</Class-Name>
            <Param name="component_name" value="variable:WORKFLOW_NAME"/>
            <Param name="log_level" value="ERROR"/>
            <Param name="log_manager" value="WTTH_log_manager"/>
            <Param name="log_message" value="No se pudo crear el CF: %s por que el número enviado esta incorrecto. Teléfono: %s"/>
            <Param name="param0" value="feature_code"/>
            <Param name="param1" value="telephone_number"/>
         </Action>
      </Process-Node>
      <Process-Node disablePersistence="true">
         <Name>Add1</Name>
         <Action>
            <Class-Name>com.hp.ov.activator.mwfm.component.builtin.Add</Class-Name>
            <Param name="op0" value="method_counter_call"/>
            <Param name="op1" value="constant:1"/>
         </Action>
      </Process-Node>
      <Process-Node disablePersistence="true">
         <Name>Add11</Name>
         <Action>
            <Class-Name>com.hp.ov.activator.mwfm.component.builtin.Add</Class-Name>
            <Param name="op0" value="method_counter_modsbr"/>
            <Param name="op1" value="constant:1"/>
         </Action>
         <Next-Node>JavaRule</Next-Node>
      </Process-Node>
      <Rule-Node disablePersistence="true">
         <Name>Equal</Name>
         <Action>
            <Class-Name>com.hp.ov.activator.mwfm.component.builtin.Equal</Class-Name>
            <Param name="op1" value="aditional_info"/>
            <Param name="op2" value="constant:"/>
         </Action>
         <True-Next-Node>PutMessage</True-Next-Node>
         <False-Next-Node>PutMessage6</False-Next-Node>
      </Rule-Node>
      <Rule-Node disablePersistence="true">
         <Name>Equal51</Name>
         <Description>quite el result_code</Description>
         <Action>
            <Class-Name>com.hp.ov.activator.mwfm.component.builtin.Equal</Class-Name>
            <Param name="op1" value="result_code"/>
            <Param name="op2" value="constant:"/>
         </Action>
         <True-Next-Node>VariableMapper81</True-Next-Node>
         <False-Next-Node>MapDataOK?11</False-Next-Node>
      </Rule-Node>
      <Rule-Node disablePersistence="true">
         <Name>Equal511</Name>
         <Description>quite el result_code</Description>
         <Action>
            <Class-Name>com.hp.ov.activator.mwfm.component.builtin.Equal</Class-Name>
            <Param name="op1" value="result_code"/>
            <Param name="op2" value="constant:"/>
         </Action>
         <True-Next-Node>VariableMapper811</True-Next-Node>
         <False-Next-Node>MapDataOK?111</False-Next-Node>
      </Rule-Node>
      <Rule-Node>
         <Name>ForEach</Name>
         <Action>
            <Class-Name>com.hp.ov.activator.mwfm.component.builtin.ForEach</Class-Name>
            <Param name="element" value="aditional_element"/>
            <Param name="list" value="aditional_info"/>
            <Param name="remaining" value="aditional_info_remaining"/>
            <Param name="separator" value=";"/>
         </Action>
         <True-Next-Node>VariableMapper4</True-Next-Node>
         <False-Next-Node>PutMessage4</False-Next-Node>
      </Rule-Node>
      <Process-Node>
         <Name>GenericJavaHashMap1</Name>
         <Action>
            <Class-Name>com.hp.ov.activator.custom.node.GenericJavaHashMap</Class-Name>
            <Param name="hpsa_context" value="params_val"/>
            <Param name="operation" value="constant:put"/>
            <Param name="key0" value="aditional_val[0]"/>
            <Param name="result0" value="params_val"/>
            <Param name="value0" value="aditional_val[1]"/>
         </Action>
         <Next-Node>ForEach</Next-Node>
      </Process-Node>
      <Process-Node>
         <Name>GenericJavaHashMap21</Name>
         <Action>
            <Class-Name>com.hp.ov.activator.custom.node.GenericJavaHashMap</Class-Name>
            <Param name="hpsa_context" value="params_val"/>
            <Param name="operation" value="constant:get"/>
            <Param name="key0" value="constant:CBABLV"/>
            <Param name="result0" value="CBABLV_value"/>
            <Param name="key1" value="constant:DIMPU"/>
            <Param name="result1" value="DIMPU_value"/>
            <Param name="key2" value="constant:GMODE"/>
            <Param name="result2" value="GMODE_value"/>
            <Param name="key3" value="constant:PATTERN"/>
            <Param name="result3" value="PATTERN_value"/>
            <Param name="key4" value="constant:CWPATTERN"/>
            <Param name="result4" value="CWPATTERN_value"/>
            <Param name="key5" value="constant:SIMPU"/>
            <Param name="result5" value="SIMPU_value"/>
            <Param name="key6" value="constant:PUI"/>
            <Param name="result6" value="PUI_value"/>
            <Param name="key7" value="constant:SIIMPU"/>
            <Param name="result7" value="SIIMPU_value"/>
            <Param name="key8" value="constant:CSIMPU"/>
            <Param name="result8" value="CSIMPU_value"/>
            <Param name="key9" value="constant:FTIMPU"/>
            <Param name="result9" value="FTIMPU_value"/>
            <Param name="key10" value="constant:ABBRNUMBER"/>
            <Param name="result10" value="ABBRNUMBER_value"/>
            <Param name="key11" value="constant:DESTIMPU"/>
            <Param name="result11" value="DESTIMPU_value"/>
            <Param name="key12" value="constant:TPTY"/>
            <Param name="result12" value="TPTY_value"/>
            <Param name="key13" value="constant:HLIIMPU"/>
            <Param name="result13" value="HLIIMPU_value"/>
         </Action>
         <Next-Node>VariableMapper31</Next-Node>
      </Process-Node>
      <Process-Node>
         <Name>HTTPRequest11</Name>
         <Action>
            <Class-Name>com.hp.ov.activator.mwfm.component.builtin.HTTPRequest</Class-Name>
            <Param name="module" value="moduleName"/>
            <Param name="request" value="output_result"/>
            <Param name="request_type" value="constant:POST"/>
            <Param name="response" value="ws_response"/>
            <Param name="throw_excep" value="constant:false"/>
         </Action>
         <Next-Node>SSW Available11</Next-Node>
      </Process-Node>
      <Process-Node>
         <Name>HTTPRequest111</Name>
         <Action>
            <Class-Name>com.hp.ov.activator.mwfm.component.builtin.HTTPRequest</Class-Name>
            <Param name="module" value="moduleName"/>
            <Param name="request" value="output_result"/>
            <Param name="request_type" value="constant:POST"/>
            <Param name="response" value="ws_response"/>
            <Param name="throw_excep" value="constant:false"/>
         </Action>
         <Next-Node>SSW Available111</Next-Node>
      </Process-Node>
      <Process-Node>
         <Name>Java</Name>
         <Action>
            <Class-Name>com.hp.ov.activator.mwfm.component.builtin.JavaNode</Class-Name>
            <Param name="in_scope" value="ad_info"/>
            <Param name="javacode" value="constant:public String[] toArray(){ String[] p = ad_info.split(&quot;=&quot;);return p;}"/>
            <Param name="method" value="constant:toArray"/>
            <Param name="output_var" value="aditional_val"/>
         </Action>
         <Next-Node>PutMessage8</Next-Node>
      </Process-Node>
      <Rule-Node disablePersistence="true">
         <Name>JavaRule</Name>
         <Action>
            <Class-Name>com.hp.ov.activator.mwfm.component.builtin.JavaRule</Class-Name>
            <Param name="expression" value="constant:((feature_code.equals(&quot;CfAR&quot;)) || (feature_code.equals(&quot;CfCBI&quot;)) || (feature_code.equals(&quot;CfDND&quot;)) || (feature_code.equals(&quot;CfMWI&quot;)))"/>
            <Param name="in_scope" value="feature_code"/>
         </Action>
         <True-Next-Node>PutMessage11</True-Next-Node>
         <False-Next-Node>PutMessage10</False-Next-Node>
      </Rule-Node>
      <Process-Node>
         <Name>Log3</Name>
         <Action>
            <Class-Name>com.hp.ov.activator.mwfm.component.builtin.Log</Class-Name>
            <Param name="component_name" value="variable:WORKFLOW_NAME"/>
            <Param name="log_level" value="INFORMATIVE"/>
            <Param name="log_manager" value="WTTH_log_manager"/>
            <Param name="log_message" value="xml enviado: %s"/>
            <Param name="param0" value="output_result"/>
         </Action>
         <Next-Node>HTTPRequest11</Next-Node>
      </Process-Node>
      <Process-Node>
         <Name>Log31</Name>
         <Action>
            <Class-Name>com.hp.ov.activator.mwfm.component.builtin.Log</Class-Name>
            <Param name="component_name" value="variable:WORKFLOW_NAME"/>
            <Param name="log_level" value="INFORMATIVE"/>
            <Param name="log_manager" value="WTTH_log_manager"/>
            <Param name="log_message" value="xml response: %s"/>
            <Param name="param0" value="ws_response"/>
         </Action>
         <Next-Node>MapResult211</Next-Node>
      </Process-Node>
      <Process-Node>
         <Name>Log311</Name>
         <Action>
            <Class-Name>com.hp.ov.activator.mwfm.component.builtin.Log</Class-Name>
            <Param name="component_name" value="variable:WORKFLOW_NAME"/>
            <Param name="log_level" value="INFORMATIVE"/>
            <Param name="log_manager" value="WTTH_log_manager"/>
            <Param name="log_message" value="ResultCode: %s, ResultDesc: %s"/>
            <Param name="param0" value="result_code"/>
            <Param name="param1" value="result_desc"/>
         </Action>
         <Next-Node>Equal51</Next-Node>
      </Process-Node>
      <Process-Node>
         <Name>Log3111</Name>
         <Action>
            <Class-Name>com.hp.ov.activator.mwfm.component.builtin.Log</Class-Name>
            <Param name="component_name" value="variable:WORKFLOW_NAME"/>
            <Param name="log_level" value="INFORMATIVE"/>
            <Param name="log_manager" value="WTTH_log_manager"/>
            <Param name="log_message" value="Activation Successfully. Cause: %s"/>
            <Param name="param0" value="result_desc"/>
         </Action>
         <Next-Node>VariableMapper311</Next-Node>
      </Process-Node>
      <Process-Node>
         <Name>Log31111</Name>
         <Action>
            <Class-Name>com.hp.ov.activator.mwfm.component.builtin.Log</Class-Name>
            <Param name="component_name" value="variable:WORKFLOW_NAME"/>
            <Param name="log_level" value="INFORMATIVE"/>
            <Param name="log_manager" value="WTTH_log_manager"/>
            <Param name="log_message" value="Activation Successfully. Cause: %s"/>
            <Param name="param0" value="result_desc"/>
         </Action>
         <Next-Node>MapSSW9.11</Next-Node>
      </Process-Node>
      <Process-Node>
         <Name>Log31112</Name>
         <Action>
            <Class-Name>com.hp.ov.activator.mwfm.component.builtin.Log</Class-Name>
            <Param name="component_name" value="variable:WORKFLOW_NAME"/>
            <Param name="log_level" value="WARNING"/>
            <Param name="log_manager" value="WTTH_log_manager"/>
            <Param name="log_message" value="Hubo un error al enviar el comando. %s ----- %s. Iniciando Rollback"/>
            <Param name="param0" value="result_code"/>
            <Param name="param1" value="result_desc"/>
            <Param name="param2" value="method_counter_call"/>
            <Param name="param3" value="method_counter_modsbr"/>
         </Action>
      </Process-Node>
      <Process-Node>
         <Name>Log311121</Name>
         <Action>
            <Class-Name>com.hp.ov.activator.mwfm.component.builtin.Log</Class-Name>
            <Param name="component_name" value="variable:WORKFLOW_NAME"/>
            <Param name="log_level" value="WARNING"/>
            <Param name="log_manager" value="WTTH_log_manager"/>
            <Param name="log_message" value="Hubo un error al enviar el comando. %s ----- %s. Iniciando Rollback"/>
            <Param name="param0" value="result_code"/>
            <Param name="param1" value="result_desc"/>
            <Param name="param2" value="method_counter_call"/>
            <Param name="param3" value="method_counter_modsbr"/>
         </Action>
      </Process-Node>
      <Process-Node>
         <Name>Log3112</Name>
         <Action>
            <Class-Name>com.hp.ov.activator.mwfm.component.builtin.Log</Class-Name>
            <Param name="component_name" value="variable:WORKFLOW_NAME"/>
            <Param name="log_level" value="INFORMATIVE"/>
            <Param name="log_manager" value="WTTH_log_manager"/>
            <Param name="log_message" value="ResultCode: %s, ResultDesc: %s"/>
            <Param name="param0" value="result_code"/>
            <Param name="param1" value="result_desc"/>
         </Action>
         <Next-Node>Equal511</Next-Node>
      </Process-Node>
      <Process-Node>
         <Name>Log312</Name>
         <Action>
            <Class-Name>com.hp.ov.activator.mwfm.component.builtin.Log</Class-Name>
            <Param name="component_name" value="variable:WORKFLOW_NAME"/>
            <Param name="log_level" value="INFORMATIVE"/>
            <Param name="log_manager" value="WTTH_log_manager"/>
            <Param name="log_message" value="xml response: %s"/>
            <Param name="param0" value="ws_response"/>
         </Action>
         <Next-Node>MapResult2111</Next-Node>
      </Process-Node>
      <Process-Node>
         <Name>Log32</Name>
         <Action>
            <Class-Name>com.hp.ov.activator.mwfm.component.builtin.Log</Class-Name>
            <Param name="component_name" value="variable:WORKFLOW_NAME"/>
            <Param name="log_level" value="INFORMATIVE"/>
            <Param name="log_manager" value="WTTH_log_manager"/>
            <Param name="log_message" value="xml enviado: %s"/>
            <Param name="param0" value="output_result"/>
         </Action>
         <Next-Node>HTTPRequest111</Next-Node>
      </Process-Node>
      <Rule-Node disablePersistence="true">
         <Name>MapDataOK?11</Name>
         <Description>result code = 0?</Description>
         <Action>
            <Class-Name>com.hp.ov.activator.mwfm.component.builtin.Equal</Class-Name>
            <Param name="op1" value="result_code"/>
            <Param name="op2" value="constant:0"/>
         </Action>
         <True-Next-Node>Log3111</True-Next-Node>
         <False-Next-Node>VariableMapper7311</False-Next-Node>
      </Rule-Node>
      <Rule-Node disablePersistence="true">
         <Name>MapDataOK?111</Name>
         <Description>result code = 0?</Description>
         <Action>
            <Class-Name>com.hp.ov.activator.mwfm.component.builtin.Equal</Class-Name>
            <Param name="op1" value="result_code"/>
            <Param name="op2" value="constant:0"/>
         </Action>
         <True-Next-Node>Log31111</True-Next-Node>
         <False-Next-Node>VariableMapper73111</False-Next-Node>
      </Rule-Node>
      <Process-Node disablePersistence="true">
         <Name>MapResult211</Name>
         <Action>
            <Class-Name>com.hp.ov.activator.mwfm.component.builtin.VariableMapper</Class-Name>
            <Param name="last_result_code" value="/SOAP-ENV:Envelope/SOAP-ENV:Body/m:MOD_SBRResponse/m:Result/m:ResultCode"/>
            <Param name="last_result_desc" value="/SOAP-ENV:Envelope/SOAP-ENV:Body/m:MOD_SBRResponse/m:Result/m:ResultDesc"/>
         </Action>
         <Next-Node>XMLMapper111</Next-Node>
      </Process-Node>
      <Process-Node disablePersistence="true">
         <Name>MapResult2111</Name>
         <Action>
            <Class-Name>com.hp.ov.activator.mwfm.component.builtin.VariableMapper</Class-Name>
            <Param name="last_result_code" value="/SOAP-ENV:Envelope/SOAP-ENV:Body/m:%which_xml%Response/m:Result/m:ResultCode"/>
            <Param name="last_result_desc" value="/SOAP-ENV:Envelope/SOAP-ENV:Body/m:%which_xml%Response/m:Result/m:ResultDesc"/>
         </Action>
         <Next-Node>XMLMapper1111</Next-Node>
      </Process-Node>
      <Process-Node disablePersistence="true">
         <Name>MapSSW9.11</Name>
         <Description>Map Variables for activate Softswitch</Description>
         <Action>
            <Class-Name>com.hp.ov.activator.mwfm.component.builtin.VariableMapper</Class-Name>
            <Param name="wtth_result_code" value="0"/>
            <Param name="wtth_result_desc" value="DO_%action_Name% Successfully!!!"/>
         </Action>
         <Next-Node>Add1</Next-Node>
      </Process-Node>
      <Process-Node>
         <Name>MsgHTTP11</Name>
         <Description>Message to Activate Softswitch</Description>
         <Action>
            <Class-Name>com.hp.ov.activator.mwfm.component.builtin.PutMessage</Class-Name>
            <Param name="message" value="%s - XML Respuesta: %s"/>
            <Param name="queue" value="SSW_WTTH"/>
            <Param name="param0" value="account_number"/>
            <Param name="param1" value="ws_response"/>
         </Action>
         <Next-Node>MapResult211</Next-Node>
      </Process-Node>
      <Process-Node>
         <Name>MsgSSW1511</Name>
         <Description>Message to Activate Softswitch</Description>
         <Action>
            <Class-Name>com.hp.ov.activator.mwfm.component.builtin.PutMessage</Class-Name>
            <Param name="message" value="ResultCode: %s, ResultDesc: %s"/>
            <Param name="queue" value="SSW_WTTH"/>
            <Param name="param1" value="result_code"/>
            <Param name="param2" value="result_desc"/>
         </Action>
         <Next-Node>Equal51</Next-Node>
      </Process-Node>
      <Process-Node>
         <Name>MsgSSW15111</Name>
         <Description>Message to Activate Softswitch</Description>
         <Action>
            <Class-Name>com.hp.ov.activator.mwfm.component.builtin.PutMessage</Class-Name>
            <Param name="message" value="ResultCode: %s, ResultDesc: %s"/>
            <Param name="queue" value="SSW_WTTH"/>
            <Param name="param1" value="result_code"/>
            <Param name="param2" value="result_desc"/>
         </Action>
         <Next-Node>Equal511</Next-Node>
      </Process-Node>
      <Process-Node>
         <Name>MsgSSW711</Name>
         <Description>Message to Activate Softswitch</Description>
         <Action>
            <Class-Name>com.hp.ov.activator.mwfm.component.builtin.PutMessage</Class-Name>
            <Param name="message" value="Activation Successfully. Cause: %s"/>
            <Param name="queue" value="SSW_WTTH"/>
            <Param name="param0" value="result_code"/>
         </Action>
         <Next-Node>VariableMapper311</Next-Node>
      </Process-Node>
      <Process-Node>
         <Name>MsgSSW7111</Name>
         <Description>Message to Activate Softswitch</Description>
         <Action>
            <Class-Name>com.hp.ov.activator.mwfm.component.builtin.PutMessage</Class-Name>
            <Param name="message" value="Activation Successfully. Cause: %s"/>
            <Param name="queue" value="SSW_WTTH"/>
            <Param name="param0" value="result_code"/>
         </Action>
         <Next-Node>MapSSW9.11</Next-Node>
      </Process-Node>
      <Process-Node inactive="true">
         <Name>PutMessage</Name>
         <Action>
            <Class-Name>com.hp.ov.activator.mwfm.component.builtin.PutMessage</Class-Name>
            <Param name="message" value="No hubo informacion adicional"/>
            <Param name="queue" value="SIN_ADITIONAL"/>
         </Action>
         <Next-Node>VariableMapper31</Next-Node>
      </Process-Node>
      <Process-Node inactive="true">
         <Name>PutMessage10</Name>
         <Action>
            <Class-Name>com.hp.ov.activator.mwfm.component.builtin.PutMessage</Class-Name>
            <Param name="message" value="Si mandar el REG_COMSS. feature_code: %s"/>
            <Param name="queue" value="Question"/>
            <Param name="param0" value="feature_code"/>
         </Action>
         <Next-Node>TransformXML1</Next-Node>
      </Process-Node>
      <Process-Node>
         <Name>PutMessage11</Name>
         <Action>
            <Class-Name>com.hp.ov.activator.mwfm.component.builtin.PutMessage</Class-Name>
            <Param name="message" value="No mandar el REG_COMSS. feature_code: %s"/>
            <Param name="queue" value="Question"/>
            <Param name="param0" value="feature_code"/>
         </Action>
         <Next-Node>MapSSW9.11</Next-Node>
      </Process-Node>
      <Process-Node inactive="true">
         <Name>PutMessage3</Name>
         <Action>
            <Class-Name>com.hp.ov.activator.mwfm.component.builtin.PutMessage</Class-Name>
            <Param name="message" value="Valor: %s"/>
            <Param name="queue" value="aditional_array_queue"/>
            <Param name="param0" value="ad_info"/>
         </Action>
         <Next-Node>Java</Next-Node>
      </Process-Node>
      <Process-Node inactive="true">
         <Name>PutMessage4</Name>
         <Action>
            <Class-Name>com.hp.ov.activator.mwfm.component.builtin.PutMessage</Class-Name>
            <Param name="message" value="SE ACABARON ADITIONAL"/>
            <Param name="queue" value="aditional_array_queue"/>
         </Action>
         <Next-Node>GenericJavaHashMap21</Next-Node>
      </Process-Node>
      <Process-Node inactive="true">
         <Name>PutMessage6</Name>
         <Action>
            <Class-Name>com.hp.ov.activator.mwfm.component.builtin.PutMessage</Class-Name>
            <Param name="message" value="Esta es la informacion adicional: %s"/>
            <Param name="queue" value="information"/>
            <Param name="param0" value="aditional_info"/>
         </Action>
         <Next-Node>ForEach</Next-Node>
      </Process-Node>
      <Process-Node>
         <Name>PutMessage7</Name>
         <Action>
            <Class-Name>com.hp.ov.activator.mwfm.component.builtin.PutMessage</Class-Name>
            <Param name="message" value="xml name: %s"/>
            <Param name="queue" value="SSW_WTTH"/>
            <Param name="param0" value="output_result"/>
         </Action>
         <Next-Node>HTTPRequest11</Next-Node>
      </Process-Node>
      <Process-Node>
         <Name>PutMessage71</Name>
         <Action>
            <Class-Name>com.hp.ov.activator.mwfm.component.builtin.PutMessage</Class-Name>
            <Param name="message" value="xml name: %s"/>
            <Param name="queue" value="SSW_WTTH"/>
            <Param name="param0" value="output_result"/>
         </Action>
         <Next-Node>HTTPRequest111</Next-Node>
      </Process-Node>
      <Process-Node inactive="true">
         <Name>PutMessage8</Name>
         <Action>
            <Class-Name>com.hp.ov.activator.mwfm.component.builtin.PutMessage</Class-Name>
            <Param name="message" value="Aditional_name: %s. Aditional_value: %s"/>
            <Param name="queue" value="aditional_split"/>
            <Param name="param0" value="aditional_val[0]"/>
            <Param name="param1" value="aditional_val[1]"/>
         </Action>
         <Next-Node>GenericJavaHashMap1</Next-Node>
      </Process-Node>
      <Rule-Node disablePersistence="true">
         <Name>SSW Available11</Name>
         <Description>Quite el RET_VALUE</Description>
         <Action>
            <Class-Name>com.hp.ov.activator.mwfm.component.builtin.Equal</Class-Name>
            <Param name="op1" value="RET_VALUE"/>
            <Param name="op2" value="constant:0"/>
         </Action>
         <True-Next-Node>Log31</True-Next-Node>
         <False-Next-Node>VariableMapper741</False-Next-Node>
      </Rule-Node>
      <Rule-Node disablePersistence="true">
         <Name>SSW Available111</Name>
         <Description>Quite el RET_VALUE</Description>
         <Action>
            <Class-Name>com.hp.ov.activator.mwfm.component.builtin.Equal</Class-Name>
            <Param name="op1" value="constant:0"/>
            <Param name="op2" value="constant:0"/>
         </Action>
         <True-Next-Node>Log312</True-Next-Node>
         <False-Next-Node>VariableMapper7411</False-Next-Node>
      </Rule-Node>
      <Process-Node disablePersistence="true">
         <Name>TransformXML</Name>
         <Action>
            <Class-Name>com.hp.ov.activator.mwfm.component.builtin.TransformXML</Class-Name>
            <Param name="output_var" value="output_result"/>
            <Param name="use_solution_dir" value="constant:false"/>
            <Param name="xsl_url" value="xsl_template"/>
         </Action>
         <Next-Node>Log3</Next-Node>
      </Process-Node>
      <Process-Node disablePersistence="true">
         <Name>TransformXML1</Name>
         <Action>
            <Class-Name>com.hp.ov.activator.mwfm.component.builtin.TransformXML</Class-Name>
            <Param name="output_var" value="output_result"/>
            <Param name="use_solution_dir" value="constant:false"/>
            <Param name="xsl_url" value="xsl_template"/>
         </Action>
         <Next-Node>Log32</Next-Node>
      </Process-Node>
      <Process-Node disablePersistence="true">
         <Name>VariableMapper10</Name>
         <Action>
            <Class-Name>com.hp.ov.activator.mwfm.component.builtin.VariableMapper</Class-Name>
            <Param name="which_xml" value="REG_CFU"/>
         </Action>
         <Next-Node>Equal</Next-Node>
      </Process-Node>
      <Process-Node disablePersistence="true">
         <Name>VariableMapper11</Name>
         <Action>
            <Class-Name>com.hp.ov.activator.mwfm.component.builtin.VariableMapper</Class-Name>
            <Param name="which_xml" value="REG_CFNR"/>
         </Action>
         <Next-Node>Equal</Next-Node>
      </Process-Node>
      <Process-Node disablePersistence="true">
         <Name>VariableMapper12</Name>
         <Action>
            <Class-Name>com.hp.ov.activator.mwfm.component.builtin.VariableMapper</Class-Name>
            <Param name="which_xml" value="REG_CLIR"/>
         </Action>
         <Next-Node>Equal</Next-Node>
      </Process-Node>
      <Process-Node disablePersistence="true">
         <Name>VariableMapper13</Name>
         <Action>
            <Class-Name>com.hp.ov.activator.mwfm.component.builtin.VariableMapper</Class-Name>
            <Param name="which_xml" value="REG_COLR"/>
         </Action>
         <Next-Node>Equal</Next-Node>
      </Process-Node>
      <Process-Node disablePersistence="true">
         <Name>VariableMapper14</Name>
         <Action>
            <Class-Name>com.hp.ov.activator.mwfm.component.builtin.VariableMapper</Class-Name>
            <Param name="which_xml" value="REG_DSTR"/>
         </Action>
         <Next-Node>Equal</Next-Node>
      </Process-Node>
      <Process-Node disablePersistence="true">
         <Name>VariableMapper15</Name>
         <Action>
            <Class-Name>com.hp.ov.activator.mwfm.component.builtin.VariableMapper</Class-Name>
            <Param name="which_xml" value="REG_SIC"/>
         </Action>
         <Next-Node>Equal</Next-Node>
      </Process-Node>
      <Process-Node disablePersistence="true">
         <Name>VariableMapper16</Name>
         <Action>
            <Class-Name>com.hp.ov.activator.mwfm.component.builtin.VariableMapper</Class-Name>
            <Param name="which_xml" value="REG_CFS"/>
         </Action>
         <Next-Node>Equal</Next-Node>
      </Process-Node>
      <Process-Node disablePersistence="true">
         <Name>VariableMapper17</Name>
         <Action>
            <Class-Name>com.hp.ov.activator.mwfm.component.builtin.VariableMapper</Class-Name>
            <Param name="which_xml" value="REG_SPEED_DIAL"/>
         </Action>
         <Next-Node>Equal</Next-Node>
      </Process-Node>
      <Process-Node disablePersistence="true">
         <Name>VariableMapper18</Name>
         <Action>
            <Class-Name>com.hp.ov.activator.mwfm.component.builtin.VariableMapper</Class-Name>
            <Param name="which_xml" value="REG_HOTLINE"/>
         </Action>
         <Next-Node>Equal</Next-Node>
      </Process-Node>
      <Process-Node disablePersistence="true">
         <Name>VariableMapper31</Name>
         <Action>
            <Class-Name>com.hp.ov.activator.mwfm.component.builtin.VariableMapper</Class-Name>
            <Param name="xml_text" value="%FILE_URL_PREFIX%%SOLUTION_ETC%\template_files\WTTHColombia\XMLs\SALIDAS_callfeatures\WTTH_%template_type%_%feature_code%.xml"/>
            <Param name="xsl_template" value="%FILE_URL_PREFIX%%SOLUTION_ETC%/template_files/WTTH_%template_type%_MODSBR_CALLFEATURES.xsl"/>
         </Action>
         <Next-Node>TransformXML</Next-Node>
      </Process-Node>
      <Process-Node disablePersistence="true">
         <Name>VariableMapper311</Name>
         <Action>
            <Class-Name>com.hp.ov.activator.mwfm.component.builtin.VariableMapper</Class-Name>
            <Param name="xml_text" value="%FILE_URL_PREFIX%%SOLUTION_ETC%\template_files\WTTHColombia\XMLs\SALIDAS_callfeatures\WTTH_%template_type%_%feature_code%_REGCOMSS.xml"/>
            <Param name="xsl_template" value="%FILE_URL_PREFIX%%SOLUTION_ETC%/template_files/WTTH_%template_type%_REGCOMSS_CALLFEATURES.xsl"/>
         </Action>
         <Next-Node>Add11</Next-Node>
      </Process-Node>
      <Process-Node disablePersistence="true">
         <Name>VariableMapper4</Name>
         <Action>
            <Class-Name>com.hp.ov.activator.mwfm.component.builtin.VariableMapper</Class-Name>
            <Param name="ad_info" value="%aditional_element%"/>
         </Action>
         <Next-Node>PutMessage3</Next-Node>
      </Process-Node>
      <Process-Node disablePersistence="true">
         <Name>VariableMapper7</Name>
         <Action>
            <Class-Name>com.hp.ov.activator.mwfm.component.builtin.VariableMapper</Class-Name>
            <Param name="which_xml" value="REG_COMSS"/>
         </Action>
         <Next-Node>Equal</Next-Node>
      </Process-Node>
      <Process-Node disablePersistence="true">
         <Name>VariableMapper7311</Name>
         <Action>
            <Class-Name>com.hp.ov.activator.mwfm.component.builtin.VariableMapper</Class-Name>
            <Param name="template_type" value="DEACT"/>
            <Param name="wtth_result_code" value="%result_code%"/>
            <Param name="wtth_result_desc" value="%result_desc%"/>
         </Action>
         <Next-Node>Log31112</Next-Node>
      </Process-Node>
      <Process-Node disablePersistence="true">
         <Name>VariableMapper73111</Name>
         <Action>
            <Class-Name>com.hp.ov.activator.mwfm.component.builtin.VariableMapper</Class-Name>
            <Param name="template_type" value="DEACT"/>
            <Param name="wtth_result_code" value="%result_code%"/>
            <Param name="wtth_result_desc" value="%result_desc%"/>
         </Action>
         <Next-Node>Log311121</Next-Node>
      </Process-Node>
      <Process-Node disablePersistence="true">
         <Name>VariableMapper741</Name>
         <Action>
            <Class-Name>com.hp.ov.activator.mwfm.component.builtin.VariableMapper</Class-Name>
            <Param name="wtth_result_code" value="105"/>
            <Param name="wtth_result_desc" value="UNDO_OK_No conection to the network element in the module %moduleName%. RET_VALUE: %RET_VALUE%"/>
         </Action>
      </Process-Node>
      <Process-Node disablePersistence="true">
         <Name>VariableMapper7411</Name>
         <Action>
            <Class-Name>com.hp.ov.activator.mwfm.component.builtin.VariableMapper</Class-Name>
            <Param name="wtth_result_code" value="105"/>
            <Param name="wtth_result_desc" value="UNDO_OK_No conection to the network element in the module %moduleName%. RET_VALUE: %RET_VALUE%"/>
         </Action>
      </Process-Node>
      <Process-Node disablePersistence="true">
         <Name>VariableMapper8</Name>
         <Action>
            <Class-Name>com.hp.ov.activator.mwfm.component.builtin.VariableMapper</Class-Name>
            <Param name="which_xml" value="REG_CBA"/>
         </Action>
         <Next-Node>Equal</Next-Node>
      </Process-Node>
      <Process-Node disablePersistence="true">
         <Name>VariableMapper81</Name>
         <Action>
            <Class-Name>com.hp.ov.activator.mwfm.component.builtin.VariableMapper</Class-Name>
            <Param name="result_code" value="%fault_code%"/>
            <Param name="result_desc" value="%fault_string%"/>
         </Action>
         <Next-Node>VariableMapper7311</Next-Node>
      </Process-Node>
      <Process-Node disablePersistence="true">
         <Name>VariableMapper811</Name>
         <Action>
            <Class-Name>com.hp.ov.activator.mwfm.component.builtin.VariableMapper</Class-Name>
            <Param name="result_code" value="%fault_code%"/>
            <Param name="result_desc" value="%fault_string%"/>
         </Action>
      </Process-Node>
      <Process-Node disablePersistence="true">
         <Name>VariableMapper9</Name>
         <Action>
            <Class-Name>com.hp.ov.activator.mwfm.component.builtin.VariableMapper</Class-Name>
            <Param name="which_xml" value="REG_CFB"/>
         </Action>
         <Next-Node>Equal</Next-Node>
      </Process-Node>
      <Process-Node disablePersistence="true">
         <Name>XMLMapper111</Name>
         <Action>
            <Class-Name>com.hp.ov.activator.mwfm.component.builtin.XMLMapper</Class-Name>
            <Param name="fault_code" value="/SOAP-ENV:Envelope/SOAP-ENV:Body/SOAP-ENV:Fault/faultcode"/>
            <Param name="fault_string" value="/SOAP-ENV:Envelope/SOAP-ENV:Body/SOAP-ENV:Fault/faultstring"/>
            <Param name="ignore_missing_tags" value="true"/>
            <Param name="result_code" value="last_result_code"/>
            <Param name="result_desc" value="last_result_desc"/>
            <Param name="validate" value="false"/>
            <Param name="xml_var" value="ws_response"/>
         </Action>
         <Next-Node>Log311</Next-Node>
      </Process-Node>
      <Process-Node disablePersistence="true">
         <Name>XMLMapper1111</Name>
         <Action>
            <Class-Name>com.hp.ov.activator.mwfm.component.builtin.XMLMapper</Class-Name>
            <Param name="fault_code" value="/SOAP-ENV:Envelope/SOAP-ENV:Body/SOAP-ENV:Fault/faultcode"/>
            <Param name="fault_string" value="/SOAP-ENV:Envelope/SOAP-ENV:Body/SOAP-ENV:Fault/faultstring"/>
            <Param name="ignore_missing_tags" value="true"/>
            <Param name="result_code" value="last_result_code"/>
            <Param name="result_desc" value="last_result_desc"/>
            <Param name="validate" value="false"/>
            <Param name="xml_var" value="ws_response"/>
         </Action>
         <Next-Node>Log3112</Next-Node>
      </Process-Node>
   </Nodes>
   <Error-Handler>
      <Name>SyncHandler</Name>
      <Class-Name>com.hp.ov.activator.mwfm.component.builtin.SyncHandler</Class-Name>
      <Param name="job_id" value="controller_JOB_ID"/>
      <Param name="queue" value="constant:controller_queue"/>
      <Param name="variable0" value="wtth_result_code"/>
      <Param name="variable1" value="wtth_result_desc"/>
   </Error-Handler>
   <End-Handler>
      <Name>SyncHandler1</Name>
      <Class-Name>com.hp.ov.activator.mwfm.component.builtin.SyncHandler</Class-Name>
      <Param name="job_id" value="controller_JOB_ID"/>
      <Param name="queue" value="constant:controller_queue"/>
      <Param name="variable0" value="wtth_result_code"/>
      <Param name="variable1" value="wtth_result_desc"/>
   </End-Handler>
   <Case-Packet>
      <Variable name="ABBRNUMBER_value" type="String"/>
      <Variable name="AGCFName_value" type="String"/>
      <Variable name="ANNOTATION" type="String"/>
      <Variable name="BREAK_POINT" type="String"/>
      <Variable name="CBABLV_value" type="String"/>
      <Variable name="COP_value" type="String"/>
      <Variable name="CSIMPU_value" type="String"/>
      <Variable name="CWPATTERN_value" type="String"/>
      <Variable name="DEFAULT_ROLE" type="String"/>
      <Variable name="DESTIMPU_value" type="String"/>
      <Variable name="DIMPU_value" type="String"/>
      <Variable name="EMPTY_STRING" type="String"/>
      <Variable name="ETC" type="String"/>
      <Variable name="EX_STEP_NAME" type="String"/>
      <Variable name="FILE_URL_PREFIX" type="String"/>
      <Variable name="FTIMPU_value" type="String"/>
      <Variable name="GMODE_value" type="String"/>
      <Variable name="HLIIMPU_value" type="String"/>
      <Variable name="HOST_NAME" type="String"/>
      <Variable name="JOB_ID" type="Integer"/>
      <Variable name="KILLED" type="Boolean"/>
      <Variable name="KILL_ROLE" type="String"/>
      <Variable name="MACRO_OUTPUT" type="Object"/>
      <Variable name="MASTER_CHILD_JOBS" type="Object"/>
      <Variable name="MUTEX" type="Boolean"/>
      <Variable name="NULL" type="Object"/>
      <Variable name="PATTERN_value" type="String"/>
      <Variable name="PRIORITY" type="Integer"/>
      <Variable name="PUI_value" type="String"/>
      <Variable name="RESERVATIONS" type="Object"/>
      <Variable name="RET_TEXT" type="String"/>
      <Variable name="RET_VALUE" type="Integer"/>
      <Variable name="RUNTIME" type="Object"/>
      <Variable name="SCHEDULED_INFO" type="Object"/>
      <Variable name="SERVICE_ID" type="String"/>
      <Variable name="SIIMPU_value" type="String"/>
      <Variable name="SIMPU_value" type="String"/>
      <Variable name="SOLUTION_ETC" type="String"/>
      <Variable name="SOLUTION_NAME" type="String"/>
      <Variable name="SOLUTION_VAR" type="String"/>
      <Variable name="SOR_ID" type="Integer"/>
      <Variable name="START_ROLE" type="String"/>
      <Variable name="START_TIME" type="Integer"/>
      <Variable name="STATUS" type="String"/>
      <Variable name="STEP_NAME" type="String"/>
      <Variable name="SUBSTEP" type="String"/>
      <Variable name="THROW_EXCEP" type="Boolean"/>
      <Variable name="TIMEOUT" type="Boolean"/>
      <Variable name="TPTY_value" type="String"/>
      <Variable name="TRACE_ROLE" type="String"/>
      <Variable name="UNIQUE_WORKFLOW" type="Integer"/>
      <Variable name="VAR" type="String"/>
      <Variable name="WORKFLOW_EXCEPTION" type="Object"/>
      <Variable name="WORKFLOW_EXECUTION_STATUS" type="String"/>
      <Variable name="WORKFLOW_NAME" type="String"/>
      <Variable name="WORKFLOW_ORDER_ID" type="String"/>
      <Variable name="WORKFLOW_STATE" type="String"/>
      <Variable name="WORKFLOW_TYPE" type="String"/>
      <Variable name="WORKFLOW_VERSION" type="Integer"/>
      <Variable name="action_Name" type="String"/>
      <Variable name="action_type" type="String"/>
      <Variable name="activation_description" type="String"/>
      <Variable name="activation_major_code" type="Integer"/>
      <Variable name="activation_minor_code" type="Integer"/>
      <Variable name="ad_info" type="String"/>
      <Variable name="aditional_array" type="Object"/>
      <Variable name="aditional_array_remaining" type="Object"/>
      <Variable name="aditional_element" type="Object"/>
      <Variable name="aditional_info" type="String"/>
      <Variable name="aditional_info_remaining" type="Object"/>
      <Variable name="aditional_val" type="Object"/>
      <Variable name="array_index" type="Integer"/>
      <Variable name="authurl" type="String"/>
      <Variable name="ciy_code" type="String"/>
      <Variable name="controller_JOB_ID" type="Integer"/>
      <Variable name="country_code" type="String"/>
      <Variable name="enabled" type="String"/>
      <Variable name="fault_code" type="String"/>
      <Variable name="fault_string" type="String"/>
      <Variable name="feature_code" type="String"/>
      <Variable name="feature_element" type="Object"/>
      <Variable name="feature_element_remaining" type="Object"/>
      <Variable name="features" type="Object"/>
      <Variable name="flag" type="Boolean"/>
      <Variable name="geo_id" type="String"/>
      <Variable name="last_result_code" type="String"/>
      <Variable name="last_result_desc" type="String"/>
      <Variable name="message_url" type="String"/>
      <Variable name="method_counter_call" type="Integer"/>
      <Variable name="method_counter_modsbr" type="Integer"/>
      <Variable name="moduleName" type="String"/>
      <Variable name="module_name" type="String"/>
      <Variable name="net_send" type="Object"/>
      <Variable name="output_request" type="String"/>
      <Variable name="output_result" type="String"/>
      <Variable name="params_val" type="Object"/>
      <Variable name="passw" type="String"/>
      <Variable name="passwd" type="String"/>
      <Variable name="password" type="String"/>
      <Variable name="password_enc" type="String"/>
      <Variable name="provisioned" type="String"/>
      <Variable name="result_code" type="String"/>
      <Variable name="result_desc" type="String"/>
      <Variable name="service_class" type="String"/>
      <Variable name="skip_activation" type="Boolean"/>
      <Variable name="ssw_id" type="String"/>
      <Variable name="telephone" type="String"/>
      <Variable name="telephone_WO_c" type="String"/>
      <Variable name="telephone_full" type="String"/>
      <Variable name="telephone_number" type="String"/>
      <Variable name="telephone_number_feature" type="String"/>
      <Variable name="template_obj" type="Object"/>
      <Variable name="template_type" type="String"/>
      <Variable name="user" type="String"/>
      <Variable name="username" type="String"/>
      <Variable name="valido" type="Boolean"/>
      <Variable name="which_xml" type="String"/>
      <Variable name="ws_response" type="String"/>
      <Variable name="wtth_result_code" type="String"/>
      <Variable name="wtth_result_desc" type="String"/>
      <Variable name="xml_message" type="String"/>
      <Variable name="xml_text" type="String"/>
      <Variable name="xsl_template" type="String"/>
   </Case-Packet>
   <Initial-Case-Packet>
      <Variable-Value name="FILE_URL_PREFIX" value="file:///"/>
      <Variable-Value name="SOLUTION_NAME" value="WTTH"/>
      <Variable-Value name="WORKFLOW_NAME" value="WTTH_ACT_CALL_FEATURES"/>
      <Variable-Value name="WORKFLOW_VERSION" value="-1"/>
      <Variable-Value name="flag" value="false"/>
      <Variable-Value name="method_counter_call" value="0"/>
      <Variable-Value name="method_counter_modsbr" value="0"/>
   </Initial-Case-Packet>
   <Coordinates>
      <Position>
         <Name>Add1</Name>
         <X>45</X>
         <Y>311</Y>
         <Width>61</Width>
         <Height>48</Height>
      </Position>
      <Position>
         <Name>Add11</Name>
         <X>482</X>
         <Y>851</Y>
         <Width>61</Width>
         <Height>48</Height>
      </Position>
      <Position>
         <Name>Equal</Name>
         <X>296</X>
         <Y>615</Y>
         <Width>56</Width>
         <Height>24</Height>
      </Position>
      <Position>
         <Name>Equal51</Name>
         <X>969</X>
         <Y>863</Y>
         <Width>68</Width>
         <Height>24</Height>
      </Position>
      <Position>
         <Name>Equal511</Name>
         <X>133</X>
         <Y>915</Y>
         <Width>74</Width>
         <Height>24</Height>
      </Position>
      <Position>
         <Name>ForEach</Name>
         <X>520</X>
         <Y>676</Y>
         <Width>69</Width>
         <Height>24</Height>
      </Position>
      <Position>
         <Name>GenericJavaHashMap1</Name>
         <X>650</X>
         <Y>664</Y>
         <Width>119</Width>
         <Height>48</Height>
      </Position>
      <Position>
         <Name>GenericJavaHashMap21</Name>
         <X>663</X>
         <Y>724</Y>
         <Width>125</Width>
         <Height>48</Height>
      </Position>
      <Position>
         <Name>HTTPRequest11</Name>
         <X>989</X>
         <Y>778</Y>
         <Width>87</Width>
         <Height>48</Height>
      </Position>
      <Position>
         <Name>HTTPRequest111</Name>
         <X>602</X>
         <Y>910</Y>
         <Width>93</Width>
         <Height>48</Height>
      </Position>
      <Position>
         <Name>IsTrue</Name>
         <X>373</X>
         <Y>25</Y>
         <Width>61</Width>
         <Height>24</Height>
      </Position>
      <Position>
         <Name>Java</Name>
         <X>940</X>
         <Y>664</Y>
         <Width>61</Width>
         <Height>48</Height>
      </Position>
      <Position>
         <Name>Java2</Name>
         <X>259</X>
         <Y>14</Y>
         <Width>61</Width>
         <Height>48</Height>
      </Position>
      <Position>
         <Name>JavaRule</Name>
         <X>398</X>
         <Y>820</Y>
         <Width>74</Width>
         <Height>24</Height>
      </Position>
      <Position>
         <Name>Log</Name>
         <X>151</X>
         <Y>15</Y>
         <Width>61</Width>
         <Height>48</Height>
      </Position>
      <Position>
         <Name>Log2</Name>
         <X>514</X>
         <Y>14</Y>
         <Width>61</Width>
         <Height>48</Height>
      </Position>
      <Position>
         <Name>Log3</Name>
         <X>890</X>
         <Y>783</Y>
         <Width>61</Width>
         <Height>48</Height>
      </Position>
      <Position>
         <Name>Log31</Name>
         <X>1253</X>
         <Y>777</Y>
         <Width>61</Width>
         <Height>48</Height>
      </Position>
      <Position>
         <Name>Log311</Name>
         <X>1059</X>
         <Y>850</Y>
         <Width>61</Width>
         <Height>48</Height>
      </Position>
      <Position>
         <Name>Log3111</Name>
         <X>722</X>
         <Y>857</Y>
         <Width>61</Width>
         <Height>48</Height>
      </Position>
      <Position>
         <Name>Log31111</Name>
         <X>38</X>
         <Y>775</Y>
         <Width>61</Width>
         <Height>48</Height>
      </Position>
      <Position>
         <Name>Log31112</Name>
         <X>861</X>
         <Y>1006</Y>
         <Width>61</Width>
         <Height>48</Height>
      </Position>
      <Position>
         <Name>Log311121</Name>
         <X>38</X>
         <Y>1106</Y>
         <Width>63</Width>
         <Height>48</Height>
      </Position>
      <Position>
         <Name>Log3112</Name>
         <X>250</X>
         <Y>906</Y>
         <Width>61</Width>
         <Height>48</Height>
      </Position>
      <Position>
         <Name>Log312</Name>
         <X>492</X>
         <Y>985</Y>
         <Width>61</Width>
         <Height>48</Height>
      </Position>
      <Position>
         <Name>Log32</Name>
         <X>492</X>
         <Y>913</Y>
         <Width>61</Width>
         <Height>48</Height>
      </Position>
      <Position>
         <Name>MapDataOK?11</Name>
         <X>838</X>
         <Y>865</Y>
         <Width>104</Width>
         <Height>24</Height>
      </Position>
      <Position>
         <Name>MapDataOK?111</Name>
         <X>14</X>
         <Y>964</Y>
         <Width>110</Width>
         <Height>24</Height>
      </Position>
      <Position>
         <Name>MapResult211</Name>
         <X>1242</X>
         <Y>851</Y>
         <Width>78</Width>
         <Height>48</Height>
      </Position>
      <Position>
         <Name>MapResult2111</Name>
         <X>337</X>
         <Y>983</Y>
         <Width>84</Width>
         <Height>48</Height>
      </Position>
      <Position>
         <Name>MapSSW9.11</Name>
         <X>43</X>
         <Y>586</Y>
         <Width>74</Width>
         <Height>48</Height>
      </Position>
      <Position>
         <Name>MsgHTTP11</Name>
         <X>1278</X>
         <Y>705</Y>
         <Width>66</Width>
         <Height>48</Height>
      </Position>
      <Position>
         <Name>MsgSSW1511</Name>
         <X>1091</X>
         <Y>925</Y>
         <Width>75</Width>
         <Height>48</Height>
      </Position>
      <Position>
         <Name>MsgSSW15111</Name>
         <X>183</X>
         <Y>811</Y>
         <Width>81</Width>
         <Height>48</Height>
      </Position>
      <Position>
         <Name>MsgSSW711</Name>
         <X>728</X>
         <Y>919</Y>
         <Width>69</Width>
         <Height>48</Height>
      </Position>
      <Position>
         <Name>MsgSSW7111</Name>
         <X>0</X>
         <Y>655</Y>
         <Width>75</Width>
         <Height>48</Height>
      </Position>
      <Position>
         <Name>NumberTelephone11</Name>
         <X>349</X>
         <Y>91</Y>
         <Width>109</Width>
         <Height>48</Height>
      </Position>
      <Position>
         <Name>PutMessage</Name>
         <X>290</X>
         <Y>778</Y>
         <Width>68</Width>
         <Height>48</Height>
      </Position>
      <Position>
         <Name>PutMessage10</Name>
         <X>288</X>
         <Y>845</Y>
         <Width>80</Width>
         <Height>48</Height>
      </Position>
      <Position>
         <Name>PutMessage11</Name>
         <X>155</X>
         <Y>709</Y>
         <Width>80</Width>
         <Height>48</Height>
      </Position>
      <Position>
         <Name>PutMessage3</Name>
         <X>933</X>
         <Y>603</Y>
         <Width>74</Width>
         <Height>48</Height>
      </Position>
      <Position>
         <Name>PutMessage4</Name>
         <X>517</X>
         <Y>724</Y>
         <Width>74</Width>
         <Height>48</Height>
      </Position>
      <Position>
         <Name>PutMessage6</Name>
         <X>399</X>
         <Y>664</Y>
         <Width>74</Width>
         <Height>48</Height>
      </Position>
      <Position>
         <Name>PutMessage7</Name>
         <X>875</X>
         <Y>724</Y>
         <Width>74</Width>
         <Height>48</Height>
      </Position>
      <Position>
         <Name>PutMessage71</Name>
         <X>722</X>
         <Y>994</Y>
         <Width>80</Width>
         <Height>48</Height>
      </Position>
      <Position>
         <Name>PutMessage8</Name>
         <X>842</X>
         <Y>664</Y>
         <Width>74</Width>
         <Height>48</Height>
      </Position>
      <Position>
         <Name>SSW Available11</Name>
         <X>1097</X>
         <Y>792</Y>
         <Width>110</Width>
         <Height>24</Height>
      </Position>
      <Position>
         <Name>SSW Available111</Name>
         <X>590</X>
         <Y>995</Y>
         <Width>116</Width>
         <Height>24</Height>
      </Position>
      <Position>
         <Name>Switch2</Name>
         <X>296</X>
         <Y>369</Y>
         <Width>63</Width>
         <Height>24</Height>
      </Position>
      <Position>
         <Name>TransformXML</Name>
         <X>777</X>
         <Y>778</Y>
         <Width>78</Width>
         <Height>48</Height>
      </Position>
      <Position>
         <Name>TransformXML1</Name>
         <X>361</X>
         <Y>910</Y>
         <Width>84</Width>
         <Height>48</Height>
      </Position>
      <Position>
         <Name>VariableMapper10</Name>
         <X>565</X>
         <Y>408</Y>
         <Width>96</Width>
         <Height>48</Height>
      </Position>
      <Position>
         <Name>VariableMapper11</Name>
         <X>463</X>
         <Y>406</Y>
         <Width>96</Width>
         <Height>48</Height>
      </Position>
      <Position>
         <Name>VariableMapper12</Name>
         <X>667</X>
         <Y>410</Y>
         <Width>96</Width>
         <Height>48</Height>
      </Position>
      <Position>
         <Name>VariableMapper13</Name>
         <X>772</X>
         <Y>411</Y>
         <Width>96</Width>
         <Height>48</Height>
      </Position>
      <Position>
         <Name>VariableMapper14</Name>
         <X>150</X>
         <Y>484</Y>
         <Width>96</Width>
         <Height>48</Height>
      </Position>
      <Position>
         <Name>VariableMapper15</Name>
         <X>204</X>
         <Y>545</Y>
         <Width>96</Width>
         <Height>48</Height>
      </Position>
      <Position>
         <Name>VariableMapper16</Name>
         <X>369</X>
         <Y>569</Y>
         <Width>96</Width>
         <Height>48</Height>
      </Position>
      <Position>
         <Name>VariableMapper17</Name>
         <X>368</X>
         <Y>459</Y>
         <Width>96</Width>
         <Height>48</Height>
      </Position>
      <Position>
         <Name>VariableMapper18</Name>
         <X>369</X>
         <Y>515</Y>
         <Width>96</Width>
         <Height>48</Height>
      </Position>
      <Position>
         <Name>VariableMapper21</Name>
         <X>12</X>
         <Y>14</Y>
         <Width>96</Width>
         <Height>48</Height>
      </Position>
      <Position>
         <Name>VariableMapper31</Name>
         <X>577</X>
         <Y>778</Y>
         <Width>96</Width>
         <Height>48</Height>
      </Position>
      <Position>
         <Name>VariableMapper311</Name>
         <X>564</X>
         <Y>851</Y>
         <Width>102</Width>
         <Height>48</Height>
      </Position>
      <Position>
         <Name>VariableMapper4</Name>
         <X>831</X>
         <Y>603</Y>
         <Width>90</Width>
         <Height>48</Height>
      </Position>
      <Position>
         <Name>VariableMapper7</Name>
         <X>101</X>
         <Y>406</Y>
         <Width>90</Width>
         <Height>48</Height>
      </Position>
      <Position>
         <Name>VariableMapper7311</Name>
         <X>836</X>
         <Y>913</Y>
         <Width>108</Width>
         <Height>48</Height>
      </Position>
      <Position>
         <Name>VariableMapper73111</Name>
         <X>10</X>
         <Y>1042</Y>
         <Width>114</Width>
         <Height>48</Height>
      </Position>
      <Position>
         <Name>VariableMapper741</Name>
         <X>1101</X>
         <Y>726</Y>
         <Width>102</Width>
         <Height>48</Height>
      </Position>
      <Position>
         <Name>VariableMapper7411</Name>
         <X>594</X>
         <Y>1027</Y>
         <Width>108</Width>
         <Height>48</Height>
      </Position>
      <Position>
         <Name>VariableMapper8</Name>
         <X>199</X>
         <Y>407</Y>
         <Width>90</Width>
         <Height>48</Height>
      </Position>
      <Position>
         <Name>VariableMapper81</Name>
         <X>955</X>
         <Y>913</Y>
         <Width>96</Width>
         <Height>48</Height>
      </Position>
      <Position>
         <Name>VariableMapper811</Name>
         <X>119</X>
         <Y>996</Y>
         <Width>102</Width>
         <Height>48</Height>
      </Position>
      <Position>
         <Name>VariableMapper9</Name>
         <X>366</X>
         <Y>407</Y>
         <Width>90</Width>
         <Height>48</Height>
      </Position>
      <Position>
         <Name>XMLMapper111</Name>
         <X>1142</X>
         <Y>851</Y>
         <Width>83</Width>
         <Height>48</Height>
      </Position>
      <Position>
         <Name>XMLMapper1111</Name>
         <X>230</X>
         <Y>983</Y>
         <Width>89</Width>
         <Height>48</Height>
      </Position>
      <Arrows>
         <Name>Add1</Name>
         <True-Arrow>
            <Type>3</Type>
            <DeltaX>0</DeltaX>
            <DeltaY>0</DeltaY>
         </True-Arrow>
         <False-Arrow>
            <Type>0</Type>
            <DeltaX>0</DeltaX>
            <DeltaY>0</DeltaY>
         </False-Arrow>
      </Arrows>
      <Arrows>
         <Name>Add11</Name>
         <True-Arrow>
            <Type>0</Type>
            <DeltaX>0</DeltaX>
            <DeltaY>0</DeltaY>
         </True-Arrow>
         <False-Arrow>
            <Type>0</Type>
            <DeltaX>0</DeltaX>
            <DeltaY>0</DeltaY>
         </False-Arrow>
      </Arrows>
      <Arrows>
         <Name>Equal</Name>
         <True-Arrow>
            <Type>0</Type>
            <DeltaX>0</DeltaX>
            <DeltaY>0</DeltaY>
         </True-Arrow>
         <False-Arrow>
            <Type>2</Type>
            <DeltaX>0</DeltaX>
            <DeltaY>0</DeltaY>
         </False-Arrow>
      </Arrows>
      <Arrows>
         <Name>Equal51</Name>
         <True-Arrow>
            <Type>0</Type>
            <DeltaX>0</DeltaX>
            <DeltaY>0</DeltaY>
         </True-Arrow>
         <False-Arrow>
            <Type>0</Type>
            <DeltaX>0</DeltaX>
            <DeltaY>0</DeltaY>
         </False-Arrow>
      </Arrows>
      <Arrows>
         <Name>Equal511</Name>
         <True-Arrow>
            <Type>0</Type>
            <DeltaX>0</DeltaX>
            <DeltaY>0</DeltaY>
         </True-Arrow>
         <False-Arrow>
            <Type>2</Type>
            <DeltaX>0</DeltaX>
            <DeltaY>0</DeltaY>
         </False-Arrow>
      </Arrows>
      <Arrows>
         <Name>ForEach</Name>
         <True-Arrow>
            <Type>3</Type>
            <DeltaX>0</DeltaX>
            <DeltaY>0</DeltaY>
         </True-Arrow>
         <False-Arrow>
            <Type>0</Type>
            <DeltaX>0</DeltaX>
            <DeltaY>0</DeltaY>
         </False-Arrow>
      </Arrows>
      <Arrows>
         <Name>GenericJavaHashMap1</Name>
         <True-Arrow>
            <Type>0</Type>
            <DeltaX>0</DeltaX>
            <DeltaY>0</DeltaY>
         </True-Arrow>
         <False-Arrow>
            <Type>0</Type>
            <DeltaX>0</DeltaX>
            <DeltaY>0</DeltaY>
         </False-Arrow>
      </Arrows>
      <Arrows>
         <Name>GenericJavaHashMap21</Name>
         <True-Arrow>
            <Type>2</Type>
            <DeltaX>0</DeltaX>
            <DeltaY>0</DeltaY>
         </True-Arrow>
         <False-Arrow>
            <Type>0</Type>
            <DeltaX>0</DeltaX>
            <DeltaY>0</DeltaY>
         </False-Arrow>
      </Arrows>
      <Arrows>
         <Name>HTTPRequest11</Name>
         <True-Arrow>
            <Type>0</Type>
            <DeltaX>0</DeltaX>
            <DeltaY>0</DeltaY>
         </True-Arrow>
         <False-Arrow>
            <Type>0</Type>
            <DeltaX>0</DeltaX>
            <DeltaY>0</DeltaY>
         </False-Arrow>
      </Arrows>
      <Arrows>
         <Name>HTTPRequest111</Name>
         <True-Arrow>
            <Type>0</Type>
            <DeltaX>0</DeltaX>
            <DeltaY>0</DeltaY>
         </True-Arrow>
         <False-Arrow>
            <Type>0</Type>
            <DeltaX>0</DeltaX>
            <DeltaY>0</DeltaY>
         </False-Arrow>
      </Arrows>
      <Arrows>
         <Name>IsTrue</Name>
         <True-Arrow>
            <Type>0</Type>
            <DeltaX>0</DeltaX>
            <DeltaY>0</DeltaY>
         </True-Arrow>
         <False-Arrow>
            <Type>0</Type>
            <DeltaX>0</DeltaX>
            <DeltaY>0</DeltaY>
         </False-Arrow>
      </Arrows>
      <Arrows>
         <Name>Java</Name>
         <True-Arrow>
            <Type>0</Type>
            <DeltaX>0</DeltaX>
            <DeltaY>0</DeltaY>
         </True-Arrow>
         <False-Arrow>
            <Type>0</Type>
            <DeltaX>0</DeltaX>
            <DeltaY>0</DeltaY>
         </False-Arrow>
      </Arrows>
      <Arrows>
         <Name>Java2</Name>
         <True-Arrow>
            <Type>0</Type>
            <DeltaX>0</DeltaX>
            <DeltaY>0</DeltaY>
         </True-Arrow>
         <False-Arrow>
            <Type>0</Type>
            <DeltaX>0</DeltaX>
            <DeltaY>0</DeltaY>
         </False-Arrow>
      </Arrows>
      <Arrows>
         <Name>JavaRule</Name>
         <True-Arrow>
            <Type>1</Type>
            <DeltaX>2</DeltaX>
            <DeltaY>2</DeltaY>
         </True-Arrow>
         <False-Arrow>
            <Type>0</Type>
            <DeltaX>0</DeltaX>
            <DeltaY>0</DeltaY>
         </False-Arrow>
      </Arrows>
      <Arrows>
         <Name>Log</Name>
         <True-Arrow>
            <Type>0</Type>
            <DeltaX>0</DeltaX>
            <DeltaY>0</DeltaY>
         </True-Arrow>
         <False-Arrow>
            <Type>0</Type>
            <DeltaX>0</DeltaX>
            <DeltaY>0</DeltaY>
         </False-Arrow>
      </Arrows>
      <Arrows>
         <Name>Log2</Name>
         <True-Arrow>
            <Type>0</Type>
            <DeltaX>0</DeltaX>
            <DeltaY>0</DeltaY>
         </True-Arrow>
         <False-Arrow>
            <Type>0</Type>
            <DeltaX>0</DeltaX>
            <DeltaY>0</DeltaY>
         </False-Arrow>
      </Arrows>
      <Arrows>
         <Name>Log3</Name>
         <True-Arrow>
            <Type>0</Type>
            <DeltaX>0</DeltaX>
            <DeltaY>0</DeltaY>
         </True-Arrow>
         <False-Arrow>
            <Type>0</Type>
            <DeltaX>0</DeltaX>
            <DeltaY>0</DeltaY>
         </False-Arrow>
      </Arrows>
      <Arrows>
         <Name>Log31</Name>
         <True-Arrow>
            <Type>0</Type>
            <DeltaX>0</DeltaX>
            <DeltaY>0</DeltaY>
         </True-Arrow>
         <False-Arrow>
            <Type>0</Type>
            <DeltaX>0</DeltaX>
            <DeltaY>0</DeltaY>
         </False-Arrow>
      </Arrows>
      <Arrows>
         <Name>Log311</Name>
         <True-Arrow>
            <Type>0</Type>
            <DeltaX>0</DeltaX>
            <DeltaY>0</DeltaY>
         </True-Arrow>
         <False-Arrow>
            <Type>0</Type>
            <DeltaX>0</DeltaX>
            <DeltaY>0</DeltaY>
         </False-Arrow>
      </Arrows>
      <Arrows>
         <Name>Log3111</Name>
         <True-Arrow>
            <Type>0</Type>
            <DeltaX>0</DeltaX>
            <DeltaY>0</DeltaY>
         </True-Arrow>
         <False-Arrow>
            <Type>0</Type>
            <DeltaX>0</DeltaX>
            <DeltaY>0</DeltaY>
         </False-Arrow>
      </Arrows>
      <Arrows>
         <Name>Log31111</Name>
         <True-Arrow>
            <Type>0</Type>
            <DeltaX>0</DeltaX>
            <DeltaY>0</DeltaY>
         </True-Arrow>
         <False-Arrow>
            <Type>0</Type>
            <DeltaX>0</DeltaX>
            <DeltaY>0</DeltaY>
         </False-Arrow>
      </Arrows>
      <Arrows>
         <Name>Log31112</Name>
         <True-Arrow>
            <Type>0</Type>
            <DeltaX>0</DeltaX>
            <DeltaY>0</DeltaY>
         </True-Arrow>
         <False-Arrow>
            <Type>0</Type>
            <DeltaX>0</DeltaX>
            <DeltaY>0</DeltaY>
         </False-Arrow>
      </Arrows>
      <Arrows>
         <Name>Log311121</Name>
         <True-Arrow>
            <Type>0</Type>
            <DeltaX>0</DeltaX>
            <DeltaY>0</DeltaY>
         </True-Arrow>
         <False-Arrow>
            <Type>0</Type>
            <DeltaX>0</DeltaX>
            <DeltaY>0</DeltaY>
         </False-Arrow>
      </Arrows>
      <Arrows>
         <Name>Log3112</Name>
         <True-Arrow>
            <Type>0</Type>
            <DeltaX>0</DeltaX>
            <DeltaY>0</DeltaY>
         </True-Arrow>
         <False-Arrow>
            <Type>0</Type>
            <DeltaX>0</DeltaX>
            <DeltaY>0</DeltaY>
         </False-Arrow>
      </Arrows>
      <Arrows>
         <Name>Log312</Name>
         <True-Arrow>
            <Type>0</Type>
            <DeltaX>0</DeltaX>
            <DeltaY>0</DeltaY>
         </True-Arrow>
         <False-Arrow>
            <Type>0</Type>
            <DeltaX>0</DeltaX>
            <DeltaY>0</DeltaY>
         </False-Arrow>
      </Arrows>
      <Arrows>
         <Name>Log32</Name>
         <True-Arrow>
            <Type>0</Type>
            <DeltaX>0</DeltaX>
            <DeltaY>0</DeltaY>
         </True-Arrow>
         <False-Arrow>
            <Type>0</Type>
            <DeltaX>0</DeltaX>
            <DeltaY>0</DeltaY>
         </False-Arrow>
      </Arrows>
      <Arrows>
         <Name>MapDataOK?11</Name>
         <True-Arrow>
            <Type>0</Type>
            <DeltaX>0</DeltaX>
            <DeltaY>0</DeltaY>
         </True-Arrow>
         <False-Arrow>
            <Type>0</Type>
            <DeltaX>0</DeltaX>
            <DeltaY>0</DeltaY>
         </False-Arrow>
      </Arrows>
      <Arrows>
         <Name>MapDataOK?111</Name>
         <True-Arrow>
            <Type>0</Type>
            <DeltaX>0</DeltaX>
            <DeltaY>0</DeltaY>
         </True-Arrow>
         <False-Arrow>
            <Type>3</Type>
            <DeltaX>0</DeltaX>
            <DeltaY>0</DeltaY>
         </False-Arrow>
      </Arrows>
      <Arrows>
         <Name>MapResult211</Name>
         <True-Arrow>
            <Type>0</Type>
            <DeltaX>0</DeltaX>
            <DeltaY>0</DeltaY>
         </True-Arrow>
         <False-Arrow>
            <Type>0</Type>
            <DeltaX>0</DeltaX>
            <DeltaY>0</DeltaY>
         </False-Arrow>
      </Arrows>
      <Arrows>
         <Name>MapResult2111</Name>
         <True-Arrow>
            <Type>0</Type>
            <DeltaX>0</DeltaX>
            <DeltaY>0</DeltaY>
         </True-Arrow>
         <False-Arrow>
            <Type>0</Type>
            <DeltaX>0</DeltaX>
            <DeltaY>0</DeltaY>
         </False-Arrow>
      </Arrows>
      <Arrows>
         <Name>MapSSW9.11</Name>
         <True-Arrow>
            <Type>0</Type>
            <DeltaX>0</DeltaX>
            <DeltaY>0</DeltaY>
         </True-Arrow>
         <False-Arrow>
            <Type>0</Type>
            <DeltaX>0</DeltaX>
            <DeltaY>0</DeltaY>
         </False-Arrow>
      </Arrows>
      <Arrows>
         <Name>MsgHTTP11</Name>
         <True-Arrow>
            <Type>0</Type>
            <DeltaX>0</DeltaX>
            <DeltaY>0</DeltaY>
         </True-Arrow>
         <False-Arrow>
            <Type>0</Type>
            <DeltaX>0</DeltaX>
            <DeltaY>0</DeltaY>
         </False-Arrow>
      </Arrows>
      <Arrows>
         <Name>MsgSSW1511</Name>
         <True-Arrow>
            <Type>0</Type>
            <DeltaX>0</DeltaX>
            <DeltaY>0</DeltaY>
         </True-Arrow>
         <False-Arrow>
            <Type>0</Type>
            <DeltaX>0</DeltaX>
            <DeltaY>0</DeltaY>
         </False-Arrow>
      </Arrows>
      <Arrows>
         <Name>MsgSSW15111</Name>
         <True-Arrow>
            <Type>0</Type>
            <DeltaX>0</DeltaX>
            <DeltaY>0</DeltaY>
         </True-Arrow>
         <False-Arrow>
            <Type>0</Type>
            <DeltaX>0</DeltaX>
            <DeltaY>0</DeltaY>
         </False-Arrow>
      </Arrows>
      <Arrows>
         <Name>MsgSSW711</Name>
         <True-Arrow>
            <Type>0</Type>
            <DeltaX>0</DeltaX>
            <DeltaY>0</DeltaY>
         </True-Arrow>
         <False-Arrow>
            <Type>0</Type>
            <DeltaX>0</DeltaX>
            <DeltaY>0</DeltaY>
         </False-Arrow>
      </Arrows>
      <Arrows>
         <Name>MsgSSW7111</Name>
         <True-Arrow>
            <Type>0</Type>
            <DeltaX>0</DeltaX>
            <DeltaY>0</DeltaY>
         </True-Arrow>
         <False-Arrow>
            <Type>0</Type>
            <DeltaX>0</DeltaX>
            <DeltaY>0</DeltaY>
         </False-Arrow>
      </Arrows>
      <Arrows>
         <Name>NumberTelephone11</Name>
         <True-Arrow>
            <Type>0</Type>
            <DeltaX>0</DeltaX>
            <DeltaY>0</DeltaY>
         </True-Arrow>
         <False-Arrow>
            <Type>0</Type>
            <DeltaX>0</DeltaX>
            <DeltaY>0</DeltaY>
         </False-Arrow>
      </Arrows>
      <Arrows>
         <Name>PutMessage</Name>
         <True-Arrow>
            <Type>0</Type>
            <DeltaX>0</DeltaX>
            <DeltaY>0</DeltaY>
         </True-Arrow>
         <False-Arrow>
            <Type>0</Type>
            <DeltaX>0</DeltaX>
            <DeltaY>0</DeltaY>
         </False-Arrow>
      </Arrows>
      <Arrows>
         <Name>PutMessage10</Name>
         <True-Arrow>
            <Type>0</Type>
            <DeltaX>0</DeltaX>
            <DeltaY>0</DeltaY>
         </True-Arrow>
         <False-Arrow>
            <Type>0</Type>
            <DeltaX>0</DeltaX>
            <DeltaY>0</DeltaY>
         </False-Arrow>
      </Arrows>
      <Arrows>
         <Name>PutMessage11</Name>
         <True-Arrow>
            <Type>0</Type>
            <DeltaX>0</DeltaX>
            <DeltaY>0</DeltaY>
         </True-Arrow>
         <False-Arrow>
            <Type>0</Type>
            <DeltaX>0</DeltaX>
            <DeltaY>0</DeltaY>
         </False-Arrow>
      </Arrows>
      <Arrows>
         <Name>PutMessage3</Name>
         <True-Arrow>
            <Type>0</Type>
            <DeltaX>0</DeltaX>
            <DeltaY>0</DeltaY>
         </True-Arrow>
         <False-Arrow>
            <Type>0</Type>
            <DeltaX>0</DeltaX>
            <DeltaY>0</DeltaY>
         </False-Arrow>
      </Arrows>
      <Arrows>
         <Name>PutMessage4</Name>
         <True-Arrow>
            <Type>0</Type>
            <DeltaX>0</DeltaX>
            <DeltaY>0</DeltaY>
         </True-Arrow>
         <False-Arrow>
            <Type>0</Type>
            <DeltaX>0</DeltaX>
            <DeltaY>0</DeltaY>
         </False-Arrow>
      </Arrows>
      <Arrows>
         <Name>PutMessage6</Name>
         <True-Arrow>
            <Type>0</Type>
            <DeltaX>0</DeltaX>
            <DeltaY>0</DeltaY>
         </True-Arrow>
         <False-Arrow>
            <Type>0</Type>
            <DeltaX>0</DeltaX>
            <DeltaY>0</DeltaY>
         </False-Arrow>
      </Arrows>
      <Arrows>
         <Name>PutMessage7</Name>
         <True-Arrow>
            <Type>0</Type>
            <DeltaX>0</DeltaX>
            <DeltaY>0</DeltaY>
         </True-Arrow>
         <False-Arrow>
            <Type>0</Type>
            <DeltaX>0</DeltaX>
            <DeltaY>0</DeltaY>
         </False-Arrow>
      </Arrows>
      <Arrows>
         <Name>PutMessage71</Name>
         <True-Arrow>
            <Type>0</Type>
            <DeltaX>0</DeltaX>
            <DeltaY>0</DeltaY>
         </True-Arrow>
         <False-Arrow>
            <Type>0</Type>
            <DeltaX>0</DeltaX>
            <DeltaY>0</DeltaY>
         </False-Arrow>
      </Arrows>
      <Arrows>
         <Name>PutMessage8</Name>
         <True-Arrow>
            <Type>0</Type>
            <DeltaX>0</DeltaX>
            <DeltaY>0</DeltaY>
         </True-Arrow>
         <False-Arrow>
            <Type>0</Type>
            <DeltaX>0</DeltaX>
            <DeltaY>0</DeltaY>
         </False-Arrow>
      </Arrows>
      <Arrows>
         <Name>SSW Available11</Name>
         <True-Arrow>
            <Type>0</Type>
            <DeltaX>0</DeltaX>
            <DeltaY>0</DeltaY>
         </True-Arrow>
         <False-Arrow>
            <Type>0</Type>
            <DeltaX>0</DeltaX>
            <DeltaY>0</DeltaY>
         </False-Arrow>
      </Arrows>
      <Arrows>
         <Name>SSW Available111</Name>
         <True-Arrow>
            <Type>0</Type>
            <DeltaX>0</DeltaX>
            <DeltaY>0</DeltaY>
         </True-Arrow>
         <False-Arrow>
            <Type>0</Type>
            <DeltaX>0</DeltaX>
            <DeltaY>0</DeltaY>
         </False-Arrow>
      </Arrows>
      <Arrows>
         <Name>Switch2</Name>
         <True-Arrow>
            <Type>0</Type>
            <DeltaX>0</DeltaX>
            <DeltaY>0</DeltaY>
         </True-Arrow>
         <False-Arrow>
            <Type>0</Type>
            <DeltaX>0</DeltaX>
            <DeltaY>0</DeltaY>
         </False-Arrow>
         <Switch-Arrow>
            <Default-Arrow>
               <Type>2</Type>
               <DeltaX>0</DeltaX>
               <DeltaY>0</DeltaY>
            </Default-Arrow>
            <Case-Arrow>
               <Name>case0</Name>
               <Type>2</Type>
               <DeltaX>0</DeltaX>
               <DeltaY>0</DeltaY>
            </Case-Arrow>
            <Case-Arrow>
               <Name>case1</Name>
               <Type>2</Type>
               <DeltaX>0</DeltaX>
               <DeltaY>0</DeltaY>
            </Case-Arrow>
            <Case-Arrow>
               <Name>case2</Name>
               <Type>2</Type>
               <DeltaX>0</DeltaX>
               <DeltaY>0</DeltaY>
            </Case-Arrow>
            <Case-Arrow>
               <Name>case3</Name>
               <Type>2</Type>
               <DeltaX>0</DeltaX>
               <DeltaY>0</DeltaY>
            </Case-Arrow>
            <Case-Arrow>
               <Name>case4</Name>
               <Type>2</Type>
               <DeltaX>0</DeltaX>
               <DeltaY>0</DeltaY>
            </Case-Arrow>
            <Case-Arrow>
               <Name>case5</Name>
               <Type>2</Type>
               <DeltaX>0</DeltaX>
               <DeltaY>0</DeltaY>
            </Case-Arrow>
            <Case-Arrow>
               <Name>case6</Name>
               <Type>3</Type>
               <DeltaX>0</DeltaX>
               <DeltaY>0</DeltaY>
            </Case-Arrow>
            <Case-Arrow>
               <Name>case7</Name>
               <Type>3</Type>
               <DeltaX>0</DeltaX>
               <DeltaY>0</DeltaY>
            </Case-Arrow>
            <Case-Arrow>
               <Name>case8</Name>
               <Type>3</Type>
               <DeltaX>0</DeltaX>
               <DeltaY>0</DeltaY>
            </Case-Arrow>
            <Case-Arrow>
               <Name>case10</Name>
               <Type>3</Type>
               <DeltaX>0</DeltaX>
               <DeltaY>0</DeltaY>
            </Case-Arrow>
            <Case-Arrow>
               <Name>case9</Name>
               <Type>3</Type>
               <DeltaX>0</DeltaX>
               <DeltaY>0</DeltaY>
            </Case-Arrow>
            <Case-Arrow>
               <Name>case11</Name>
               <Type>3</Type>
               <DeltaX>0</DeltaX>
               <DeltaY>0</DeltaY>
            </Case-Arrow>
         </Switch-Arrow>
      </Arrows>
      <Arrows>
         <Name>TransformXML</Name>
         <True-Arrow>
            <Type>0</Type>
            <DeltaX>0</DeltaX>
            <DeltaY>0</DeltaY>
         </True-Arrow>
         <False-Arrow>
            <Type>0</Type>
            <DeltaX>0</DeltaX>
            <DeltaY>0</DeltaY>
         </False-Arrow>
      </Arrows>
      <Arrows>
         <Name>TransformXML1</Name>
         <True-Arrow>
            <Type>0</Type>
            <DeltaX>0</DeltaX>
            <DeltaY>0</DeltaY>
         </True-Arrow>
         <False-Arrow>
            <Type>0</Type>
            <DeltaX>0</DeltaX>
            <DeltaY>0</DeltaY>
         </False-Arrow>
      </Arrows>
      <Arrows>
         <Name>VariableMapper10</Name>
         <True-Arrow>
            <Type>3</Type>
            <DeltaX>0</DeltaX>
            <DeltaY>0</DeltaY>
         </True-Arrow>
         <False-Arrow>
            <Type>0</Type>
            <DeltaX>0</DeltaX>
            <DeltaY>0</DeltaY>
         </False-Arrow>
      </Arrows>
      <Arrows>
         <Name>VariableMapper11</Name>
         <True-Arrow>
            <Type>3</Type>
            <DeltaX>0</DeltaX>
            <DeltaY>0</DeltaY>
         </True-Arrow>
         <False-Arrow>
            <Type>0</Type>
            <DeltaX>0</DeltaX>
            <DeltaY>0</DeltaY>
         </False-Arrow>
      </Arrows>
      <Arrows>
         <Name>VariableMapper12</Name>
         <True-Arrow>
            <Type>3</Type>
            <DeltaX>0</DeltaX>
            <DeltaY>0</DeltaY>
         </True-Arrow>
         <False-Arrow>
            <Type>0</Type>
            <DeltaX>0</DeltaX>
            <DeltaY>0</DeltaY>
         </False-Arrow>
      </Arrows>
      <Arrows>
         <Name>VariableMapper13</Name>
         <True-Arrow>
            <Type>3</Type>
            <DeltaX>0</DeltaX>
            <DeltaY>0</DeltaY>
         </True-Arrow>
         <False-Arrow>
            <Type>0</Type>
            <DeltaX>0</DeltaX>
            <DeltaY>0</DeltaY>
         </False-Arrow>
      </Arrows>
      <Arrows>
         <Name>VariableMapper14</Name>
         <True-Arrow>
            <Type>3</Type>
            <DeltaX>0</DeltaX>
            <DeltaY>0</DeltaY>
         </True-Arrow>
         <False-Arrow>
            <Type>0</Type>
            <DeltaX>0</DeltaX>
            <DeltaY>0</DeltaY>
         </False-Arrow>
      </Arrows>
      <Arrows>
         <Name>VariableMapper15</Name>
         <True-Arrow>
            <Type>3</Type>
            <DeltaX>0</DeltaX>
            <DeltaY>0</DeltaY>
         </True-Arrow>
         <False-Arrow>
            <Type>0</Type>
            <DeltaX>0</DeltaX>
            <DeltaY>0</DeltaY>
         </False-Arrow>
      </Arrows>
      <Arrows>
         <Name>VariableMapper16</Name>
         <True-Arrow>
            <Type>2</Type>
            <DeltaX>0</DeltaX>
            <DeltaY>0</DeltaY>
         </True-Arrow>
         <False-Arrow>
            <Type>0</Type>
            <DeltaX>0</DeltaX>
            <DeltaY>0</DeltaY>
         </False-Arrow>
      </Arrows>
      <Arrows>
         <Name>VariableMapper17</Name>
         <True-Arrow>
            <Type>2</Type>
            <DeltaX>0</DeltaX>
            <DeltaY>0</DeltaY>
         </True-Arrow>
         <False-Arrow>
            <Type>0</Type>
            <DeltaX>0</DeltaX>
            <DeltaY>0</DeltaY>
         </False-Arrow>
      </Arrows>
      <Arrows>
         <Name>VariableMapper18</Name>
         <True-Arrow>
            <Type>2</Type>
            <DeltaX>0</DeltaX>
            <DeltaY>0</DeltaY>
         </True-Arrow>
         <False-Arrow>
            <Type>0</Type>
            <DeltaX>0</DeltaX>
            <DeltaY>0</DeltaY>
         </False-Arrow>
      </Arrows>
      <Arrows>
         <Name>VariableMapper21</Name>
         <True-Arrow>
            <Type>0</Type>
            <DeltaX>0</DeltaX>
            <DeltaY>0</DeltaY>
         </True-Arrow>
         <False-Arrow>
            <Type>0</Type>
            <DeltaX>0</DeltaX>
            <DeltaY>0</DeltaY>
         </False-Arrow>
      </Arrows>
      <Arrows>
         <Name>VariableMapper31</Name>
         <True-Arrow>
            <Type>0</Type>
            <DeltaX>0</DeltaX>
            <DeltaY>0</DeltaY>
         </True-Arrow>
         <False-Arrow>
            <Type>0</Type>
            <DeltaX>0</DeltaX>
            <DeltaY>0</DeltaY>
         </False-Arrow>
      </Arrows>
      <Arrows>
         <Name>VariableMapper311</Name>
         <True-Arrow>
            <Type>0</Type>
            <DeltaX>0</DeltaX>
            <DeltaY>0</DeltaY>
         </True-Arrow>
         <False-Arrow>
            <Type>0</Type>
            <DeltaX>0</DeltaX>
            <DeltaY>0</DeltaY>
         </False-Arrow>
      </Arrows>
      <Arrows>
         <Name>VariableMapper4</Name>
         <True-Arrow>
            <Type>0</Type>
            <DeltaX>0</DeltaX>
            <DeltaY>0</DeltaY>
         </True-Arrow>
         <False-Arrow>
            <Type>0</Type>
            <DeltaX>0</DeltaX>
            <DeltaY>0</DeltaY>
         </False-Arrow>
      </Arrows>
      <Arrows>
         <Name>VariableMapper7</Name>
         <True-Arrow>
            <Type>3</Type>
            <DeltaX>0</DeltaX>
            <DeltaY>0</DeltaY>
         </True-Arrow>
         <False-Arrow>
            <Type>0</Type>
            <DeltaX>0</DeltaX>
            <DeltaY>0</DeltaY>
         </False-Arrow>
      </Arrows>
      <Arrows>
         <Name>VariableMapper7311</Name>
         <True-Arrow>
            <Type>0</Type>
            <DeltaX>0</DeltaX>
            <DeltaY>0</DeltaY>
         </True-Arrow>
         <False-Arrow>
            <Type>0</Type>
            <DeltaX>0</DeltaX>
            <DeltaY>0</DeltaY>
         </False-Arrow>
      </Arrows>
      <Arrows>
         <Name>VariableMapper73111</Name>
         <True-Arrow>
            <Type>0</Type>
            <DeltaX>0</DeltaX>
            <DeltaY>0</DeltaY>
         </True-Arrow>
         <False-Arrow>
            <Type>0</Type>
            <DeltaX>0</DeltaX>
            <DeltaY>0</DeltaY>
         </False-Arrow>
      </Arrows>
      <Arrows>
         <Name>VariableMapper741</Name>
         <True-Arrow>
            <Type>2</Type>
            <DeltaX>0</DeltaX>
            <DeltaY>0</DeltaY>
         </True-Arrow>
         <False-Arrow>
            <Type>0</Type>
            <DeltaX>0</DeltaX>
            <DeltaY>0</DeltaY>
         </False-Arrow>
      </Arrows>
      <Arrows>
         <Name>VariableMapper7411</Name>
         <True-Arrow>
            <Type>2</Type>
            <DeltaX>0</DeltaX>
            <DeltaY>0</DeltaY>
         </True-Arrow>
         <False-Arrow>
            <Type>0</Type>
            <DeltaX>0</DeltaX>
            <DeltaY>0</DeltaY>
         </False-Arrow>
      </Arrows>
      <Arrows>
         <Name>VariableMapper8</Name>
         <True-Arrow>
            <Type>2</Type>
            <DeltaX>0</DeltaX>
            <DeltaY>0</DeltaY>
         </True-Arrow>
         <False-Arrow>
            <Type>0</Type>
            <DeltaX>0</DeltaX>
            <DeltaY>0</DeltaY>
         </False-Arrow>
      </Arrows>
      <Arrows>
         <Name>VariableMapper81</Name>
         <True-Arrow>
            <Type>0</Type>
            <DeltaX>0</DeltaX>
            <DeltaY>0</DeltaY>
         </True-Arrow>
         <False-Arrow>
            <Type>0</Type>
            <DeltaX>0</DeltaX>
            <DeltaY>0</DeltaY>
         </False-Arrow>
      </Arrows>
      <Arrows>
         <Name>VariableMapper811</Name>
         <True-Arrow>
            <Type>3</Type>
            <DeltaX>0</DeltaX>
            <DeltaY>0</DeltaY>
         </True-Arrow>
         <False-Arrow>
            <Type>0</Type>
            <DeltaX>0</DeltaX>
            <DeltaY>0</DeltaY>
         </False-Arrow>
      </Arrows>
      <Arrows>
         <Name>VariableMapper9</Name>
         <True-Arrow>
            <Type>2</Type>
            <DeltaX>0</DeltaX>
            <DeltaY>0</DeltaY>
         </True-Arrow>
         <False-Arrow>
            <Type>0</Type>
            <DeltaX>0</DeltaX>
            <DeltaY>0</DeltaY>
         </False-Arrow>
      </Arrows>
      <Arrows>
         <Name>XMLMapper111</Name>
         <True-Arrow>
            <Type>0</Type>
            <DeltaX>0</DeltaX>
            <DeltaY>0</DeltaY>
         </True-Arrow>
         <False-Arrow>
            <Type>0</Type>
            <DeltaX>0</DeltaX>
            <DeltaY>0</DeltaY>
         </False-Arrow>
      </Arrows>
      <Arrows>
         <Name>XMLMapper1111</Name>
         <True-Arrow>
            <Type>0</Type>
            <DeltaX>0</DeltaX>
            <DeltaY>0</DeltaY>
         </True-Arrow>
         <False-Arrow>
            <Type>0</Type>
            <DeltaX>0</DeltaX>
            <DeltaY>0</DeltaY>
         </False-Arrow>
      </Arrows>
   </Coordinates>
</Workflow>